{"type":"FeatureCollection","features":[{"type":"Feature","geometry":{"coordinates":[[-6.584565,53.384584],[-6.584565,53.384584],[-6.584503,53.384604],[-6.584428,53.384671],[-6.584373,53.384719],[-6.583083,53.384273],[-6.582915,53.384213],[-6.58282,53.384176],[-6.582751,53.384128],[-6.582691,53.38403],[-6.583201,53.383883],[-6.583674,53.383739],[-6.583518,53.383484],[-6.583493,53.383438],[-6.583306,53.383185],[-6.583148,53.383029],[-6.58297,53.382785],[-6.582731,53.382499],[-6.582623,53.382372],[-6.582565,53.382274],[-6.582487,53.382207],[-6.58253,53.382182],[-6.582554,53.382141],[-6.582563,53.382115],[-6.582581,53.382055],[-6.582504,53.382034],[-6.582466,53.382012],[-6.582441,53.381984],[-6.58243,53.381953],[-6.582435,53.381921],[-6.582454,53.381891],[-6.582464,53.381882],[-6.582501,53.381796],[-6.582493,53.381688],[-6.582455,53.381648],[-6.582397,53.381602],[-6.582343,53.38158],[-6.582264,53.381579],[-6.582158,53.381577],[-6.582055,53.381543],[-6.581913,53.381545],[-6.581841,53.381546],[-6.581793,53.381547],[-6.581789,53.381643],[-6.581732,53.381638],[-6.581576,53.381623],[-6.581558,53.381621]],"type":"LineString"},"properties":{"hex_id":"89182c1a16bffff","service":"Food&Drinks","dest_id":"1","dest_name":"McDonald's","walk_min":6.78,"distance_m":565}},{"type":"Feature","geometry":{"coordinates":[[-6.576153,53.382683],[-6.576268,53.382648],[-6.577229,53.382374],[-6.577222,53.382343],[-6.57721,53.382319],[-6.576955,53.382056],[-6.576806,53.381829],[-6.576766,53.381768],[-6.576752,53.381723],[-6.576726,53.381641],[-6.576727,53.381547],[-6.576727,53.381517],[-6.576729,53.381489],[-6.577132,53.381502],[-6.577703,53.381535],[-6.577717,53.381475],[-6.578274,53.38152],[-6.578682,53.381575],[-6.579993,53.381742],[-6.580137,53.381708],[-6.580188,53.381684],[-6.580257,53.381625],[-6.58034,53.381603],[-6.580404,53.381585],[-6.580496,53.381571],[-6.580563,53.381568],[-6.580581,53.381567],[-6.5807,53.381562],[-6.580969,53.381559],[-6.581163,53.381558],[-6.581205,53.381556],[-6.581449,53.381553],[-6.581684,53.381549],[-6.581793,53.381547],[-6.581789,53.381643],[-6.581732,53.381638],[-6.581576,53.381623],[-6.581558,53.381621]],"type":"LineString"},"properties":{"hex_id":"89182c1a167ffff","service":"Food&Drinks","dest_id":"1","dest_name":"McDonald's","walk_min":6.76,"distance_m":564}},{"type":"Feature","geometry":{"coordinates":[[-6.59503,53.391614],[-6.594844,53.391612],[-6.594046,53.391697],[-6.593954,53.391691],[-6.593999,53.391401],[-6.593994,53.39135],[-6.594101,53.390924],[-6.594072,53.390869],[-6.594081,53.390817],[-6.594076,53.390641],[-6.594074,53.390544],[-6.594008,53.390316],[-6.593924,53.390113],[-6.593873,53.389991],[-6.593751,53.389801],[-6.593613,53.389619],[-6.593496,53.389501],[-6.5933,53.389319],[-6.593591,53.389167],[-6.59384,53.38906],[-6.594144,53.388954],[-6.594177,53.388943],[-6.594243,53.388919],[-6.594279,53.388911],[-6.594582,53.388851],[-6.595142,53.388715],[-6.595332,53.388657],[-6.595563,53.388584],[-6.595704,53.388533],[-6.595855,53.388485],[-6.596064,53.388437],[-6.596754,53.388346],[-6.597079,53.388288],[-6.596926,53.387989],[-6.596915,53.387966],[-6.596513,53.387286],[-6.596235,53.386752],[-6.595918,53.386174],[-6.595774,53.385889],[-6.59573,53.385851],[-6.595682,53.38577],[-6.595587,53.385607],[-6.595518,53.38549],[-6.595462,53.38539],[-6.595181,53.384892],[-6.595028,53.384616],[-6.594915,53.384439],[-6.594666,53.383991],[-6.594609,53.383893],[-6.594445,53.383613],[-6.594386,53.383469],[-6.594162,53.383085],[-6.594131,53.383031],[-6.593948,53.382741],[-6.593875,53.382644],[-6.593801,53.382546],[-6.593668,53.382395],[-6.593494,53.382187],[-6.593421,53.382098],[-6.593458,53.382081],[-6.593517,53.382063],[-6.593504,53.382028],[-6.593331,53.381829],[-6.593222,53.381668],[-6.593238,53.381644],[-6.593285,53.381651],[-6.593404,53.381615],[-6.593417,53.381605],[-6.593416,53.381586],[-6.593386,53.381593],[-6.593367,53.381557]],"type":"LineString"},"properties":{"hex_id":"89182c1a387ffff","service":"Food&Drinks","dest_id":"29","dest_name":"Coffee Mill","walk_min":17.31,"distance_m":1440}},{"type":"Feature","geometry":{"coordinates":[[-6.585873,53.381731],[-6.58589,53.381946],[-6.585833,53.381947],[-6.585724,53.381944],[-6.585715,53.381755],[-6.585687,53.381768],[-6.585695,53.38193],[-6.585459,53.381934]],"type":"LineString"},"properties":{"hex_id":"89182c1aed3ffff","service":"Food&Drinks","dest_id":"15","dest_name":"Costa","walk_min":1.11,"distance_m":92}},{"type":"Feature","geometry":{"coordinates":[[-6.595097,53.372727],[-6.595163,53.372645],[-6.595273,53.372472],[-6.595332,53.372272],[-6.595692,53.372283],[-6.595827,53.372285],[-6.595926,53.372304],[-6.596391,53.372391],[-6.596358,53.372475],[-6.596716,53.372547],[-6.596962,53.372598],[-6.597068,53.372616],[-6.597231,53.372643],[-6.597459,53.372708],[-6.59758,53.372735],[-6.597602,53.372701],[-6.597678,53.372719],[-6.597769,53.372736],[-6.597747,53.372777],[-6.597882,53.372806],[-6.597775,53.373029],[-6.597781,53.373085],[-6.598032,53.373068],[-6.598467,53.373059],[-6.598654,53.373056],[-6.598753,53.373038],[-6.598654,53.372983],[-6.598563,53.373009],[-6.598357,53.372986],[-6.598306,53.372977]],"type":"LineString"},"properties":{"hex_id":"89182c1ae43ffff","service":"Food&Drinks","dest_id":"42","dest_name":"Golden Palace Chinese Restaurant","walk_min":4.59,"distance_m":382}},{"type":"Feature","geometry":{"coordinates":[[-6.566085,53.364628],[-6.566075,53.364763],[-6.566048,53.365417],[-6.565996,53.366692],[-6.565991,53.366834],[-6.565997,53.366889],[-6.56604,53.366948],[-6.566102,53.366978],[-6.566183,53.366993],[-6.567038,53.367023],[-6.567547,53.367041],[-6.567762,53.367048],[-6.568705,53.367081],[-6.569815,53.367118],[-6.570872,53.367149],[-6.571138,53.367186],[-6.571245,53.367206],[-6.571755,53.367337],[-6.576137,53.368564],[-6.577226,53.368866],[-6.577593,53.368968],[-6.577924,53.36906],[-6.578873,53.369323],[-6.579422,53.369476],[-6.579633,53.369537],[-6.579694,53.369554],[-6.579787,53.369581],[-6.579877,53.369605],[-6.579905,53.369613],[-6.580014,53.369642],[-6.580281,53.369713],[-6.580514,53.369783],[-6.580725,53.369846],[-6.580801,53.369876],[-6.58094,53.369931],[-6.581101,53.370009],[-6.581186,53.370056],[-6.581284,53.370112],[-6.58133,53.370139],[-6.581384,53.37017],[-6.581752,53.370418],[-6.581926,53.370553],[-6.582131,53.370708],[-6.582514,53.370994],[-6.58369,53.371912],[-6.583998,53.372152],[-6.584367,53.372455],[-6.584595,53.372356],[-6.585114,53.372754],[-6.586199,53.373588],[-6.586312,53.373669],[-6.586612,53.373911],[-6.586718,53.374002],[-6.586791,53.374005],[-6.587096,53.373865],[-6.587183,53.373826],[-6.58731,53.373929],[-6.587608,53.373794]],"type":"LineString"},"properties":{"hex_id":"89182c1a8dbffff","service":"Food&Drinks","dest_id":"27","dest_name":"LANA","walk_min":24.17,"distance_m":2011}},{"type":"Feature","geometry":{"coordinates":[[-6.573777,53.387211],[-6.573968,53.387111],[-6.574045,53.387095],[-6.57415,53.387099],[-6.574236,53.387104],[-6.57429,53.387065],[-6.574333,53.386992],[-6.574351,53.386965],[-6.574357,53.386893],[-6.574359,53.386835],[-6.574191,53.386799],[-6.57413,53.386783],[-6.574064,53.386745],[-6.574031,53.386712],[-6.574001,53.386693],[-6.573734,53.38663],[-6.574247,53.386485],[-6.574769,53.386335],[-6.575206,53.386232],[-6.575328,53.386194],[-6.575399,53.386173],[-6.577023,53.385682],[-6.577468,53.385554],[-6.578466,53.385268],[-6.580431,53.384687],[-6.58099,53.384518],[-6.581785,53.384292],[-6.582691,53.38403],[-6.583201,53.383883],[-6.583674,53.383739],[-6.583518,53.383484],[-6.583493,53.383438],[-6.583306,53.383185],[-6.583148,53.383029],[-6.58297,53.382785],[-6.582731,53.382499],[-6.582623,53.382372],[-6.582565,53.382274],[-6.582487,53.382207],[-6.58253,53.382182],[-6.582554,53.382141],[-6.582563,53.382115],[-6.582581,53.382055],[-6.582504,53.382034],[-6.582466,53.382012],[-6.582441,53.381984],[-6.58243,53.381953],[-6.582435,53.381921],[-6.582454,53.381891],[-6.582464,53.381882],[-6.582501,53.381796],[-6.582493,53.381688],[-6.582455,53.381648],[-6.582397,53.381602],[-6.582343,53.38158],[-6.582264,53.381579],[-6.582158,53.381577],[-6.582055,53.381543],[-6.581913,53.381545],[-6.581841,53.381546],[-6.581793,53.381547],[-6.581789,53.381643],[-6.581732,53.381638],[-6.581576,53.381623],[-6.581558,53.381621]],"type":"LineString"},"properties":{"hex_id":"89182c1a10fffff","service":"Food&Drinks","dest_id":"1","dest_name":"McDonald's","walk_min":14.22,"distance_m":1185}},{"type":"Feature","geometry":{"coordinates":[[-6.572657,53.379925],[-6.572672,53.379927],[-6.573385,53.38],[-6.574685,53.380157],[-6.575269,53.380218],[-6.576101,53.380254],[-6.577088,53.380259],[-6.577938,53.380233],[-6.579311,53.380121],[-6.58017,53.379993],[-6.581611,53.379783],[-6.583156,53.379552],[-6.584993,53.379261],[-6.585064,53.379249],[-6.585722,53.379154],[-6.58667,53.37903],[-6.587062,53.378963],[-6.587137,53.378947],[-6.587451,53.378931],[-6.587715,53.378965],[-6.587896,53.378995],[-6.588006,53.379001],[-6.588023,53.379],[-6.588028,53.37903],[-6.588349,53.37946],[-6.588428,53.379539],[-6.588481,53.379637],[-6.588788,53.379929],[-6.588763,53.379938],[-6.588697,53.3799],[-6.588633,53.379931],[-6.588604,53.379946],[-6.58864,53.379977],[-6.588546,53.380033]],"type":"LineString"},"properties":{"hex_id":"89182c1ae93ffff","service":"Food&Drinks","dest_id":"22","dest_name":"Shoda Market Cafe","walk_min":14.27,"distance_m":1189}},{"type":"Feature","geometry":{"coordinates":[[-6.603861,53.374833],[-6.603337,53.374896],[-6.603286,53.374937],[-6.603093,53.374954],[-6.602882,53.37499],[-6.602841,53.374999],[-6.602646,53.375051],[-6.602426,53.375119],[-6.602275,53.375172],[-6.602107,53.375231],[-6.601975,53.375276],[-6.601795,53.37533],[-6.601501,53.375398],[-6.601255,53.375434],[-6.600891,53.375457],[-6.60059,53.375475],[-6.600526,53.375266],[-6.600478,53.375147],[-6.600367,53.374994],[-6.600192,53.374766],[-6.600079,53.374478],[-6.599974,53.374199],[-6.599833,53.373879],[-6.599744,53.373642],[-6.599612,53.373363],[-6.599585,53.373291],[-6.599403,53.373318],[-6.598986,53.37339],[-6.598455,53.373441],[-6.597641,53.373491],[-6.59757,53.373487],[-6.597312,53.373468],[-6.597365,53.373358],[-6.597438,53.373191],[-6.597492,53.373087],[-6.597781,53.373085],[-6.598032,53.373068],[-6.598467,53.373059],[-6.598654,53.373056],[-6.598753,53.373038],[-6.598654,53.372983],[-6.598563,53.373009],[-6.598357,53.372986],[-6.598306,53.372977]],"type":"LineString"},"properties":{"hex_id":"89182c18597ffff","service":"Food&Drinks","dest_id":"42","dest_name":"Golden Palace Chinese Restaurant","walk_min":9.61,"distance_m":801}},{"type":"Feature","geometry":{"coordinates":[[-6.6023,53.377485],[-6.601981,53.377594],[-6.601161,53.377886],[-6.600635,53.378072],[-6.60019,53.378195],[-6.600123,53.37821],[-6.599849,53.378316],[-6.599337,53.37853],[-6.59912,53.37862],[-6.599006,53.37866],[-6.598937,53.37868],[-6.599253,53.37907],[-6.599422,53.379277],[-6.599534,53.379415],[-6.599547,53.379455],[-6.599524,53.379485],[-6.59947,53.379505],[-6.599172,53.379567],[-6.599139,53.379578],[-6.598958,53.379621],[-6.598915,53.379663],[-6.598924,53.379749],[-6.59892,53.379778],[-6.598924,53.379827],[-6.598907,53.379865],[-6.59886,53.379889],[-6.598794,53.379937],[-6.598824,53.380071],[-6.598847,53.380127],[-6.59885,53.380177],[-6.598834,53.380216],[-6.598804,53.380248],[-6.59878,53.380275],[-6.598727,53.380319],[-6.598679,53.380364],[-6.598648,53.380385],[-6.598614,53.380415],[-6.598626,53.380447],[-6.59866,53.38051],[-6.598715,53.380579],[-6.598685,53.380587],[-6.598688,53.380621],[-6.598671,53.380647],[-6.598642,53.380664],[-6.598604,53.380677],[-6.598363,53.38074],[-6.598305,53.380754],[-6.598376,53.380826],[-6.598538,53.381018],[-6.598569,53.381053],[-6.598591,53.381082],[-6.598713,53.381237],[-6.598753,53.381211],[-6.599219,53.381047],[-6.599254,53.381066],[-6.599301,53.381131],[-6.599154,53.381174],[-6.599138,53.381158],[-6.59908,53.381171],[-6.599097,53.381195],[-6.598986,53.381226]],"type":"LineString"},"properties":{"hex_id":"89182c1a32fffff","service":"Food&Drinks","dest_id":"41","dest_name":"Starbucks","walk_min":8.31,"distance_m":693}},{"type":"Feature","geometry":{"coordinates":[[-6.608643,53.382005],[-6.608506,53.382041],[-6.608521,53.381954],[-6.608527,53.381924],[-6.608594,53.381733],[-6.608601,53.381665],[-6.608029,53.381644],[-6.607472,53.38161],[-6.60652,53.381542],[-6.60616,53.381529],[-6.605703,53.381523],[-6.605678,53.381523],[-6.605651,53.381524],[-6.60563,53.381524],[-6.605138,53.381538],[-6.604679,53.38157],[-6.604512,53.381587],[-6.603872,53.381653],[-6.603332,53.38172],[-6.602779,53.381783],[-6.602574,53.38181],[-6.601772,53.381892],[-6.601532,53.381916],[-6.601527,53.381951],[-6.601504,53.381984],[-6.601467,53.382011],[-6.601417,53.382031],[-6.60136,53.382041],[-6.601374,53.38208],[-6.601398,53.382181],[-6.601463,53.382181],[-6.601478,53.382181],[-6.601568,53.382335],[-6.601692,53.382401],[-6.601999,53.3824],[-6.60213,53.382379],[-6.602158,53.38238],[-6.602299,53.382384],[-6.60241,53.382384],[-6.602534,53.382401],[-6.602591,53.382421],[-6.602641,53.382438],[-6.602707,53.382474],[-6.602799,53.382539],[-6.602824,53.382557],[-6.602858,53.382604],[-6.602876,53.382624],[-6.602927,53.382681],[-6.602973,53.38273],[-6.603082,53.382877],[-6.603181,53.383015],[-6.603306,53.383162],[-6.603491,53.38309],[-6.603575,53.383081],[-6.603648,53.383053],[-6.603789,53.383011],[-6.603739,53.382943]],"type":"LineString"},"properties":{"hex_id":"89182c1a377ffff","service":"Food&Drinks","dest_id":"39","dest_name":"Maynooth Students’ Union Bar","walk_min":9.6,"distance_m":800}},{"type":"Feature","geometry":{"coordinates":[[-6.584089,53.376677],[-6.584608,53.376543],[-6.584697,53.37654],[-6.584833,53.376385],[-6.584989,53.376025],[-6.585075,53.376015],[-6.585252,53.375982],[-6.585724,53.375825],[-6.585693,53.375762],[-6.585526,53.37546],[-6.586004,53.37524],[-6.586348,53.37508],[-6.586707,53.37493],[-6.587143,53.375291],[-6.587169,53.375336],[-6.587569,53.375305],[-6.58775,53.375318],[-6.587792,53.375237],[-6.587825,53.37517],[-6.587895,53.375055],[-6.58793,53.374986],[-6.588016,53.374902],[-6.588105,53.374748],[-6.588197,53.374577],[-6.588285,53.374406],[-6.588164,53.374311],[-6.588237,53.374145]],"type":"LineString"},"properties":{"hex_id":"89182c1aec7ffff","service":"Food&Drinks","dest_id":"43","dest_name":"Romayo's","walk_min":6.41,"distance_m":534}},{"type":"Feature","geometry":{"coordinates":[[-6.589135,53.375997],[-6.589593,53.376509],[-6.589366,53.376585],[-6.589231,53.376625],[-6.589171,53.376644],[-6.589126,53.376657],[-6.588932,53.37672],[-6.588697,53.376796],[-6.588623,53.376816],[-6.588414,53.376884],[-6.588336,53.376909],[-6.588162,53.376967],[-6.587862,53.377067],[-6.587696,53.377105],[-6.587582,53.377111],[-6.587566,53.376876],[-6.587576,53.376668],[-6.587624,53.376341],[-6.587669,53.376173],[-6.587736,53.375988],[-6.587822,53.375731],[-6.587883,53.375588],[-6.588042,53.375288],[-6.588231,53.374943],[-6.588129,53.374924],[-6.588214,53.374773],[-6.588105,53.374748],[-6.588197,53.374577],[-6.588285,53.374406],[-6.588164,53.374311],[-6.588237,53.374145]],"type":"LineString"},"properties":{"hex_id":"89182c1aecfffff","service":"Food&Drinks","dest_id":"43","dest_name":"Romayo's","walk_min":6.8,"distance_m":567}},{"type":"Feature","geometry":{"coordinates":[[-6.613602,53.37322],[-6.613576,53.373222],[-6.613261,53.373237],[-6.612966,53.37341],[-6.612702,53.373515],[-6.6124,53.3736],[-6.611855,53.373725],[-6.611236,53.37391],[-6.610648,53.374076],[-6.61046,53.37413],[-6.610188,53.374113],[-6.61013,53.374084],[-6.609845,53.374055],[-6.609764,53.37407],[-6.608898,53.37421],[-6.608653,53.374257],[-6.60846,53.374294],[-6.608247,53.374336],[-6.607677,53.374447],[-6.607514,53.374474],[-6.607352,53.374494],[-6.607169,53.374512],[-6.606959,53.374525],[-6.606585,53.374539],[-6.606468,53.374544],[-6.606072,53.374556],[-6.605912,53.374566],[-6.605751,53.374583],[-6.605285,53.37465],[-6.605058,53.374688],[-6.604835,53.374727],[-6.60449,53.374792],[-6.604203,53.374836],[-6.603903,53.37487],[-6.603595,53.374908],[-6.603286,53.374937],[-6.603093,53.374954],[-6.602882,53.37499],[-6.602841,53.374999],[-6.602646,53.375051],[-6.602426,53.375119],[-6.602275,53.375172],[-6.602107,53.375231],[-6.601975,53.375276],[-6.601795,53.37533],[-6.601501,53.375398],[-6.601255,53.375434],[-6.600891,53.375457],[-6.60059,53.375475],[-6.600526,53.375266],[-6.600478,53.375147],[-6.600367,53.374994],[-6.600192,53.374766],[-6.600079,53.374478],[-6.599974,53.374199],[-6.599833,53.373879],[-6.599744,53.373642],[-6.599612,53.373363],[-6.599585,53.373291],[-6.599403,53.373318],[-6.598986,53.37339],[-6.598455,53.373441],[-6.597641,53.373491],[-6.59757,53.373487],[-6.597312,53.373468],[-6.597365,53.373358],[-6.597438,53.373191],[-6.597492,53.373087],[-6.597781,53.373085],[-6.598032,53.373068],[-6.598467,53.373059],[-6.598654,53.373056],[-6.598753,53.373038],[-6.598654,53.372983],[-6.598563,53.373009],[-6.598357,53.372986],[-6.598306,53.372977]],"type":"LineString"},"properties":{"hex_id":"89182c1858bffff","service":"Food&Drinks","dest_id":"42","dest_name":"Golden Palace Chinese Restaurant","walk_min":17.84,"distance_m":1487}},{"type":"Feature","geometry":{"coordinates":[[-6.594453,53.383626],[-6.594445,53.383613],[-6.594386,53.383469],[-6.594162,53.383085],[-6.594131,53.383031],[-6.593948,53.382741],[-6.593875,53.382644],[-6.593801,53.382546],[-6.593668,53.382395],[-6.593494,53.382187],[-6.593421,53.382098],[-6.593458,53.382081],[-6.593517,53.382063],[-6.593504,53.382028],[-6.593331,53.381829],[-6.593222,53.381668],[-6.593238,53.381644],[-6.593285,53.381651],[-6.593404,53.381615],[-6.593417,53.381605],[-6.593416,53.381586],[-6.593386,53.381593],[-6.593367,53.381557]],"type":"LineString"},"properties":{"hex_id":"89182c1a3afffff","service":"Food&Drinks","dest_id":"29","dest_name":"Coffee Mill","walk_min":3.21,"distance_m":264}},{"type":"Feature","geometry":{"coordinates":[[-6.569818,53.370075],[-6.569824,53.370064],[-6.570037,53.369659],[-6.570099,53.369514],[-6.570143,53.369403],[-6.57015,53.369363],[-6.570157,53.369292],[-6.570156,53.369203],[-6.57015,53.369117],[-6.570159,53.369009],[-6.570173,53.368952],[-6.570195,53.368844],[-6.570232,53.368744],[-6.570288,53.368615],[-6.570341,53.368524],[-6.570422,53.368399],[-6.570513,53.368259],[-6.570608,53.368117],[-6.570679,53.368],[-6.570814,53.367797],[-6.570879,53.367679],[-6.57093,53.367592],[-6.570985,53.367476],[-6.571041,53.367363],[-6.571138,53.367186],[-6.571245,53.367206],[-6.571755,53.367337],[-6.576137,53.368564],[-6.577226,53.368866],[-6.577593,53.368968],[-6.577924,53.36906],[-6.578873,53.369323],[-6.579422,53.369476],[-6.579633,53.369537],[-6.579694,53.369554],[-6.579787,53.369581],[-6.579877,53.369605],[-6.579905,53.369613],[-6.580014,53.369642],[-6.580281,53.369713],[-6.580514,53.369783],[-6.580725,53.369846],[-6.580801,53.369876],[-6.58094,53.369931],[-6.581101,53.370009],[-6.581186,53.370056],[-6.581284,53.370112],[-6.58133,53.370139],[-6.581384,53.37017],[-6.581752,53.370418],[-6.581926,53.370553],[-6.582131,53.370708],[-6.582514,53.370994],[-6.58369,53.371912],[-6.583998,53.372152],[-6.584367,53.372455],[-6.584595,53.372356],[-6.585114,53.372754],[-6.586199,53.373588],[-6.586312,53.373669],[-6.586612,53.373911],[-6.586718,53.374002],[-6.586791,53.374005],[-6.587096,53.373865],[-6.587183,53.373826],[-6.58731,53.373929],[-6.587608,53.373794]],"type":"LineString"},"properties":{"hex_id":"89182c1aea3ffff","service":"Food&Drinks","dest_id":"27","dest_name":"LANA","walk_min":20.98,"distance_m":1746}},{"type":"Feature","geometry":{"coordinates":[[-6.58229,53.388681],[-6.58229,53.388681],[-6.582458,53.38866],[-6.582648,53.388623],[-6.582782,53.38859],[-6.582862,53.388556],[-6.582961,53.388521],[-6.583188,53.388462],[-6.583427,53.388388],[-6.583686,53.388288],[-6.583888,53.388202],[-6.584096,53.388096],[-6.584147,53.388071],[-6.584783,53.387733],[-6.584921,53.387643],[-6.585161,53.387465],[-6.585309,53.387362],[-6.585309,53.387347],[-6.585581,53.387174],[-6.585584,53.387106],[-6.585766,53.386988],[-6.585825,53.386946],[-6.5862,53.386686],[-6.58648,53.38649],[-6.586608,53.386401],[-6.586714,53.386317],[-6.586784,53.386262],[-6.587161,53.385943],[-6.587483,53.385663],[-6.587974,53.385227],[-6.588003,53.385201],[-6.588125,53.385092],[-6.588219,53.385008],[-6.588395,53.38485],[-6.588426,53.384824],[-6.588489,53.384768],[-6.588602,53.384657],[-6.588686,53.384578],[-6.58882,53.384452],[-6.588886,53.384384],[-6.589019,53.384248],[-6.589069,53.384193],[-6.589284,53.383959],[-6.58942,53.383792],[-6.589532,53.383621],[-6.589591,53.38348],[-6.5896,53.383374],[-6.589596,53.383306],[-6.589574,53.38324],[-6.589165,53.382759],[-6.5892,53.382749],[-6.588891,53.382394],[-6.588853,53.382347],[-6.588836,53.38232],[-6.588843,53.382307],[-6.588887,53.382249],[-6.588746,53.382189],[-6.588772,53.382147],[-6.588707,53.382142],[-6.588678,53.382126],[-6.58865,53.382092],[-6.588623,53.382058],[-6.58861,53.382052]],"type":"LineString"},"properties":{"hex_id":"89182c1a147ffff","service":"Food&Drinks","dest_id":"9","dest_name":"Avenue","walk_min":11.55,"distance_m":960}},{"type":"Feature","geometry":{"coordinates":[[-6.608765,53.374235],[-6.608653,53.374257],[-6.60846,53.374294],[-6.608247,53.374336],[-6.607677,53.374447],[-6.607514,53.374474],[-6.607352,53.374494],[-6.607169,53.374512],[-6.606959,53.374525],[-6.606585,53.374539],[-6.606468,53.374544],[-6.606072,53.374556],[-6.605912,53.374566],[-6.605751,53.374583],[-6.605285,53.37465],[-6.605058,53.374688],[-6.604835,53.374727],[-6.60449,53.374792],[-6.604203,53.374836],[-6.603903,53.37487],[-6.603595,53.374908],[-6.603286,53.374937],[-6.603093,53.374954],[-6.602882,53.37499],[-6.602841,53.374999],[-6.602646,53.375051],[-6.602426,53.375119],[-6.602275,53.375172],[-6.602107,53.375231],[-6.601975,53.375276],[-6.601795,53.37533],[-6.601501,53.375398],[-6.601255,53.375434],[-6.600891,53.375457],[-6.60059,53.375475],[-6.600526,53.375266],[-6.600478,53.375147],[-6.600367,53.374994],[-6.600192,53.374766],[-6.600079,53.374478],[-6.599974,53.374199],[-6.599833,53.373879],[-6.599744,53.373642],[-6.599612,53.373363],[-6.599585,53.373291],[-6.599403,53.373318],[-6.598986,53.37339],[-6.598455,53.373441],[-6.597641,53.373491],[-6.59757,53.373487],[-6.597312,53.373468],[-6.597365,53.373358],[-6.597438,53.373191],[-6.597492,53.373087],[-6.597781,53.373085],[-6.598032,53.373068],[-6.598467,53.373059],[-6.598654,53.373056],[-6.598753,53.373038],[-6.598654,53.372983],[-6.598563,53.373009],[-6.598357,53.372986],[-6.598306,53.372977]],"type":"LineString"},"properties":{"hex_id":"89182c18583ffff","service":"Food&Drinks","dest_id":"42","dest_name":"Golden Palace Chinese Restaurant","walk_min":13.61,"distance_m":1134}},{"type":"Feature","geometry":{"coordinates":[[-6.569962,53.367122],[-6.570872,53.367149],[-6.571138,53.367186],[-6.571245,53.367206],[-6.571755,53.367337],[-6.576137,53.368564],[-6.577226,53.368866],[-6.577593,53.368968],[-6.577924,53.36906],[-6.578873,53.369323],[-6.579422,53.369476],[-6.579633,53.369537],[-6.579694,53.369554],[-6.579787,53.369581],[-6.579877,53.369605],[-6.579905,53.369613],[-6.580014,53.369642],[-6.580281,53.369713],[-6.580514,53.369783],[-6.580725,53.369846],[-6.580801,53.369876],[-6.58094,53.369931],[-6.581101,53.370009],[-6.581186,53.370056],[-6.581284,53.370112],[-6.58133,53.370139],[-6.581384,53.37017],[-6.581752,53.370418],[-6.581926,53.370553],[-6.582131,53.370708],[-6.582514,53.370994],[-6.58369,53.371912],[-6.583998,53.372152],[-6.584367,53.372455],[-6.584595,53.372356],[-6.585114,53.372754],[-6.586199,53.373588],[-6.586312,53.373669],[-6.586612,53.373911],[-6.586718,53.374002],[-6.586791,53.374005],[-6.587096,53.373865],[-6.587183,53.373826],[-6.58731,53.373929],[-6.587608,53.373794]],"type":"LineString"},"properties":{"hex_id":"89182c1aeafffff","service":"Food&Drinks","dest_id":"27","dest_name":"LANA","walk_min":17.9,"distance_m":1489}},{"type":"Feature","geometry":{"coordinates":[[-6.587461,53.378874],[-6.587457,53.378875],[-6.587171,53.378925],[-6.587137,53.378947],[-6.587451,53.378931],[-6.587715,53.378965],[-6.587896,53.378995],[-6.588006,53.379001],[-6.588023,53.379],[-6.588028,53.37903],[-6.588349,53.37946],[-6.588428,53.379539],[-6.588481,53.379637],[-6.588788,53.379929],[-6.588763,53.379938],[-6.588697,53.3799],[-6.588633,53.379931],[-6.588604,53.379946],[-6.58864,53.379977],[-6.588546,53.380033]],"type":"LineString"},"properties":{"hex_id":"89182c1aec3ffff","service":"Food&Drinks","dest_id":"22","dest_name":"Shoda Market Cafe","walk_min":2.74,"distance_m":228}},{"type":"Feature","geometry":{"coordinates":[[-6.600306,53.372374],[-6.600371,53.372405],[-6.600384,53.372456],[-6.599665,53.372862],[-6.599591,53.372823],[-6.59929,53.372676],[-6.598959,53.372524],[-6.598765,53.372575],[-6.598736,53.372566],[-6.598701,53.372592],[-6.598592,53.372536],[-6.598403,53.372465],[-6.597996,53.372329],[-6.597934,53.37231],[-6.59777,53.372551],[-6.597699,53.372683],[-6.597678,53.372719],[-6.597769,53.372736],[-6.597747,53.372777],[-6.597882,53.372806],[-6.597775,53.373029],[-6.597781,53.373085],[-6.598032,53.373068],[-6.598467,53.373059],[-6.598654,53.373056],[-6.598753,53.373038],[-6.598654,53.372983],[-6.598563,53.373009],[-6.598357,53.372986],[-6.598306,53.372977]],"type":"LineString"},"properties":{"hex_id":"89182c1ae4bffff","service":"Food&Drinks","dest_id":"42","dest_name":"Golden Palace Chinese Restaurant","walk_min":5.04,"distance_m":417}},{"type":"Feature","geometry":{"coordinates":[[-6.582107,53.379118],[-6.582107,53.379118],[-6.582152,53.379053],[-6.581898,53.378287],[-6.5824,53.378222],[-6.582736,53.37818],[-6.582899,53.378159],[-6.583506,53.378079],[-6.583559,53.378072],[-6.583908,53.378031],[-6.584789,53.377936],[-6.585229,53.377891],[-6.585783,53.377844],[-6.586366,53.377825],[-6.586573,53.377821],[-6.587073,53.377813],[-6.587414,53.377807],[-6.587449,53.377806],[-6.587531,53.378021],[-6.587616,53.378218],[-6.587658,53.378319],[-6.587719,53.378437],[-6.588001,53.378907],[-6.588066,53.379],[-6.588023,53.379],[-6.588028,53.37903],[-6.588349,53.37946],[-6.588428,53.379539],[-6.588481,53.379637],[-6.588788,53.379929],[-6.588763,53.379938],[-6.588697,53.3799],[-6.588633,53.379931],[-6.588604,53.379946],[-6.58864,53.379977],[-6.588546,53.380033]],"type":"LineString"},"properties":{"hex_id":"89182c1aed7ffff","service":"Food&Drinks","dest_id":"22","dest_name":"Shoda Market Cafe","walk_min":9.07,"distance_m":756}},{"type":"Feature","geometry":{"coordinates":[[-6.597442,53.378021],[-6.597247,53.37813],[-6.597314,53.378182],[-6.597392,53.378241],[-6.597421,53.378275],[-6.597585,53.378466],[-6.597708,53.378567],[-6.597514,53.378614],[-6.597193,53.378712],[-6.596819,53.37887],[-6.596859,53.378913],[-6.596917,53.378975],[-6.597012,53.379079],[-6.597031,53.379098],[-6.597069,53.37914],[-6.597083,53.379159],[-6.597116,53.379202],[-6.597238,53.379363],[-6.597414,53.379597],[-6.597583,53.379821],[-6.597707,53.379985],[-6.59774,53.380029],[-6.597791,53.380107],[-6.597824,53.380129],[-6.598057,53.380435],[-6.598131,53.380554],[-6.598198,53.380633],[-6.598305,53.380754],[-6.598376,53.380826],[-6.598538,53.381018],[-6.598569,53.381053],[-6.598591,53.381082],[-6.598713,53.381237],[-6.598753,53.381211],[-6.599219,53.381047],[-6.599254,53.381066],[-6.599301,53.381131],[-6.599154,53.381174],[-6.599138,53.381158],[-6.59908,53.381171],[-6.599097,53.381195],[-6.598986,53.381226]],"type":"LineString"},"properties":{"hex_id":"89182c1a327ffff","service":"Food&Drinks","dest_id":"41","dest_name":"Starbucks","walk_min":6.19,"distance_m":515}},{"type":"Feature","geometry":{"coordinates":[[-6.612764,53.369246],[-6.612906,53.369323],[-6.613032,53.369334],[-6.613171,53.36939],[-6.61326,53.369508],[-6.613413,53.36958],[-6.613845,53.369741],[-6.614661,53.370046],[-6.615603,53.370369],[-6.615833,53.370458],[-6.616121,53.370583],[-6.616226,53.370625],[-6.615987,53.370802],[-6.61497,53.371565],[-6.613555,53.372658],[-6.613228,53.372873],[-6.612858,53.373069],[-6.612472,53.373277],[-6.612042,53.373472],[-6.611557,53.373645],[-6.611073,53.373779],[-6.610461,53.373916],[-6.609845,53.374055],[-6.609764,53.37407],[-6.608898,53.37421],[-6.608653,53.374257],[-6.60846,53.374294],[-6.608247,53.374336],[-6.607677,53.374447],[-6.607514,53.374474],[-6.607352,53.374494],[-6.607169,53.374512],[-6.606959,53.374525],[-6.606585,53.374539],[-6.606468,53.374544],[-6.606072,53.374556],[-6.605912,53.374566],[-6.605751,53.374583],[-6.605285,53.37465],[-6.605058,53.374688],[-6.604835,53.374727],[-6.60449,53.374792],[-6.604203,53.374836],[-6.603903,53.37487],[-6.603595,53.374908],[-6.603286,53.374937],[-6.603093,53.374954],[-6.602882,53.37499],[-6.602841,53.374999],[-6.602646,53.375051],[-6.602426,53.375119],[-6.602275,53.375172],[-6.602107,53.375231],[-6.601975,53.375276],[-6.601795,53.37533],[-6.601501,53.375398],[-6.601255,53.375434],[-6.600891,53.375457],[-6.60059,53.375475],[-6.600526,53.375266],[-6.600478,53.375147],[-6.600367,53.374994],[-6.600192,53.374766],[-6.600079,53.374478],[-6.599974,53.374199],[-6.599833,53.373879],[-6.599744,53.373642],[-6.599612,53.373363],[-6.599585,53.373291],[-6.599403,53.373318],[-6.598986,53.37339],[-6.598455,53.373441],[-6.597641,53.373491],[-6.59757,53.373487],[-6.597312,53.373468],[-6.597365,53.373358],[-6.597438,53.373191],[-6.597492,53.373087],[-6.597781,53.373085],[-6.598032,53.373068],[-6.598467,53.373059],[-6.598654,53.373056],[-6.598753,53.373038],[-6.598654,53.372983],[-6.598563,53.373009],[-6.598357,53.372986],[-6.598306,53.372977]],"type":"LineString"},"properties":{"hex_id":"89182c1858fffff","service":"Food&Drinks","dest_id":"42","dest_name":"Golden Palace Chinese Restaurant","walk_min":24.87,"distance_m":2073}},{"type":"Feature","geometry":{"coordinates":[[-6.5832,53.368486],[-6.583031,53.368852],[-6.582972,53.368901],[-6.582875,53.368919],[-6.581963,53.36871],[-6.581676,53.368645],[-6.581566,53.368807],[-6.581476,53.3689],[-6.581083,53.369531],[-6.580879,53.369818],[-6.580979,53.369849],[-6.580967,53.369872],[-6.58094,53.369931],[-6.581101,53.370009],[-6.581186,53.370056],[-6.581284,53.370112],[-6.58133,53.370139],[-6.581384,53.37017],[-6.581752,53.370418],[-6.581926,53.370553],[-6.582131,53.370708],[-6.582514,53.370994],[-6.58369,53.371912],[-6.583998,53.372152],[-6.584367,53.372455],[-6.584595,53.372356],[-6.585114,53.372754],[-6.586199,53.373588],[-6.586312,53.373669],[-6.586612,53.373911],[-6.586718,53.374002],[-6.586791,53.374005],[-6.587096,53.373865],[-6.587183,53.373826],[-6.58731,53.373929],[-6.587608,53.373794]],"type":"LineString"},"properties":{"hex_id":"89182c1ae0fffff","service":"Food&Drinks","dest_id":"27","dest_name":"LANA","walk_min":11.9,"distance_m":989}},{"type":"Feature","geometry":{"coordinates":[[-6.578716,53.36988],[-6.578808,53.369758],[-6.578865,53.369638],[-6.578856,53.369584],[-6.578824,53.369482],[-6.57883,53.369419],[-6.578873,53.369323],[-6.579422,53.369476],[-6.579633,53.369537],[-6.579694,53.369554],[-6.579787,53.369581],[-6.579877,53.369605],[-6.579905,53.369613],[-6.580014,53.369642],[-6.580281,53.369713],[-6.580514,53.369783],[-6.580725,53.369846],[-6.580801,53.369876],[-6.58094,53.369931],[-6.581101,53.370009],[-6.581186,53.370056],[-6.581284,53.370112],[-6.58133,53.370139],[-6.581384,53.37017],[-6.581752,53.370418],[-6.581926,53.370553],[-6.582131,53.370708],[-6.582514,53.370994],[-6.58369,53.371912],[-6.583998,53.372152],[-6.584367,53.372455],[-6.584595,53.372356],[-6.585114,53.372754],[-6.586199,53.373588],[-6.586312,53.373669],[-6.586612,53.373911],[-6.586718,53.374002],[-6.586791,53.374005],[-6.587096,53.373865],[-6.587183,53.373826],[-6.58731,53.373929],[-6.587608,53.373794]],"type":"LineString"},"properties":{"hex_id":"89182c1ae17ffff","service":"Food&Drinks","dest_id":"27","dest_name":"LANA","walk_min":10.92,"distance_m":907}},{"type":"Feature","geometry":{"coordinates":[[-6.577245,53.379648],[-6.577245,53.379648],[-6.577773,53.378827],[-6.578077,53.378805],[-6.578379,53.378767],[-6.578655,53.378728],[-6.579673,53.378595],[-6.580136,53.378524],[-6.580291,53.378502],[-6.580642,53.378454],[-6.581206,53.378376],[-6.581836,53.378295],[-6.581898,53.378287],[-6.5824,53.378222],[-6.582736,53.37818],[-6.582899,53.378159],[-6.583506,53.378079],[-6.583559,53.378072],[-6.583908,53.378031],[-6.584789,53.377936],[-6.585229,53.377891],[-6.585783,53.377844],[-6.586366,53.377825],[-6.586573,53.377821],[-6.587073,53.377813],[-6.587414,53.377807],[-6.587449,53.377806],[-6.587531,53.378021],[-6.587616,53.378218],[-6.587658,53.378319],[-6.587719,53.378437],[-6.588001,53.378907],[-6.588066,53.379],[-6.588023,53.379],[-6.588028,53.37903],[-6.588349,53.37946],[-6.588428,53.379539],[-6.588481,53.379637],[-6.588788,53.379929],[-6.588763,53.379938],[-6.588697,53.3799],[-6.588633,53.379931],[-6.588604,53.379946],[-6.58864,53.379977],[-6.588546,53.380033]],"type":"LineString"},"properties":{"hex_id":"89182c1ae9bffff","service":"Food&Drinks","dest_id":"22","dest_name":"Shoda Market Cafe","walk_min":12.48,"distance_m":1040}},{"type":"Feature","geometry":{"coordinates":[[-6.598132,53.386075],[-6.598218,53.386008],[-6.598381,53.38587],[-6.598504,53.385735],[-6.598589,53.385619],[-6.59861,53.385576],[-6.598742,53.385582],[-6.598799,53.385517],[-6.598804,53.385443],[-6.59869,53.385258],[-6.598578,53.385197],[-6.598544,53.385149],[-6.598455,53.385028],[-6.598359,53.384907],[-6.598344,53.384908],[-6.59826,53.384801],[-6.598318,53.384776],[-6.598422,53.38459],[-6.598552,53.384552],[-6.598662,53.38453],[-6.598764,53.384506],[-6.598841,53.38448],[-6.598923,53.384455],[-6.599006,53.38443],[-6.599147,53.38439],[-6.599695,53.384216],[-6.599743,53.384175],[-6.599861,53.384103],[-6.59965,53.383843],[-6.599642,53.383833]],"type":"LineString"},"properties":{"hex_id":"89182c1a3abffff","service":"Food&Drinks","dest_id":"28","dest_name":"Subway","walk_min":4.11,"distance_m":342}},{"type":"Feature","geometry":{"coordinates":[[-6.600419,53.394189],[-6.600025,53.393506],[-6.599935,53.393346],[-6.599818,53.393149],[-6.599788,53.39309],[-6.59965,53.393131],[-6.599601,53.393147],[-6.599549,53.393083],[-6.599587,53.393068],[-6.599601,53.393059],[-6.599607,53.393048],[-6.599612,53.393036],[-6.599617,53.393023],[-6.599594,53.392941],[-6.5994,53.392506],[-6.599344,53.392425],[-6.599167,53.3921],[-6.598825,53.391447],[-6.598797,53.391404],[-6.598582,53.391073],[-6.598364,53.390666],[-6.598215,53.390388],[-6.59792,53.389841],[-6.597633,53.389262],[-6.597544,53.389108],[-6.597416,53.388885],[-6.597346,53.388763],[-6.597235,53.388595],[-6.597134,53.388398],[-6.597079,53.388288],[-6.596926,53.387989],[-6.596915,53.387966],[-6.596513,53.387286],[-6.596235,53.386752],[-6.595918,53.386174],[-6.595774,53.385889],[-6.59573,53.385851],[-6.595682,53.38577],[-6.595587,53.385607],[-6.595518,53.38549],[-6.595462,53.38539],[-6.595181,53.384892],[-6.595028,53.384616],[-6.594915,53.384439],[-6.594666,53.383991],[-6.594609,53.383893],[-6.594445,53.383613],[-6.594386,53.383469],[-6.594162,53.383085],[-6.594131,53.383031],[-6.593948,53.382741],[-6.593875,53.382644],[-6.593801,53.382546],[-6.593668,53.382395],[-6.593494,53.382187],[-6.593421,53.382098],[-6.593458,53.382081],[-6.593517,53.382063],[-6.593504,53.382028],[-6.593331,53.381829],[-6.593222,53.381668],[-6.593238,53.381644],[-6.593285,53.381651],[-6.593404,53.381615],[-6.593417,53.381605],[-6.593416,53.381586],[-6.593386,53.381593],[-6.593367,53.381557]],"type":"LineString"},"properties":{"hex_id":"89182c1a38bffff","service":"Food&Drinks","dest_id":"29","dest_name":"Coffee Mill","walk_min":18.38,"distance_m":1526}},{"type":"Feature","geometry":{"coordinates":[[-6.58229,53.388681],[-6.58229,53.388681],[-6.582458,53.38866],[-6.582648,53.388623],[-6.582782,53.38859],[-6.582862,53.388556],[-6.582961,53.388521],[-6.583188,53.388462],[-6.583427,53.388388],[-6.583686,53.388288],[-6.583888,53.388202],[-6.584096,53.388096],[-6.584147,53.388071],[-6.584783,53.387733],[-6.584921,53.387643],[-6.585161,53.387465],[-6.585309,53.387362],[-6.585309,53.387347],[-6.585581,53.387174],[-6.585584,53.387106],[-6.585766,53.386988],[-6.585825,53.386946],[-6.5862,53.386686],[-6.58648,53.38649],[-6.586608,53.386401],[-6.586714,53.386317],[-6.586784,53.386262],[-6.587161,53.385943],[-6.587483,53.385663],[-6.587974,53.385227],[-6.588003,53.385201],[-6.588125,53.385092],[-6.588219,53.385008],[-6.588395,53.38485],[-6.588426,53.384824],[-6.588489,53.384768],[-6.588602,53.384657],[-6.588686,53.384578],[-6.58882,53.384452],[-6.588886,53.384384],[-6.589019,53.384248],[-6.589069,53.384193],[-6.589284,53.383959],[-6.58942,53.383792],[-6.589532,53.383621],[-6.589591,53.38348],[-6.5896,53.383374],[-6.589596,53.383306],[-6.589574,53.38324],[-6.589165,53.382759],[-6.5892,53.382749],[-6.588891,53.382394],[-6.588853,53.382347],[-6.588836,53.38232],[-6.588843,53.382307],[-6.588887,53.382249],[-6.588746,53.382189],[-6.588772,53.382147],[-6.588707,53.382142],[-6.588678,53.382126],[-6.58865,53.382092],[-6.588623,53.382058],[-6.58861,53.382052]],"type":"LineString"},"properties":{"hex_id":"89182c1a143ffff","service":"Food&Drinks","dest_id":"9","dest_name":"Avenue","walk_min":11.55,"distance_m":960}},{"type":"Feature","geometry":{"coordinates":[[-6.593643,53.36714],[-6.593356,53.367072],[-6.592626,53.366821],[-6.592,53.36656],[-6.591734,53.366389],[-6.591719,53.366343],[-6.591661,53.365913],[-6.591586,53.365526],[-6.591526,53.365519],[-6.591282,53.365581],[-6.591241,53.365621],[-6.59126,53.365686],[-6.591259,53.365748],[-6.591257,53.36581],[-6.591299,53.365914],[-6.591323,53.366122],[-6.591277,53.366683],[-6.591274,53.366796],[-6.591251,53.367314],[-6.591217,53.367553],[-6.591211,53.367656],[-6.591165,53.368273],[-6.591132,53.368544],[-6.590931,53.369334],[-6.590907,53.369468],[-6.590897,53.369528],[-6.590783,53.369918],[-6.590722,53.370082],[-6.590625,53.370293],[-6.590588,53.370363],[-6.590516,53.370469],[-6.590511,53.370479],[-6.59043,53.370645],[-6.590355,53.370799],[-6.590298,53.370913],[-6.590192,53.37094],[-6.589631,53.371959],[-6.589425,53.371861],[-6.589358,53.37183],[-6.589297,53.372021],[-6.589221,53.372212],[-6.588259,53.373849],[-6.588249,53.373844],[-6.588113,53.373915],[-6.588021,53.373931],[-6.588273,53.374065],[-6.588237,53.374145]],"type":"LineString"},"properties":{"hex_id":"89182c1ae7bffff","service":"Food&Drinks","dest_id":"43","dest_name":"Romayo's","walk_min":15.8,"distance_m":1311}},{"type":"Feature","geometry":{"coordinates":[[-6.61413,53.381934],[-6.61413,53.381934],[-6.614063,53.381938],[-6.613859,53.381945],[-6.613671,53.381947],[-6.613521,53.381945],[-6.613462,53.381949],[-6.613383,53.381951],[-6.613249,53.381957],[-6.613245,53.381863],[-6.613238,53.38176],[-6.613229,53.381669],[-6.613222,53.381615],[-6.613242,53.381492],[-6.613254,53.381443],[-6.613262,53.381375],[-6.613197,53.381379],[-6.613023,53.381387],[-6.611475,53.381511],[-6.610401,53.381616],[-6.609939,53.38164],[-6.608601,53.381665],[-6.608029,53.381644],[-6.607472,53.38161],[-6.60652,53.381542],[-6.60616,53.381529],[-6.605703,53.381523],[-6.605678,53.381523],[-6.605651,53.381524],[-6.60563,53.381524],[-6.605138,53.381538],[-6.604679,53.38157],[-6.604512,53.381587],[-6.603872,53.381653],[-6.603332,53.38172],[-6.602779,53.381783],[-6.602574,53.38181],[-6.601772,53.381892],[-6.601532,53.381916],[-6.601527,53.381951],[-6.601504,53.381984],[-6.601467,53.382011],[-6.601417,53.382031],[-6.60136,53.382041],[-6.601374,53.38208],[-6.601398,53.382181],[-6.601463,53.382181],[-6.601478,53.382181],[-6.601568,53.382335],[-6.601692,53.382401],[-6.601999,53.3824],[-6.60213,53.382379],[-6.602158,53.38238],[-6.602299,53.382384],[-6.60241,53.382384],[-6.602534,53.382401],[-6.602591,53.382421],[-6.602641,53.382438],[-6.602707,53.382474],[-6.602799,53.382539],[-6.602824,53.382557],[-6.602858,53.382604],[-6.602876,53.382624],[-6.602927,53.382681],[-6.602973,53.38273],[-6.603082,53.382877],[-6.603181,53.383015],[-6.603306,53.383162],[-6.603491,53.38309],[-6.603575,53.383081],[-6.603648,53.383053],[-6.603789,53.383011],[-6.603739,53.382943]],"type":"LineString"},"properties":{"hex_id":"89182c1a363ffff","service":"Food&Drinks","dest_id":"39","dest_name":"Maynooth Students’ Union Bar","walk_min":14.2,"distance_m":1183}},{"type":"Feature","geometry":{"coordinates":[[-6.601629,53.387277],[-6.601003,53.387033],[-6.600894,53.387122],[-6.600859,53.387146],[-6.600777,53.387176],[-6.600573,53.387153],[-6.60043,53.387111],[-6.600165,53.386994],[-6.599954,53.386919],[-6.599085,53.386606],[-6.599123,53.386565],[-6.599147,53.386551],[-6.599243,53.386468],[-6.599257,53.386454],[-6.599346,53.386371],[-6.599385,53.386332],[-6.599564,53.38618],[-6.599468,53.38614],[-6.599432,53.386127],[-6.599398,53.386092],[-6.599405,53.386085],[-6.599409,53.386077],[-6.599407,53.386068],[-6.599402,53.38606],[-6.599392,53.386054],[-6.599533,53.385928],[-6.599696,53.385787],[-6.599816,53.385677],[-6.599852,53.385645],[-6.599883,53.385621],[-6.599911,53.385585],[-6.599941,53.385489],[-6.59994,53.385432],[-6.599875,53.385349],[-6.600088,53.385285],[-6.600112,53.385276],[-6.600137,53.385262],[-6.600107,53.385178],[-6.600034,53.385086],[-6.599861,53.384883],[-6.599769,53.38475],[-6.599758,53.384734],[-6.599804,53.3846],[-6.599691,53.38448],[-6.599659,53.384404],[-6.599646,53.384325],[-6.599703,53.384262],[-6.599674,53.384254],[-6.599695,53.384216],[-6.599743,53.384175],[-6.599861,53.384103],[-6.59965,53.383843],[-6.599642,53.383833]],"type":"LineString"},"properties":{"hex_id":"89182c1a317ffff","service":"Food&Drinks","dest_id":"28","dest_name":"Subway","walk_min":6.99,"distance_m":566}},{"type":"Feature","geometry":{"coordinates":[[-6.607035,53.385164],[-6.607022,53.38509],[-6.60699,53.384919],[-6.606949,53.384909],[-6.606542,53.384935],[-6.606083,53.384964],[-6.60544,53.385004],[-6.604928,53.385037],[-6.604832,53.385048],[-6.604773,53.38506],[-6.60471,53.384956],[-6.604672,53.384851],[-6.604662,53.384825],[-6.604642,53.384762],[-6.604616,53.384723],[-6.604498,53.384759],[-6.604436,53.384778],[-6.604392,53.384791],[-6.604252,53.384834],[-6.604128,53.384869],[-6.604045,53.384894],[-6.603974,53.384918],[-6.60367,53.385013],[-6.6036,53.385034],[-6.603209,53.384534],[-6.603173,53.38449],[-6.603136,53.384441],[-6.603616,53.384301]],"type":"LineString"},"properties":{"hex_id":"89182c1a30fffff","service":"Food&Drinks","dest_id":"36","dest_name":"Phoenix Restaurant","walk_min":4.79,"distance_m":400}},{"type":"Feature","geometry":{"coordinates":[[-6.598473,53.390643],[-6.598364,53.390666],[-6.598215,53.390388],[-6.59792,53.389841],[-6.597633,53.389262],[-6.597544,53.389108],[-6.597416,53.388885],[-6.597346,53.388763],[-6.597235,53.388595],[-6.597134,53.388398],[-6.597079,53.388288],[-6.596926,53.387989],[-6.596915,53.387966],[-6.596513,53.387286],[-6.596235,53.386752],[-6.595918,53.386174],[-6.595774,53.385889],[-6.59573,53.385851],[-6.595682,53.38577],[-6.595587,53.385607],[-6.595518,53.38549],[-6.595462,53.38539],[-6.595181,53.384892],[-6.595028,53.384616],[-6.594915,53.384439],[-6.594666,53.383991],[-6.594609,53.383893],[-6.594445,53.383613],[-6.594386,53.383469],[-6.594162,53.383085],[-6.594131,53.383031],[-6.593948,53.382741],[-6.593875,53.382644],[-6.593801,53.382546],[-6.593668,53.382395],[-6.593494,53.382187],[-6.593421,53.382098],[-6.593458,53.382081],[-6.593517,53.382063],[-6.593504,53.382028],[-6.593331,53.381829],[-6.593222,53.381668],[-6.593238,53.381644],[-6.593285,53.381651],[-6.593404,53.381615],[-6.593417,53.381605],[-6.593416,53.381586],[-6.593386,53.381593],[-6.593367,53.381557]],"type":"LineString"},"properties":{"hex_id":"89182c1a38fffff","service":"Food&Drinks","dest_id":"29","dest_name":"Coffee Mill","walk_min":13.21,"distance_m":1098}},{"type":"Feature","geometry":{"coordinates":[[-6.59129,53.391831],[-6.591863,53.391603],[-6.592003,53.391537],[-6.592143,53.391506],[-6.592167,53.391501],[-6.592255,53.391483],[-6.59223,53.391437],[-6.592329,53.39141],[-6.592434,53.391365],[-6.592503,53.391324],[-6.592535,53.391282],[-6.592503,53.391169],[-6.592466,53.391118],[-6.592662,53.391073],[-6.593427,53.39092],[-6.593527,53.390904],[-6.593796,53.390867],[-6.593958,53.39086],[-6.594039,53.390866],[-6.594072,53.390869],[-6.594081,53.390817],[-6.594076,53.390641],[-6.594074,53.390544],[-6.594008,53.390316],[-6.593924,53.390113],[-6.593873,53.389991],[-6.593751,53.389801],[-6.593613,53.389619],[-6.593496,53.389501],[-6.5933,53.389319],[-6.593591,53.389167],[-6.59384,53.38906],[-6.594144,53.388954],[-6.594177,53.388943],[-6.594243,53.388919],[-6.594279,53.388911],[-6.594582,53.388851],[-6.595142,53.388715],[-6.595332,53.388657],[-6.595563,53.388584],[-6.595704,53.388533],[-6.595855,53.388485],[-6.596064,53.388437],[-6.596754,53.388346],[-6.597079,53.388288],[-6.596926,53.387989],[-6.596915,53.387966],[-6.596513,53.387286],[-6.596235,53.386752],[-6.595918,53.386174],[-6.595774,53.385889],[-6.59573,53.385851],[-6.595682,53.38577],[-6.595587,53.385607],[-6.595518,53.38549],[-6.595462,53.38539],[-6.595181,53.384892],[-6.595028,53.384616],[-6.594915,53.384439],[-6.594666,53.383991],[-6.594609,53.383893],[-6.594445,53.383613],[-6.594386,53.383469],[-6.594162,53.383085],[-6.594131,53.383031],[-6.593948,53.382741],[-6.593875,53.382644],[-6.593801,53.382546],[-6.593668,53.382395],[-6.593494,53.382187],[-6.593421,53.382098],[-6.593458,53.382081],[-6.593517,53.382063],[-6.593504,53.382028],[-6.593331,53.381829],[-6.593222,53.381668],[-6.593238,53.381644],[-6.593285,53.381651],[-6.593404,53.381615],[-6.593417,53.381605],[-6.593416,53.381586],[-6.593386,53.381593],[-6.593367,53.381557]],"type":"LineString"},"properties":{"hex_id":"89182c1a14bffff","service":"Food&Drinks","dest_id":"29","dest_name":"Coffee Mill","walk_min":18.2,"distance_m":1514}},{"type":"Feature","geometry":{"coordinates":[[-6.600798,53.368731],[-6.600497,53.368704],[-6.59991,53.36855],[-6.5982,53.36816],[-6.596054,53.367677],[-6.594322,53.367301],[-6.593356,53.367072],[-6.592626,53.366821],[-6.592,53.36656],[-6.591734,53.366389],[-6.591719,53.366343],[-6.591661,53.365913],[-6.591586,53.365526],[-6.591526,53.365519],[-6.591282,53.365581],[-6.591241,53.365621],[-6.59126,53.365686],[-6.591259,53.365748],[-6.591257,53.36581],[-6.591299,53.365914],[-6.591323,53.366122],[-6.591277,53.366683],[-6.591274,53.366796],[-6.591251,53.367314],[-6.591217,53.367553],[-6.591211,53.367656],[-6.591165,53.368273],[-6.591132,53.368544],[-6.590931,53.369334],[-6.590907,53.369468],[-6.590897,53.369528],[-6.590783,53.369918],[-6.590722,53.370082],[-6.590625,53.370293],[-6.590588,53.370363],[-6.590516,53.370469],[-6.590511,53.370479],[-6.59043,53.370645],[-6.590355,53.370799],[-6.590298,53.370913],[-6.590192,53.37094],[-6.589631,53.371959],[-6.589425,53.371861],[-6.589358,53.37183],[-6.589297,53.372021],[-6.589221,53.372212],[-6.588259,53.373849],[-6.588249,53.373844],[-6.588113,53.373915],[-6.588021,53.373931],[-6.588273,53.374065],[-6.588237,53.374145]],"type":"LineString"},"properties":{"hex_id":"89182c185b3ffff","service":"Food&Drinks","dest_id":"43","dest_name":"Romayo's","walk_min":21.91,"distance_m":1820}},{"type":"Feature","geometry":{"coordinates":[[-6.580664,53.374301],[-6.580572,53.374339],[-6.581245,53.375206],[-6.582234,53.374937],[-6.582214,53.374912],[-6.581875,53.374484],[-6.581883,53.374332],[-6.581978,53.374244],[-6.58251,53.373945],[-6.582618,53.37388],[-6.583028,53.373674],[-6.583311,53.373597],[-6.58354,53.373546],[-6.583898,53.373458],[-6.584135,53.373373],[-6.584335,53.373224],[-6.58444,53.373003],[-6.584562,53.372882],[-6.584711,53.372794],[-6.584789,53.37277],[-6.585108,53.373033],[-6.585232,53.373135],[-6.586314,53.373963],[-6.58638,53.374014],[-6.586612,53.373911],[-6.586718,53.374002],[-6.586791,53.374005],[-6.587096,53.373865],[-6.587183,53.373826],[-6.58731,53.373929],[-6.587608,53.373794]],"type":"LineString"},"properties":{"hex_id":"89182c1ae13ffff","service":"Food&Drinks","dest_id":"27","dest_name":"LANA","walk_min":9.73,"distance_m":811}},{"type":"Feature","geometry":{"coordinates":[[-6.591853,53.370295],[-6.591802,53.370296],[-6.591657,53.370336],[-6.591483,53.370395],[-6.591519,53.370478],[-6.591366,53.37077],[-6.591166,53.370732],[-6.591045,53.370777],[-6.590971,53.37076],[-6.590684,53.370734],[-6.590616,53.37074],[-6.590433,53.370781],[-6.590355,53.370799],[-6.590298,53.370913],[-6.590192,53.37094],[-6.589631,53.371959],[-6.589425,53.371861],[-6.589358,53.37183],[-6.589297,53.372021],[-6.589221,53.372212],[-6.588259,53.373849],[-6.588249,53.373844],[-6.588113,53.373915],[-6.588021,53.373931],[-6.588273,53.374065],[-6.588237,53.374145]],"type":"LineString"},"properties":{"hex_id":"89182c1ae47ffff","service":"Food&Drinks","dest_id":"43","dest_name":"Romayo's","walk_min":7.12,"distance_m":593}},{"type":"Feature","geometry":{"coordinates":[[-6.573866,53.367928],[-6.576137,53.368564],[-6.577226,53.368866],[-6.577593,53.368968],[-6.577924,53.36906],[-6.578873,53.369323],[-6.579422,53.369476],[-6.579633,53.369537],[-6.579694,53.369554],[-6.579787,53.369581],[-6.579877,53.369605],[-6.579905,53.369613],[-6.580014,53.369642],[-6.580281,53.369713],[-6.580514,53.369783],[-6.580725,53.369846],[-6.580801,53.369876],[-6.58094,53.369931],[-6.581101,53.370009],[-6.581186,53.370056],[-6.581284,53.370112],[-6.58133,53.370139],[-6.581384,53.37017],[-6.581752,53.370418],[-6.581926,53.370553],[-6.582131,53.370708],[-6.582514,53.370994],[-6.58369,53.371912],[-6.583998,53.372152],[-6.584367,53.372455],[-6.584595,53.372356],[-6.585114,53.372754],[-6.586199,53.373588],[-6.586312,53.373669],[-6.586612,53.373911],[-6.586718,53.374002],[-6.586791,53.374005],[-6.587096,53.373865],[-6.587183,53.373826],[-6.58731,53.373929],[-6.587608,53.373794]],"type":"LineString"},"properties":{"hex_id":"89182c1ae33ffff","service":"Food&Drinks","dest_id":"27","dest_name":"LANA","walk_min":14.56,"distance_m":1211}},{"type":"Feature","geometry":{"coordinates":[[-6.592323,53.397378],[-6.592328,53.397375],[-6.592551,53.397276],[-6.5928,53.397073],[-6.593082,53.397075],[-6.593428,53.397004],[-6.59368,53.396924],[-6.59392,53.396737],[-6.594092,53.396797],[-6.594812,53.397049],[-6.59582,53.397388],[-6.596335,53.397578],[-6.596868,53.397805],[-6.597109,53.398],[-6.597247,53.398217],[-6.597432,53.398415],[-6.597767,53.398613],[-6.598036,53.398701],[-6.598182,53.398744],[-6.598414,53.3988],[-6.599107,53.398876],[-6.599337,53.398927],[-6.599524,53.398991],[-6.599689,53.399046],[-6.599889,53.399105],[-6.600099,53.399147],[-6.600415,53.399191],[-6.602154,53.399549],[-6.60219,53.399147],[-6.602211,53.398947],[-6.602217,53.398865],[-6.602245,53.398452],[-6.602247,53.398056],[-6.602276,53.39776],[-6.602273,53.397565],[-6.602251,53.397471],[-6.602226,53.397429],[-6.60217,53.397334],[-6.602068,53.397137],[-6.601903,53.396863],[-6.601472,53.396091],[-6.60145,53.39605],[-6.60127,53.395722],[-6.60092,53.395059],[-6.600571,53.394453],[-6.600025,53.393506],[-6.599935,53.393346],[-6.599818,53.393149],[-6.599788,53.39309],[-6.59965,53.393131],[-6.599601,53.393147],[-6.599549,53.393083],[-6.599587,53.393068],[-6.599601,53.393059],[-6.599607,53.393048],[-6.599612,53.393036],[-6.599617,53.393023],[-6.599594,53.392941],[-6.5994,53.392506],[-6.599344,53.392425],[-6.599167,53.3921],[-6.598825,53.391447],[-6.598797,53.391404],[-6.598582,53.391073],[-6.598364,53.390666],[-6.598215,53.390388],[-6.59792,53.389841],[-6.597633,53.389262],[-6.597544,53.389108],[-6.597416,53.388885],[-6.597346,53.388763],[-6.597235,53.388595],[-6.597134,53.388398],[-6.597079,53.388288],[-6.596926,53.387989],[-6.596915,53.387966],[-6.596513,53.387286],[-6.596235,53.386752],[-6.595918,53.386174],[-6.595774,53.385889],[-6.59573,53.385851],[-6.595682,53.38577],[-6.595587,53.385607],[-6.595518,53.38549],[-6.595462,53.38539],[-6.595181,53.384892],[-6.595028,53.384616],[-6.594915,53.384439],[-6.594666,53.383991],[-6.594609,53.383893],[-6.594445,53.383613],[-6.594386,53.383469],[-6.594162,53.383085],[-6.594131,53.383031],[-6.593948,53.382741],[-6.593875,53.382644],[-6.593801,53.382546],[-6.593668,53.382395],[-6.593494,53.382187],[-6.593421,53.382098],[-6.593458,53.382081],[-6.593517,53.382063],[-6.593504,53.382028],[-6.593331,53.381829],[-6.593222,53.381668],[-6.593238,53.381644],[-6.593285,53.381651],[-6.593404,53.381615],[-6.593417,53.381605],[-6.593416,53.381586],[-6.593386,53.381593],[-6.593367,53.381557]],"type":"LineString"},"properties":{"hex_id":"89182c1a02fffff","service":"Food&Drinks","dest_id":"29","dest_name":"Coffee Mill","walk_min":35.21,"distance_m":2928}},{"type":"Feature","geometry":{"coordinates":[[-6.571008,53.364108],[-6.571262,53.363668],[-6.572504,53.363982],[-6.572727,53.364024],[-6.573092,53.364054],[-6.573231,53.364061],[-6.574992,53.364129],[-6.576074,53.364187],[-6.57611,53.364188],[-6.576565,53.364207],[-6.576886,53.36422],[-6.577506,53.364245],[-6.577525,53.364246],[-6.578138,53.364287],[-6.578231,53.364293],[-6.578949,53.364408],[-6.579144,53.364435],[-6.579339,53.364431],[-6.579822,53.364431],[-6.581441,53.364388],[-6.581702,53.364404],[-6.581771,53.364408],[-6.582078,53.364449],[-6.582528,53.364581],[-6.583056,53.364697],[-6.583418,53.364755],[-6.583737,53.364807],[-6.584107,53.364809],[-6.584657,53.364697],[-6.585012,53.364626],[-6.585365,53.364599],[-6.585787,53.364586],[-6.587501,53.364556],[-6.588145,53.364552],[-6.589129,53.36452],[-6.589334,53.364537],[-6.589491,53.364564],[-6.590147,53.364678],[-6.590623,53.36476],[-6.590924,53.364814],[-6.590968,53.364822],[-6.591256,53.36485],[-6.59134,53.364848],[-6.591423,53.364846],[-6.591427,53.364911],[-6.59142,53.365042],[-6.59138,53.365147],[-6.591223,53.365385],[-6.591262,53.365416],[-6.59129,53.365451],[-6.591304,53.365489],[-6.591303,53.365536],[-6.591282,53.365581],[-6.591241,53.365621],[-6.59126,53.365686],[-6.591259,53.365748],[-6.591257,53.36581],[-6.591299,53.365914],[-6.591323,53.366122],[-6.591277,53.366683],[-6.591274,53.366796],[-6.591251,53.367314],[-6.591217,53.367553],[-6.591211,53.367656],[-6.591165,53.368273],[-6.591132,53.368544],[-6.590931,53.369334],[-6.590907,53.369468],[-6.590897,53.369528],[-6.590783,53.369918],[-6.590722,53.370082],[-6.590625,53.370293],[-6.590588,53.370363],[-6.590516,53.370469],[-6.590511,53.370479],[-6.59043,53.370645],[-6.590355,53.370799],[-6.590298,53.370913],[-6.590192,53.37094],[-6.589631,53.371959],[-6.589425,53.371861],[-6.589358,53.37183],[-6.589297,53.372021],[-6.589221,53.372212],[-6.588259,53.373849],[-6.588249,53.373844],[-6.588113,53.373915],[-6.588021,53.373931],[-6.588273,53.374065],[-6.588237,53.374145]],"type":"LineString"},"properties":{"hex_id":"89182c1ae37ffff","service":"Food&Drinks","dest_id":"43","dest_name":"Romayo's","walk_min":30.63,"distance_m":2546}},{"type":"Feature","geometry":{"coordinates":[[-6.57635,53.364198],[-6.576565,53.364207],[-6.576886,53.36422],[-6.577506,53.364245],[-6.577525,53.364246],[-6.578138,53.364287],[-6.578231,53.364293],[-6.578949,53.364408],[-6.579144,53.364435],[-6.579339,53.364431],[-6.579822,53.364431],[-6.581441,53.364388],[-6.581702,53.364404],[-6.581771,53.364408],[-6.582078,53.364449],[-6.582528,53.364581],[-6.583056,53.364697],[-6.583418,53.364755],[-6.583737,53.364807],[-6.584107,53.364809],[-6.584657,53.364697],[-6.585012,53.364626],[-6.585365,53.364599],[-6.585787,53.364586],[-6.587501,53.364556],[-6.588145,53.364552],[-6.589129,53.36452],[-6.589334,53.364537],[-6.589491,53.364564],[-6.590147,53.364678],[-6.590623,53.36476],[-6.590924,53.364814],[-6.590968,53.364822],[-6.591256,53.36485],[-6.59134,53.364848],[-6.591423,53.364846],[-6.591427,53.364911],[-6.59142,53.365042],[-6.59138,53.365147],[-6.591223,53.365385],[-6.591262,53.365416],[-6.59129,53.365451],[-6.591304,53.365489],[-6.591303,53.365536],[-6.591282,53.365581],[-6.591241,53.365621],[-6.59126,53.365686],[-6.591259,53.365748],[-6.591257,53.36581],[-6.591299,53.365914],[-6.591323,53.366122],[-6.591277,53.366683],[-6.591274,53.366796],[-6.591251,53.367314],[-6.591217,53.367553],[-6.591211,53.367656],[-6.591165,53.368273],[-6.591132,53.368544],[-6.590931,53.369334],[-6.590907,53.369468],[-6.590897,53.369528],[-6.590783,53.369918],[-6.590722,53.370082],[-6.590625,53.370293],[-6.590588,53.370363],[-6.590516,53.370469],[-6.590511,53.370479],[-6.59043,53.370645],[-6.590355,53.370799],[-6.590298,53.370913],[-6.590192,53.37094],[-6.589631,53.371959],[-6.589425,53.371861],[-6.589358,53.37183],[-6.589297,53.372021],[-6.589221,53.372212],[-6.588259,53.373849],[-6.588249,53.373844],[-6.588113,53.373915],[-6.588021,53.373931],[-6.588273,53.374065],[-6.588237,53.374145]],"type":"LineString"},"properties":{"hex_id":"89182c1ae23ffff","service":"Food&Drinks","dest_id":"43","dest_name":"Romayo's","walk_min":25.84,"distance_m":2147}},{"type":"Feature","geometry":{"coordinates":[[-6.589257,53.383989],[-6.589284,53.383959],[-6.58942,53.383792],[-6.589532,53.383621],[-6.589591,53.38348],[-6.5896,53.383374],[-6.589596,53.383306],[-6.589574,53.38324],[-6.589165,53.382759],[-6.5892,53.382749],[-6.588891,53.382394],[-6.588853,53.382347],[-6.588836,53.38232],[-6.588843,53.382307],[-6.588887,53.382249],[-6.588746,53.382189],[-6.588772,53.382147],[-6.588707,53.382142],[-6.588678,53.382126],[-6.58865,53.382092],[-6.588623,53.382058],[-6.58861,53.382052]],"type":"LineString"},"properties":{"hex_id":"89182c1a3a7ffff","service":"Food&Drinks","dest_id":"9","dest_name":"Avenue","walk_min":2.95,"distance_m":246}},{"type":"Feature","geometry":{"coordinates":[[-6.587357,53.389476],[-6.587488,53.389413],[-6.586651,53.388741],[-6.586372,53.388592],[-6.587095,53.388122],[-6.587745,53.387719],[-6.587855,53.387676],[-6.587889,53.387627],[-6.588049,53.387454],[-6.588141,53.38732],[-6.588161,53.387291],[-6.588189,53.387251],[-6.588123,53.387233],[-6.588056,53.387207],[-6.587591,53.386922],[-6.587506,53.386875],[-6.587553,53.386827],[-6.586805,53.38642],[-6.586789,53.386356],[-6.586714,53.386317],[-6.586784,53.386262],[-6.587161,53.385943],[-6.587483,53.385663],[-6.587974,53.385227],[-6.588003,53.385201],[-6.588125,53.385092],[-6.588219,53.385008],[-6.588395,53.38485],[-6.588426,53.384824],[-6.588489,53.384768],[-6.588602,53.384657],[-6.588686,53.384578],[-6.58882,53.384452],[-6.588886,53.384384],[-6.589019,53.384248],[-6.589069,53.384193],[-6.589284,53.383959],[-6.58942,53.383792],[-6.589532,53.383621],[-6.589591,53.38348],[-6.5896,53.383374],[-6.589596,53.383306],[-6.589574,53.38324],[-6.589165,53.382759],[-6.5892,53.382749],[-6.588891,53.382394],[-6.588853,53.382347],[-6.588836,53.38232],[-6.588843,53.382307],[-6.588887,53.382249],[-6.588746,53.382189],[-6.588772,53.382147],[-6.588707,53.382142],[-6.588678,53.382126],[-6.58865,53.382092],[-6.588623,53.382058],[-6.58861,53.382052]],"type":"LineString"},"properties":{"hex_id":"89182c1a14fffff","service":"Food&Drinks","dest_id":"9","dest_name":"Avenue","walk_min":12.34,"distance_m":1029}},{"type":"Feature","geometry":{"coordinates":[[-6.590968,53.381249],[-6.590907,53.38118],[-6.590762,53.38103],[-6.590718,53.380984],[-6.590692,53.380961],[-6.590663,53.380972],[-6.590568,53.381005],[-6.590492,53.38103],[-6.590418,53.381056],[-6.590374,53.381072],[-6.590168,53.381136],[-6.590122,53.381149],[-6.590226,53.381273]],"type":"LineString"},"properties":{"hex_id":"89182c1aedbffff","service":"Food&Drinks","dest_id":"8","dest_name":"Willow and Wild","walk_min":1.15,"distance_m":96}},{"type":"Feature","geometry":{"coordinates":[[-6.600831,53.380395],[-6.600784,53.38036],[-6.600807,53.380293],[-6.600595,53.38035],[-6.599999,53.380508],[-6.599781,53.380565],[-6.59961,53.380628],[-6.599471,53.380665],[-6.599372,53.380692],[-6.599353,53.380698],[-6.599179,53.380743],[-6.599134,53.380753],[-6.599056,53.380773],[-6.598889,53.380817],[-6.598762,53.380856],[-6.598629,53.380893],[-6.598557,53.380888],[-6.598491,53.380873],[-6.598447,53.380856],[-6.598376,53.380826],[-6.598538,53.381018],[-6.598569,53.381053],[-6.598591,53.381082],[-6.598713,53.381237],[-6.598753,53.381211],[-6.599219,53.381047],[-6.599254,53.381066],[-6.599301,53.381131],[-6.599154,53.381174],[-6.599138,53.381158],[-6.59908,53.381171],[-6.599097,53.381195],[-6.598986,53.381226]],"type":"LineString"},"properties":{"hex_id":"89182c1a323ffff","service":"Food&Drinks","dest_id":"41","dest_name":"Starbucks","walk_min":3.85,"distance_m":321}},{"type":"Feature","geometry":{"coordinates":[[-6.596955,53.369682],[-6.597576,53.369775],[-6.597759,53.369806],[-6.597952,53.369839],[-6.597933,53.3701],[-6.597887,53.370325],[-6.59804,53.370337],[-6.598034,53.370516],[-6.598023,53.370529],[-6.597886,53.370852],[-6.597818,53.37103],[-6.597737,53.371139],[-6.597768,53.371144],[-6.598596,53.371257],[-6.598484,53.371445],[-6.59835,53.371686],[-6.598269,53.37182],[-6.598143,53.372001],[-6.598045,53.372134],[-6.597934,53.37231],[-6.59777,53.372551],[-6.597699,53.372683],[-6.597678,53.372719],[-6.597769,53.372736],[-6.597747,53.372777],[-6.597882,53.372806],[-6.597775,53.373029],[-6.597781,53.373085],[-6.598032,53.373068],[-6.598467,53.373059],[-6.598654,53.373056],[-6.598753,53.373038],[-6.598654,53.372983],[-6.598563,53.373009],[-6.598357,53.372986],[-6.598306,53.372977]],"type":"LineString"},"properties":{"hex_id":"89182c1ae4fffff","service":"Food&Drinks","dest_id":"42","dest_name":"Golden Palace Chinese Restaurant","walk_min":7.34,"distance_m":609}},{"type":"Feature","geometry":{"coordinates":[[-6.603595,53.37268],[-6.603595,53.37268],[-6.603664,53.372736],[-6.603674,53.37276],[-6.603667,53.37278],[-6.603624,53.372807],[-6.603587,53.37283],[-6.603654,53.373024],[-6.603717,53.373256],[-6.60378,53.373506],[-6.603708,53.373534],[-6.60425,53.37393],[-6.604536,53.374006],[-6.604645,53.374248],[-6.604667,53.374348],[-6.604814,53.37469],[-6.604611,53.374729],[-6.604303,53.374779],[-6.604147,53.3748],[-6.60399,53.374819],[-6.603898,53.374829],[-6.603337,53.374896],[-6.603286,53.374937],[-6.603093,53.374954],[-6.602882,53.37499],[-6.602841,53.374999],[-6.602646,53.375051],[-6.602426,53.375119],[-6.602275,53.375172],[-6.602107,53.375231],[-6.601975,53.375276],[-6.601795,53.37533],[-6.601501,53.375398],[-6.601255,53.375434],[-6.600891,53.375457],[-6.60059,53.375475],[-6.600526,53.375266],[-6.600478,53.375147],[-6.600367,53.374994],[-6.600192,53.374766],[-6.600079,53.374478],[-6.599974,53.374199],[-6.599833,53.373879],[-6.599744,53.373642],[-6.599612,53.373363],[-6.599585,53.373291],[-6.599403,53.373318],[-6.598986,53.37339],[-6.598455,53.373441],[-6.597641,53.373491],[-6.59757,53.373487],[-6.597312,53.373468],[-6.597365,53.373358],[-6.597438,53.373191],[-6.597492,53.373087],[-6.597781,53.373085],[-6.598032,53.373068],[-6.598467,53.373059],[-6.598654,53.373056],[-6.598753,53.373038],[-6.598654,53.372983],[-6.598563,53.373009],[-6.598357,53.372986],[-6.598306,53.372977]],"type":"LineString"},"properties":{"hex_id":"89182c18587ffff","service":"Food&Drinks","dest_id":"42","dest_name":"Golden Palace Chinese Restaurant","walk_min":13.5,"distance_m":1125}},{"type":"Feature","geometry":{"coordinates":[[-6.57378,53.377653],[-6.574201,53.377797],[-6.575293,53.378194],[-6.575875,53.378401],[-6.57653,53.378546],[-6.577773,53.378827],[-6.578077,53.378805],[-6.578379,53.378767],[-6.578655,53.378728],[-6.579673,53.378595],[-6.580136,53.378524],[-6.580291,53.378502],[-6.580642,53.378454],[-6.581206,53.378376],[-6.581836,53.378295],[-6.581898,53.378287],[-6.5824,53.378222],[-6.582736,53.37818],[-6.582899,53.378159],[-6.583506,53.378079],[-6.583559,53.378072],[-6.583908,53.378031],[-6.584789,53.377936],[-6.585229,53.377891],[-6.585783,53.377844],[-6.586366,53.377825],[-6.586573,53.377821],[-6.587073,53.377813],[-6.587414,53.377807],[-6.587449,53.377806],[-6.587531,53.378021],[-6.587616,53.378218],[-6.587658,53.378319],[-6.587719,53.378437],[-6.588001,53.378907],[-6.588066,53.379],[-6.588023,53.379],[-6.588028,53.37903],[-6.588349,53.37946],[-6.588428,53.379539],[-6.588481,53.379637],[-6.588788,53.379929],[-6.588763,53.379938],[-6.588697,53.3799],[-6.588633,53.379931],[-6.588604,53.379946],[-6.58864,53.379977],[-6.588546,53.380033]],"type":"LineString"},"properties":{"hex_id":"89182c1ae83ffff","service":"Food&Drinks","dest_id":"22","dest_name":"Shoda Market Cafe","walk_min":14.88,"distance_m":1240}},{"type":"Feature","geometry":{"coordinates":[[-6.612369,53.376647],[-6.61233,53.376563],[-6.612295,53.376551],[-6.612244,53.376397],[-6.612229,53.37636],[-6.611862,53.376416],[-6.611521,53.376514],[-6.611177,53.376669],[-6.611038,53.376744],[-6.610886,53.376824],[-6.610674,53.376923],[-6.610547,53.376982],[-6.610237,53.377061],[-6.609953,53.377117],[-6.609918,53.377124],[-6.609843,53.377138],[-6.609354,53.377222],[-6.609263,53.377231],[-6.609091,53.37724],[-6.60891,53.377248],[-6.608752,53.377242],[-6.608608,53.377235],[-6.608461,53.377218],[-6.608299,53.377193],[-6.6081,53.377154],[-6.607923,53.377094],[-6.607855,53.377066],[-6.607797,53.377041],[-6.607661,53.376949],[-6.607541,53.376855],[-6.607427,53.376764],[-6.607195,53.376551],[-6.607099,53.376469],[-6.606784,53.376255],[-6.606709,53.376194],[-6.606633,53.376106],[-6.606597,53.376008],[-6.6066,53.375901],[-6.606664,53.375745],[-6.60667,53.375712],[-6.606672,53.375676],[-6.606637,53.375591],[-6.606542,53.375441],[-6.606282,53.375482],[-6.60615,53.375505],[-6.606037,53.375531],[-6.605949,53.375565],[-6.605493,53.375844],[-6.605308,53.375967],[-6.605005,53.375774],[-6.604723,53.375587],[-6.604423,53.375391],[-6.604284,53.375304],[-6.604299,53.375266],[-6.604307,53.375244],[-6.604299,53.375221],[-6.604279,53.3752],[-6.604248,53.375178],[-6.60416,53.375131],[-6.604031,53.375057],[-6.603986,53.375016],[-6.603913,53.374907],[-6.603903,53.37487],[-6.603595,53.374908],[-6.603286,53.374937],[-6.603093,53.374954],[-6.602882,53.37499],[-6.602841,53.374999],[-6.602646,53.375051],[-6.602426,53.375119],[-6.602275,53.375172],[-6.602107,53.375231],[-6.601975,53.375276],[-6.601795,53.37533],[-6.601501,53.375398],[-6.601255,53.375434],[-6.600891,53.375457],[-6.60059,53.375475],[-6.600526,53.375266],[-6.600478,53.375147],[-6.600367,53.374994],[-6.600192,53.374766],[-6.600079,53.374478],[-6.599974,53.374199],[-6.599833,53.373879],[-6.599744,53.373642],[-6.599612,53.373363],[-6.599585,53.373291],[-6.599403,53.373318],[-6.598986,53.37339],[-6.598455,53.373441],[-6.597641,53.373491],[-6.59757,53.373487],[-6.597312,53.373468],[-6.597365,53.373358],[-6.597438,53.373191],[-6.597492,53.373087],[-6.597781,53.373085],[-6.598032,53.373068],[-6.598467,53.373059],[-6.598654,53.373056],[-6.598753,53.373038],[-6.598654,53.372983],[-6.598563,53.373009],[-6.598357,53.372986],[-6.598306,53.372977]],"type":"LineString"},"properties":{"hex_id":"89182c1859bffff","service":"Food&Drinks","dest_id":"42","dest_name":"Golden Palace Chinese Restaurant","walk_min":19.56,"distance_m":1630}},{"type":"Feature","geometry":{"coordinates":[[-6.60414,53.382798],[-6.604086,53.382717],[-6.603773,53.382809],[-6.603788,53.38283],[-6.603553,53.382891],[-6.603636,53.383006],[-6.603628,53.383027],[-6.603648,53.383053],[-6.603789,53.383011],[-6.603739,53.382943]],"type":"LineString"},"properties":{"hex_id":"89182c1a33bffff","service":"Food&Drinks","dest_id":"39","dest_name":"Maynooth Students’ Union Bar","walk_min":1.09,"distance_m":91}},{"type":"Feature","geometry":{"coordinates":[[-6.596343,53.3884],[-6.596754,53.388346],[-6.597079,53.388288],[-6.596926,53.387989],[-6.596915,53.387966],[-6.596513,53.387286],[-6.596235,53.386752],[-6.595918,53.386174],[-6.595774,53.385889],[-6.59573,53.385851],[-6.595682,53.38577],[-6.595587,53.385607],[-6.595518,53.38549],[-6.595462,53.38539],[-6.595181,53.384892],[-6.595028,53.384616],[-6.594915,53.384439],[-6.594666,53.383991],[-6.594609,53.383893],[-6.594445,53.383613],[-6.594386,53.383469],[-6.594162,53.383085],[-6.594131,53.383031],[-6.593948,53.382741],[-6.593875,53.382644],[-6.593801,53.382546],[-6.593668,53.382395],[-6.593494,53.382187],[-6.593421,53.382098],[-6.593458,53.382081],[-6.593517,53.382063],[-6.593504,53.382028],[-6.593331,53.381829],[-6.593222,53.381668],[-6.593238,53.381644],[-6.593285,53.381651],[-6.593404,53.381615],[-6.593417,53.381605],[-6.593416,53.381586],[-6.593386,53.381593],[-6.593367,53.381557]],"type":"LineString"},"properties":{"hex_id":"89182c1a3bbffff","service":"Food&Drinks","dest_id":"29","dest_name":"Coffee Mill","walk_min":10.39,"distance_m":863}},{"type":"Feature","geometry":{"coordinates":[[-6.598579,53.394064],[-6.597507,53.394354],[-6.597314,53.39443],[-6.597494,53.394677],[-6.597633,53.394868],[-6.597821,53.395122],[-6.598442,53.395232],[-6.598981,53.395329],[-6.599019,53.395313],[-6.599259,53.395249],[-6.60022,53.395021],[-6.600291,53.394978],[-6.600304,53.394971],[-6.600269,53.394939],[-6.600194,53.394839],[-6.600173,53.394796],[-6.600135,53.394747],[-6.600134,53.394712],[-6.600147,53.394689],[-6.600179,53.394661],[-6.600233,53.39463],[-6.600309,53.394564],[-6.600319,53.394536],[-6.600321,53.394507],[-6.600294,53.39446],[-6.600221,53.394414],[-6.600155,53.394363],[-6.600125,53.394337],[-6.600028,53.394213],[-6.600004,53.394168],[-6.599976,53.39411],[-6.59998,53.39402],[-6.599995,53.393897],[-6.599976,53.39386],[-6.599924,53.393824],[-6.599773,53.393775],[-6.599526,53.393733],[-6.599395,53.393714],[-6.599171,53.393671],[-6.599119,53.393664],[-6.598938,53.393648],[-6.598965,53.393428],[-6.599644,53.393204],[-6.599601,53.393147],[-6.599549,53.393083],[-6.599587,53.393068],[-6.599601,53.393059],[-6.599607,53.393048],[-6.599612,53.393036],[-6.599617,53.393023],[-6.599594,53.392941],[-6.5994,53.392506],[-6.599344,53.392425],[-6.599167,53.3921],[-6.598825,53.391447],[-6.598797,53.391404],[-6.598582,53.391073],[-6.598364,53.390666],[-6.598215,53.390388],[-6.59792,53.389841],[-6.597633,53.389262],[-6.597544,53.389108],[-6.597416,53.388885],[-6.597346,53.388763],[-6.597235,53.388595],[-6.597134,53.388398],[-6.597079,53.388288],[-6.596926,53.387989],[-6.596915,53.387966],[-6.596513,53.387286],[-6.596235,53.386752],[-6.595918,53.386174],[-6.595774,53.385889],[-6.59573,53.385851],[-6.595682,53.38577],[-6.595587,53.385607],[-6.595518,53.38549],[-6.595462,53.38539],[-6.595181,53.384892],[-6.595028,53.384616],[-6.594915,53.384439],[-6.594666,53.383991],[-6.594609,53.383893],[-6.594445,53.383613],[-6.594386,53.383469],[-6.594162,53.383085],[-6.594131,53.383031],[-6.593948,53.382741],[-6.593875,53.382644],[-6.593801,53.382546],[-6.593668,53.382395],[-6.593494,53.382187],[-6.593421,53.382098],[-6.593458,53.382081],[-6.593517,53.382063],[-6.593504,53.382028],[-6.593331,53.381829],[-6.593222,53.381668],[-6.593238,53.381644],[-6.593285,53.381651],[-6.593404,53.381615],[-6.593417,53.381605],[-6.593416,53.381586],[-6.593386,53.381593],[-6.593367,53.381557]],"type":"LineString"},"properties":{"hex_id":"89182c1a383ffff","service":"Food&Drinks","dest_id":"29","dest_name":"Coffee Mill","walk_min":24.42,"distance_m":2032}},{"type":"Feature","geometry":{"coordinates":[[-6.593484,53.394299],[-6.59356,53.394284],[-6.593897,53.394213],[-6.593862,53.394144],[-6.593786,53.394034],[-6.593719,53.393842],[-6.593705,53.393739],[-6.594448,53.393617],[-6.5945,53.393608],[-6.594404,53.393382],[-6.594298,53.393252],[-6.59429,53.393236],[-6.594148,53.392935],[-6.594142,53.392862],[-6.594117,53.392546],[-6.594114,53.392526],[-6.594098,53.392365],[-6.593985,53.392069],[-6.593966,53.392008],[-6.593968,53.391905],[-6.593956,53.391874],[-6.593955,53.3918],[-6.593954,53.391691],[-6.593999,53.391401],[-6.593994,53.39135],[-6.594101,53.390924],[-6.594072,53.390869],[-6.594081,53.390817],[-6.594076,53.390641],[-6.594074,53.390544],[-6.594008,53.390316],[-6.593924,53.390113],[-6.593873,53.389991],[-6.593751,53.389801],[-6.593613,53.389619],[-6.593496,53.389501],[-6.5933,53.389319],[-6.593591,53.389167],[-6.59384,53.38906],[-6.594144,53.388954],[-6.594177,53.388943],[-6.594243,53.388919],[-6.594279,53.388911],[-6.594582,53.388851],[-6.595142,53.388715],[-6.595332,53.388657],[-6.595563,53.388584],[-6.595704,53.388533],[-6.595855,53.388485],[-6.596064,53.388437],[-6.596754,53.388346],[-6.597079,53.388288],[-6.596926,53.387989],[-6.596915,53.387966],[-6.596513,53.387286],[-6.596235,53.386752],[-6.595918,53.386174],[-6.595774,53.385889],[-6.59573,53.385851],[-6.595682,53.38577],[-6.595587,53.385607],[-6.595518,53.38549],[-6.595462,53.38539],[-6.595181,53.384892],[-6.595028,53.384616],[-6.594915,53.384439],[-6.594666,53.383991],[-6.594609,53.383893],[-6.594445,53.383613],[-6.594386,53.383469],[-6.594162,53.383085],[-6.594131,53.383031],[-6.593948,53.382741],[-6.593875,53.382644],[-6.593801,53.382546],[-6.593668,53.382395],[-6.593494,53.382187],[-6.593421,53.382098],[-6.593458,53.382081],[-6.593517,53.382063],[-6.593504,53.382028],[-6.593331,53.381829],[-6.593222,53.381668],[-6.593238,53.381644],[-6.593285,53.381651],[-6.593404,53.381615],[-6.593417,53.381605],[-6.593416,53.381586],[-6.593386,53.381593],[-6.593367,53.381557]],"type":"LineString"},"properties":{"hex_id":"89182c1a397ffff","service":"Food&Drinks","dest_id":"29","dest_name":"Coffee Mill","walk_min":20.73,"distance_m":1725}},{"type":"Feature","geometry":{"coordinates":[[-6.57448,53.3681],[-6.576137,53.368564],[-6.577226,53.368866],[-6.577593,53.368968],[-6.577924,53.36906],[-6.578873,53.369323],[-6.579422,53.369476],[-6.579633,53.369537],[-6.579694,53.369554],[-6.579787,53.369581],[-6.579877,53.369605],[-6.579905,53.369613],[-6.580014,53.369642],[-6.580281,53.369713],[-6.580514,53.369783],[-6.580725,53.369846],[-6.580801,53.369876],[-6.58094,53.369931],[-6.581101,53.370009],[-6.581186,53.370056],[-6.581284,53.370112],[-6.58133,53.370139],[-6.581384,53.37017],[-6.581752,53.370418],[-6.581926,53.370553],[-6.582131,53.370708],[-6.582514,53.370994],[-6.58369,53.371912],[-6.583998,53.372152],[-6.584367,53.372455],[-6.584595,53.372356],[-6.585114,53.372754],[-6.586199,53.373588],[-6.586312,53.373669],[-6.586612,53.373911],[-6.586718,53.374002],[-6.586791,53.374005],[-6.587096,53.373865],[-6.587183,53.373826],[-6.58731,53.373929],[-6.587608,53.373794]],"type":"LineString"},"properties":{"hex_id":"89182c1aeabffff","service":"Food&Drinks","dest_id":"27","dest_name":"LANA","walk_min":14.02,"distance_m":1166}},{"type":"Feature","geometry":{"coordinates":[[-6.609751,53.38553],[-6.609623,53.384981],[-6.609515,53.384877],[-6.609074,53.384796],[-6.608869,53.384704],[-6.608195,53.383569],[-6.60816,53.383425],[-6.60832,53.382832],[-6.60837,53.382526],[-6.608484,53.38213],[-6.608506,53.382041],[-6.608521,53.381954],[-6.608527,53.381924],[-6.608594,53.381733],[-6.608601,53.381665],[-6.608029,53.381644],[-6.607472,53.38161],[-6.60652,53.381542],[-6.60616,53.381529],[-6.605703,53.381523],[-6.605678,53.381523],[-6.605651,53.381524],[-6.60563,53.381524],[-6.605138,53.381538],[-6.604679,53.38157],[-6.604512,53.381587],[-6.603872,53.381653],[-6.603332,53.38172],[-6.602779,53.381783],[-6.602574,53.38181],[-6.601772,53.381892],[-6.601532,53.381916],[-6.601527,53.381951],[-6.601504,53.381984],[-6.601467,53.382011],[-6.601417,53.382031],[-6.60136,53.382041],[-6.601374,53.38208],[-6.601398,53.382181],[-6.601463,53.382181],[-6.601478,53.382181],[-6.601568,53.382335],[-6.601692,53.382401],[-6.601999,53.3824],[-6.60213,53.382379],[-6.602158,53.38238],[-6.602299,53.382384],[-6.60241,53.382384],[-6.602534,53.382401],[-6.602591,53.382421],[-6.602641,53.382438],[-6.602707,53.382474],[-6.602799,53.382539],[-6.602824,53.382557],[-6.602858,53.382604],[-6.602876,53.382624],[-6.602927,53.382681],[-6.602973,53.38273],[-6.603082,53.382877],[-6.603181,53.383015],[-6.603306,53.383162],[-6.603491,53.38309],[-6.603575,53.383081],[-6.603648,53.383053],[-6.603789,53.383011],[-6.603739,53.382943]],"type":"LineString"},"properties":{"hex_id":"89182c1a30bffff","service":"Food&Drinks","dest_id":"39","dest_name":"Maynooth Students’ Union Bar","walk_min":14.63,"distance_m":1219}},{"type":"Feature","geometry":{"coordinates":[[-6.601629,53.387277],[-6.601003,53.387033],[-6.600894,53.387122],[-6.600859,53.387146],[-6.600777,53.387176],[-6.600573,53.387153],[-6.60043,53.387111],[-6.600165,53.386994],[-6.599954,53.386919],[-6.599085,53.386606],[-6.599123,53.386565],[-6.599147,53.386551],[-6.599243,53.386468],[-6.599257,53.386454],[-6.599346,53.386371],[-6.599385,53.386332],[-6.599564,53.38618],[-6.599468,53.38614],[-6.599432,53.386127],[-6.599398,53.386092],[-6.599405,53.386085],[-6.599409,53.386077],[-6.599407,53.386068],[-6.599402,53.38606],[-6.599392,53.386054],[-6.599533,53.385928],[-6.599696,53.385787],[-6.599816,53.385677],[-6.599852,53.385645],[-6.599883,53.385621],[-6.599911,53.385585],[-6.599941,53.385489],[-6.59994,53.385432],[-6.599875,53.385349],[-6.600088,53.385285],[-6.600112,53.385276],[-6.600137,53.385262],[-6.600107,53.385178],[-6.600034,53.385086],[-6.599861,53.384883],[-6.599769,53.38475],[-6.599758,53.384734],[-6.599804,53.3846],[-6.599691,53.38448],[-6.599659,53.384404],[-6.599646,53.384325],[-6.599703,53.384262],[-6.599674,53.384254],[-6.599695,53.384216],[-6.599743,53.384175],[-6.599861,53.384103],[-6.59965,53.383843],[-6.599642,53.383833]],"type":"LineString"},"properties":{"hex_id":"89182c1a313ffff","service":"Food&Drinks","dest_id":"28","dest_name":"Subway","walk_min":6.99,"distance_m":566}},{"type":"Feature","geometry":{"coordinates":[[-6.578268,53.369155],[-6.578873,53.369323],[-6.579422,53.369476],[-6.579633,53.369537],[-6.579694,53.369554],[-6.579787,53.369581],[-6.579877,53.369605],[-6.579905,53.369613],[-6.580014,53.369642],[-6.580281,53.369713],[-6.580514,53.369783],[-6.580725,53.369846],[-6.580801,53.369876],[-6.58094,53.369931],[-6.581101,53.370009],[-6.581186,53.370056],[-6.581284,53.370112],[-6.58133,53.370139],[-6.581384,53.37017],[-6.581752,53.370418],[-6.581926,53.370553],[-6.582131,53.370708],[-6.582514,53.370994],[-6.58369,53.371912],[-6.583998,53.372152],[-6.584367,53.372455],[-6.584595,53.372356],[-6.585114,53.372754],[-6.586199,53.373588],[-6.586312,53.373669],[-6.586612,53.373911],[-6.586718,53.374002],[-6.586791,53.374005],[-6.587096,53.373865],[-6.587183,53.373826],[-6.58731,53.373929],[-6.587608,53.373794]],"type":"LineString"},"properties":{"hex_id":"89182c1ae07ffff","service":"Food&Drinks","dest_id":"27","dest_name":"LANA","walk_min":10.68,"distance_m":887}},{"type":"Feature","geometry":{"coordinates":[[-6.590175,53.365278],[-6.590121,53.365452],[-6.59011,53.365493],[-6.590089,53.365565],[-6.589952,53.36576],[-6.589741,53.365968],[-6.589493,53.365985],[-6.588994,53.365973],[-6.588904,53.365989],[-6.588859,53.366029],[-6.588841,53.366158],[-6.588838,53.366202],[-6.588948,53.366204],[-6.589058,53.366232],[-6.589128,53.366234],[-6.589215,53.366237],[-6.589287,53.366221],[-6.589353,53.366222],[-6.589511,53.36621],[-6.58981,53.366136],[-6.589968,53.366047],[-6.590249,53.365806],[-6.590386,53.365596],[-6.590431,53.365553],[-6.590621,53.365562],[-6.59075,53.365603],[-6.590804,53.365642],[-6.59089,53.365675],[-6.590991,53.365688],[-6.591107,53.365725],[-6.591257,53.36581],[-6.591299,53.365914],[-6.591323,53.366122],[-6.591277,53.366683],[-6.591274,53.366796],[-6.591251,53.367314],[-6.591217,53.367553],[-6.591211,53.367656],[-6.591165,53.368273],[-6.591132,53.368544],[-6.590931,53.369334],[-6.590907,53.369468],[-6.590897,53.369528],[-6.590783,53.369918],[-6.590722,53.370082],[-6.590625,53.370293],[-6.590588,53.370363],[-6.590516,53.370469],[-6.590511,53.370479],[-6.59043,53.370645],[-6.590355,53.370799],[-6.590298,53.370913],[-6.590192,53.37094],[-6.589631,53.371959],[-6.589425,53.371861],[-6.589358,53.37183],[-6.589297,53.372021],[-6.589221,53.372212],[-6.588259,53.373849],[-6.588249,53.373844],[-6.588113,53.373915],[-6.588021,53.373931],[-6.588273,53.374065],[-6.588237,53.374145]],"type":"LineString"},"properties":{"hex_id":"89182c1ae63ffff","service":"Food&Drinks","dest_id":"43","dest_name":"Romayo's","walk_min":16.71,"distance_m":1386}},{"type":"Feature","geometry":{"coordinates":[[-6.59745,53.39617],[-6.59745,53.39617],[-6.597405,53.396158],[-6.597367,53.39614],[-6.597337,53.396116],[-6.597319,53.396089],[-6.597313,53.39606],[-6.597319,53.396031],[-6.597339,53.396003],[-6.59737,53.395979],[-6.597412,53.39596],[-6.597459,53.395949],[-6.597518,53.395946],[-6.597644,53.395927],[-6.597919,53.395847],[-6.597934,53.395842],[-6.598042,53.39581],[-6.598287,53.395741],[-6.598546,53.395672],[-6.598779,53.395612],[-6.598951,53.395563],[-6.599181,53.395509],[-6.599193,53.395436],[-6.599214,53.395369],[-6.599259,53.395249],[-6.60022,53.395021],[-6.600291,53.394978],[-6.600304,53.394971],[-6.600269,53.394939],[-6.600194,53.394839],[-6.600173,53.394796],[-6.600135,53.394747],[-6.600134,53.394712],[-6.600147,53.394689],[-6.600179,53.394661],[-6.600233,53.39463],[-6.600309,53.394564],[-6.600319,53.394536],[-6.600321,53.394507],[-6.600294,53.39446],[-6.600221,53.394414],[-6.600155,53.394363],[-6.600125,53.394337],[-6.600028,53.394213],[-6.600004,53.394168],[-6.599976,53.39411],[-6.59998,53.39402],[-6.599995,53.393897],[-6.599976,53.39386],[-6.599924,53.393824],[-6.599773,53.393775],[-6.599526,53.393733],[-6.599395,53.393714],[-6.599171,53.393671],[-6.599119,53.393664],[-6.598938,53.393648],[-6.598965,53.393428],[-6.599644,53.393204],[-6.599601,53.393147],[-6.599549,53.393083],[-6.599587,53.393068],[-6.599601,53.393059],[-6.599607,53.393048],[-6.599612,53.393036],[-6.599617,53.393023],[-6.599594,53.392941],[-6.5994,53.392506],[-6.599344,53.392425],[-6.599167,53.3921],[-6.598825,53.391447],[-6.598797,53.391404],[-6.598582,53.391073],[-6.598364,53.390666],[-6.598215,53.390388],[-6.59792,53.389841],[-6.597633,53.389262],[-6.597544,53.389108],[-6.597416,53.388885],[-6.597346,53.388763],[-6.597235,53.388595],[-6.597134,53.388398],[-6.597079,53.388288],[-6.596926,53.387989],[-6.596915,53.387966],[-6.596513,53.387286],[-6.596235,53.386752],[-6.595918,53.386174],[-6.595774,53.385889],[-6.59573,53.385851],[-6.595682,53.38577],[-6.595587,53.385607],[-6.595518,53.38549],[-6.595462,53.38539],[-6.595181,53.384892],[-6.595028,53.384616],[-6.594915,53.384439],[-6.594666,53.383991],[-6.594609,53.383893],[-6.594445,53.383613],[-6.594386,53.383469],[-6.594162,53.383085],[-6.594131,53.383031],[-6.593948,53.382741],[-6.593875,53.382644],[-6.593801,53.382546],[-6.593668,53.382395],[-6.593494,53.382187],[-6.593421,53.382098],[-6.593458,53.382081],[-6.593517,53.382063],[-6.593504,53.382028],[-6.593331,53.381829],[-6.593222,53.381668],[-6.593238,53.381644],[-6.593285,53.381651],[-6.593404,53.381615],[-6.593417,53.381605],[-6.593416,53.381586],[-6.593386,53.381593],[-6.593367,53.381557]],"type":"LineString"},"properties":{"hex_id":"89182c1a393ffff","service":"Food&Drinks","dest_id":"29","dest_name":"Coffee Mill","walk_min":23.32,"distance_m":1941}},{"type":"Feature","geometry":{"coordinates":[[-6.599459,53.383127],[-6.5997,53.383176],[-6.599805,53.383205],[-6.599971,53.383399],[-6.599988,53.383434],[-6.600027,53.383499],[-6.600014,53.38352],[-6.599934,53.383557],[-6.599949,53.383584],[-6.599823,53.383626],[-6.59956,53.38371],[-6.599526,53.383721],[-6.599587,53.383796],[-6.599611,53.383795],[-6.599642,53.383833]],"type":"LineString"},"properties":{"hex_id":"89182c1a333ffff","service":"Food&Drinks","dest_id":"28","dest_name":"Subway","walk_min":1.45,"distance_m":121}},{"type":"Feature","geometry":{"coordinates":[[-6.581677,53.36354],[-6.581897,53.363569],[-6.582143,53.363672],[-6.582133,53.364093],[-6.582097,53.364324],[-6.582078,53.364449],[-6.582528,53.364581],[-6.583056,53.364697],[-6.583418,53.364755],[-6.583737,53.364807],[-6.584107,53.364809],[-6.584657,53.364697],[-6.585012,53.364626],[-6.585365,53.364599],[-6.585787,53.364586],[-6.587501,53.364556],[-6.588145,53.364552],[-6.589129,53.36452],[-6.589334,53.364537],[-6.589491,53.364564],[-6.590147,53.364678],[-6.590623,53.36476],[-6.590924,53.364814],[-6.590968,53.364822],[-6.591256,53.36485],[-6.59134,53.364848],[-6.591423,53.364846],[-6.591427,53.364911],[-6.59142,53.365042],[-6.59138,53.365147],[-6.591223,53.365385],[-6.591262,53.365416],[-6.59129,53.365451],[-6.591304,53.365489],[-6.591303,53.365536],[-6.591282,53.365581],[-6.591241,53.365621],[-6.59126,53.365686],[-6.591259,53.365748],[-6.591257,53.36581],[-6.591299,53.365914],[-6.591323,53.366122],[-6.591277,53.366683],[-6.591274,53.366796],[-6.591251,53.367314],[-6.591217,53.367553],[-6.591211,53.367656],[-6.591165,53.368273],[-6.591132,53.368544],[-6.590931,53.369334],[-6.590907,53.369468],[-6.590897,53.369528],[-6.590783,53.369918],[-6.590722,53.370082],[-6.590625,53.370293],[-6.590588,53.370363],[-6.590516,53.370469],[-6.590511,53.370479],[-6.59043,53.370645],[-6.590355,53.370799],[-6.590298,53.370913],[-6.590192,53.37094],[-6.589631,53.371959],[-6.589425,53.371861],[-6.589358,53.37183],[-6.589297,53.372021],[-6.589221,53.372212],[-6.588259,53.373849],[-6.588249,53.373844],[-6.588113,53.373915],[-6.588021,53.373931],[-6.588273,53.374065],[-6.588237,53.374145]],"type":"LineString"},"properties":{"hex_id":"89182c1ae2bffff","service":"Food&Drinks","dest_id":"43","dest_name":"Romayo's","walk_min":22.68,"distance_m":1884}},{"type":"Feature","geometry":{"coordinates":[[-6.604904,53.385955],[-6.604609,53.385975],[-6.604351,53.385971],[-6.604242,53.38596],[-6.604249,53.385916],[-6.604236,53.385887],[-6.604225,53.385877],[-6.603644,53.385179],[-6.60354,53.385048],[-6.6036,53.385034],[-6.603209,53.384534],[-6.603173,53.38449],[-6.603136,53.384441],[-6.603616,53.384301]],"type":"LineString"},"properties":{"hex_id":"89182c1a31bffff","service":"Food&Drinks","dest_id":"36","dest_name":"Phoenix Restaurant","walk_min":3.23,"distance_m":270}},{"type":"Feature","geometry":{"coordinates":[[-6.574671,53.385375],[-6.574469,53.385124],[-6.574064,53.384628],[-6.57415,53.384608],[-6.578291,53.383391],[-6.580905,53.382625],[-6.581554,53.382443],[-6.581587,53.382414],[-6.581971,53.382322],[-6.582078,53.382301],[-6.582247,53.382282],[-6.582349,53.382267],[-6.582439,53.382239],[-6.582487,53.382207],[-6.58253,53.382182],[-6.582554,53.382141],[-6.582563,53.382115],[-6.582581,53.382055],[-6.582504,53.382034],[-6.582466,53.382012],[-6.582441,53.381984],[-6.58243,53.381953],[-6.582435,53.381921],[-6.582454,53.381891],[-6.582464,53.381882],[-6.582501,53.381796],[-6.582493,53.381688],[-6.582455,53.381648],[-6.582397,53.381602],[-6.582343,53.38158],[-6.582264,53.381579],[-6.582158,53.381577],[-6.582055,53.381543],[-6.581913,53.381545],[-6.581841,53.381546],[-6.581793,53.381547],[-6.581789,53.381643],[-6.581732,53.381638],[-6.581576,53.381623],[-6.581558,53.381621]],"type":"LineString"},"properties":{"hex_id":"89182c1a177ffff","service":"Food&Drinks","dest_id":"1","dest_name":"McDonald's","walk_min":10.33,"distance_m":861}},{"type":"Feature","geometry":{"coordinates":[[-6.578126,53.387843],[-6.57832,53.38791],[-6.578168,53.388064],[-6.57811,53.388125],[-6.57808,53.388158],[-6.578505,53.388251],[-6.578715,53.388282],[-6.579125,53.388312],[-6.579334,53.3883],[-6.579416,53.388311],[-6.57955,53.388375],[-6.579686,53.388414],[-6.580104,53.388459],[-6.580168,53.388465],[-6.58033,53.388479],[-6.58048,53.388503],[-6.580962,53.38852],[-6.581593,53.388563],[-6.581751,53.388565],[-6.581991,53.388561],[-6.582251,53.388541],[-6.582244,53.388518],[-6.582789,53.388456],[-6.582803,53.388445],[-6.583083,53.388371],[-6.583107,53.388353],[-6.58317,53.38833],[-6.58324,53.388309],[-6.583277,53.388316],[-6.583498,53.388239],[-6.583675,53.388169],[-6.583853,53.388085],[-6.584224,53.387895],[-6.584285,53.387936],[-6.584675,53.38773],[-6.584839,53.387632],[-6.585257,53.387317],[-6.585584,53.387106],[-6.585766,53.386988],[-6.585825,53.386946],[-6.5862,53.386686],[-6.58648,53.38649],[-6.586608,53.386401],[-6.586714,53.386317],[-6.586784,53.386262],[-6.587161,53.385943],[-6.587483,53.385663],[-6.587974,53.385227],[-6.588003,53.385201],[-6.588125,53.385092],[-6.588219,53.385008],[-6.588395,53.38485],[-6.588426,53.384824],[-6.588489,53.384768],[-6.588602,53.384657],[-6.588686,53.384578],[-6.58882,53.384452],[-6.588886,53.384384],[-6.589019,53.384248],[-6.589069,53.384193],[-6.589284,53.383959],[-6.58942,53.383792],[-6.589532,53.383621],[-6.589591,53.38348],[-6.5896,53.383374],[-6.589596,53.383306],[-6.589574,53.38324],[-6.589165,53.382759],[-6.5892,53.382749],[-6.588891,53.382394],[-6.588853,53.382347],[-6.588836,53.38232],[-6.588843,53.382307],[-6.588887,53.382249],[-6.588746,53.382189],[-6.588772,53.382147],[-6.588707,53.382142],[-6.588678,53.382126],[-6.58865,53.382092],[-6.588623,53.382058],[-6.58861,53.382052]],"type":"LineString"},"properties":{"hex_id":"89182c1a173ffff","service":"Food&Drinks","dest_id":"9","dest_name":"Avenue","walk_min":15.53,"distance_m":1292}},{"type":"Feature","geometry":{"coordinates":[[-6.615305,53.379816],[-6.613216,53.379352],[-6.612753,53.379245],[-6.611711,53.379015],[-6.610483,53.378737],[-6.609871,53.378599],[-6.608414,53.378276],[-6.607431,53.378062],[-6.606378,53.377818],[-6.605499,53.37762],[-6.604388,53.377371],[-6.6032,53.377088],[-6.602653,53.376961],[-6.602122,53.376843],[-6.601545,53.376721],[-6.60096,53.37663],[-6.60038,53.37656],[-6.59976,53.37651],[-6.59908,53.376482],[-6.59844,53.376489],[-6.597857,53.376508],[-6.597619,53.376527],[-6.597185,53.376575],[-6.596996,53.376621],[-6.596958,53.376629],[-6.596816,53.376681],[-6.596761,53.376694],[-6.59656,53.376719],[-6.596519,53.376724],[-6.596434,53.376731],[-6.596458,53.376684],[-6.596542,53.376516],[-6.596558,53.376485],[-6.596653,53.376216],[-6.596661,53.376177],[-6.596676,53.376072],[-6.596696,53.375914],[-6.59672,53.375794],[-6.596754,53.375673],[-6.596765,53.375548],[-6.596764,53.375464],[-6.596792,53.37526],[-6.596831,53.374946],[-6.596771,53.374868],[-6.596776,53.374847],[-6.596792,53.374758],[-6.596815,53.374652],[-6.596844,53.374542],[-6.596904,53.374327],[-6.59697,53.374154],[-6.597312,53.373468],[-6.597365,53.373358],[-6.597438,53.373191],[-6.597492,53.373087],[-6.597781,53.373085],[-6.598032,53.373068],[-6.598467,53.373059],[-6.598654,53.373056],[-6.598753,53.373038],[-6.598654,53.372983],[-6.598563,53.373009],[-6.598357,53.372986],[-6.598306,53.372977]],"type":"LineString"},"properties":{"hex_id":"89182c1a36fffff","service":"Food&Drinks","dest_id":"42","dest_name":"Golden Palace Chinese Restaurant","walk_min":22.29,"distance_m":1858}},{"type":"Feature","geometry":{"coordinates":[[-6.601987,53.397003],[-6.601903,53.396863],[-6.601472,53.396091],[-6.60145,53.39605],[-6.60127,53.395722],[-6.60092,53.395059],[-6.600571,53.394453],[-6.600025,53.393506],[-6.599935,53.393346],[-6.599818,53.393149],[-6.599788,53.39309],[-6.59965,53.393131],[-6.599601,53.393147],[-6.599549,53.393083],[-6.599587,53.393068],[-6.599601,53.393059],[-6.599607,53.393048],[-6.599612,53.393036],[-6.599617,53.393023],[-6.599594,53.392941],[-6.5994,53.392506],[-6.599344,53.392425],[-6.599167,53.3921],[-6.598825,53.391447],[-6.598797,53.391404],[-6.598582,53.391073],[-6.598364,53.390666],[-6.598215,53.390388],[-6.59792,53.389841],[-6.597633,53.389262],[-6.597544,53.389108],[-6.597416,53.388885],[-6.597346,53.388763],[-6.597235,53.388595],[-6.597134,53.388398],[-6.597079,53.388288],[-6.596926,53.387989],[-6.596915,53.387966],[-6.596513,53.387286],[-6.596235,53.386752],[-6.595918,53.386174],[-6.595774,53.385889],[-6.59573,53.385851],[-6.595682,53.38577],[-6.595587,53.385607],[-6.595518,53.38549],[-6.595462,53.38539],[-6.595181,53.384892],[-6.595028,53.384616],[-6.594915,53.384439],[-6.594666,53.383991],[-6.594609,53.383893],[-6.594445,53.383613],[-6.594386,53.383469],[-6.594162,53.383085],[-6.594131,53.383031],[-6.593948,53.382741],[-6.593875,53.382644],[-6.593801,53.382546],[-6.593668,53.382395],[-6.593494,53.382187],[-6.593421,53.382098],[-6.593458,53.382081],[-6.593517,53.382063],[-6.593504,53.382028],[-6.593331,53.381829],[-6.593222,53.381668],[-6.593238,53.381644],[-6.593285,53.381651],[-6.593404,53.381615],[-6.593417,53.381605],[-6.593416,53.381586],[-6.593386,53.381593],[-6.593367,53.381557]],"type":"LineString"},"properties":{"hex_id":"89182c1a3d7ffff","service":"Food&Drinks","dest_id":"29","dest_name":"Coffee Mill","walk_min":22.34,"distance_m":1856}},{"type":"Feature","geometry":{"coordinates":[[-6.604904,53.385955],[-6.604609,53.385975],[-6.604351,53.385971],[-6.604242,53.38596],[-6.604249,53.385916],[-6.604236,53.385887],[-6.604225,53.385877],[-6.603644,53.385179],[-6.60354,53.385048],[-6.6036,53.385034],[-6.603209,53.384534],[-6.603173,53.38449],[-6.603136,53.384441],[-6.603616,53.384301]],"type":"LineString"},"properties":{"hex_id":"89182c1a303ffff","service":"Food&Drinks","dest_id":"36","dest_name":"Phoenix Restaurant","walk_min":3.23,"distance_m":270}},{"type":"Feature","geometry":{"coordinates":[[-6.588173,53.368029],[-6.588189,53.36799],[-6.588258,53.367797],[-6.588217,53.367737],[-6.587705,53.367722],[-6.587415,53.367701],[-6.587098,53.367685],[-6.586998,53.367746],[-6.586916,53.367836],[-6.586824,53.367936],[-6.586692,53.368029],[-6.586547,53.368162],[-6.586892,53.368499],[-6.587178,53.368673],[-6.587493,53.368804],[-6.588038,53.368969],[-6.588284,53.369036],[-6.588363,53.369049],[-6.589788,53.369284],[-6.590835,53.369456],[-6.590817,53.369514],[-6.590897,53.369528],[-6.590783,53.369918],[-6.590722,53.370082],[-6.590625,53.370293],[-6.590588,53.370363],[-6.590516,53.370469],[-6.590511,53.370479],[-6.59043,53.370645],[-6.590355,53.370799],[-6.590298,53.370913],[-6.590192,53.37094],[-6.589631,53.371959],[-6.589425,53.371861],[-6.589358,53.37183],[-6.589297,53.372021],[-6.589221,53.372212],[-6.588259,53.373849],[-6.588249,53.373844],[-6.588113,53.373915],[-6.588021,53.373931],[-6.588273,53.374065],[-6.588237,53.374145]],"type":"LineString"},"properties":{"hex_id":"89182c1ae73ffff","service":"Food&Drinks","dest_id":"43","dest_name":"Romayo's","walk_min":13.4,"distance_m":1114}},{"type":"Feature","geometry":{"coordinates":[[-6.567742,53.361618],[-6.567318,53.361765],[-6.567027,53.361877],[-6.566947,53.361931],[-6.567134,53.362122],[-6.566726,53.362341],[-6.566516,53.362479],[-6.566326,53.362667],[-6.566111,53.363192],[-6.56613,53.363736],[-6.566097,53.364479],[-6.566075,53.364763],[-6.566048,53.365417],[-6.565996,53.366692],[-6.565991,53.366834],[-6.565997,53.366889],[-6.56604,53.366948],[-6.566102,53.366978],[-6.566183,53.366993],[-6.567038,53.367023],[-6.567547,53.367041],[-6.567762,53.367048],[-6.568705,53.367081],[-6.569815,53.367118],[-6.570872,53.367149],[-6.571138,53.367186],[-6.571245,53.367206],[-6.571755,53.367337],[-6.576137,53.368564],[-6.577226,53.368866],[-6.577593,53.368968],[-6.577924,53.36906],[-6.578873,53.369323],[-6.579422,53.369476],[-6.579633,53.369537],[-6.579694,53.369554],[-6.579787,53.369581],[-6.579877,53.369605],[-6.579905,53.369613],[-6.580014,53.369642],[-6.580281,53.369713],[-6.580514,53.369783],[-6.580725,53.369846],[-6.580801,53.369876],[-6.58094,53.369931],[-6.581101,53.370009],[-6.581186,53.370056],[-6.581284,53.370112],[-6.58133,53.370139],[-6.581384,53.37017],[-6.581752,53.370418],[-6.581926,53.370553],[-6.582131,53.370708],[-6.582514,53.370994],[-6.58369,53.371912],[-6.583998,53.372152],[-6.584367,53.372455],[-6.584595,53.372356],[-6.585114,53.372754],[-6.586199,53.373588],[-6.586312,53.373669],[-6.586612,53.373911],[-6.586718,53.374002],[-6.586791,53.374005],[-6.587096,53.373865],[-6.587183,53.373826],[-6.58731,53.373929],[-6.587608,53.373794]],"type":"LineString"},"properties":{"hex_id":"89182c1a8cbffff","service":"Food&Drinks","dest_id":"27","dest_name":"LANA","walk_min":28.85,"distance_m":2401}},{"type":"Feature","geometry":{"coordinates":[[-6.567796,53.386378],[-6.567807,53.386391],[-6.567885,53.386647],[-6.567893,53.386841],[-6.567771,53.387167],[-6.567894,53.387242],[-6.568041,53.387304],[-6.568121,53.387336],[-6.568511,53.387386],[-6.568984,53.387388],[-6.569312,53.387389],[-6.569656,53.387392],[-6.569867,53.38738],[-6.570305,53.387339],[-6.570484,53.387318],[-6.570596,53.387308],[-6.571064,53.387238],[-6.571607,53.387146],[-6.572107,53.387043],[-6.572707,53.386914],[-6.573289,53.386758],[-6.573734,53.38663],[-6.574247,53.386485],[-6.574769,53.386335],[-6.575206,53.386232],[-6.575328,53.386194],[-6.575399,53.386173],[-6.577023,53.385682],[-6.577468,53.385554],[-6.578466,53.385268],[-6.580431,53.384687],[-6.58099,53.384518],[-6.581785,53.384292],[-6.582691,53.38403],[-6.583201,53.383883],[-6.583674,53.383739],[-6.583518,53.383484],[-6.583493,53.383438],[-6.583306,53.383185],[-6.583148,53.383029],[-6.58297,53.382785],[-6.582731,53.382499],[-6.582623,53.382372],[-6.582565,53.382274],[-6.582487,53.382207],[-6.58253,53.382182],[-6.582554,53.382141],[-6.582563,53.382115],[-6.582581,53.382055],[-6.582504,53.382034],[-6.582466,53.382012],[-6.582441,53.381984],[-6.58243,53.381953],[-6.582435,53.381921],[-6.582454,53.381891],[-6.582464,53.381882],[-6.582501,53.381796],[-6.582493,53.381688],[-6.582455,53.381648],[-6.582397,53.381602],[-6.582343,53.38158],[-6.582264,53.381579],[-6.582158,53.381577],[-6.582055,53.381543],[-6.581913,53.381545],[-6.581841,53.381546],[-6.581793,53.381547],[-6.581789,53.381643],[-6.581732,53.381638],[-6.581576,53.381623],[-6.581558,53.381621]],"type":"LineString"},"properties":{"hex_id":"89182c1a13bffff","service":"Food&Drinks","dest_id":"1","dest_name":"McDonald's","walk_min":18.93,"distance_m":1577}},{"type":"Feature","geometry":{"coordinates":[[-6.579557,53.384945],[-6.580431,53.384687],[-6.58099,53.384518],[-6.581785,53.384292],[-6.582691,53.38403],[-6.583201,53.383883],[-6.583674,53.383739],[-6.583518,53.383484],[-6.583493,53.383438],[-6.583306,53.383185],[-6.583148,53.383029],[-6.58297,53.382785],[-6.582731,53.382499],[-6.582623,53.382372],[-6.582565,53.382274],[-6.582487,53.382207],[-6.58253,53.382182],[-6.582554,53.382141],[-6.582563,53.382115],[-6.582581,53.382055],[-6.582504,53.382034],[-6.582466,53.382012],[-6.582441,53.381984],[-6.58243,53.381953],[-6.582435,53.381921],[-6.582454,53.381891],[-6.582464,53.381882],[-6.582501,53.381796],[-6.582493,53.381688],[-6.582455,53.381648],[-6.582397,53.381602],[-6.582343,53.38158],[-6.582264,53.381579],[-6.582158,53.381577],[-6.582055,53.381543],[-6.581913,53.381545],[-6.581841,53.381546],[-6.581793,53.381547],[-6.581789,53.381643],[-6.581732,53.381638],[-6.581576,53.381623],[-6.581558,53.381621]],"type":"LineString"},"properties":{"hex_id":"89182c1a163ffff","service":"Food&Drinks","dest_id":"1","dest_name":"McDonald's","walk_min":7.66,"distance_m":638}},{"type":"Feature","geometry":{"coordinates":[[-6.565101,53.367451],[-6.5651,53.367433],[-6.565185,53.367356],[-6.565237,53.367358],[-6.565374,53.367408],[-6.565615,53.367186],[-6.565697,53.367064],[-6.565742,53.367015],[-6.56577,53.366986],[-6.565873,53.366987],[-6.56604,53.366948],[-6.566102,53.366978],[-6.566183,53.366993],[-6.567038,53.367023],[-6.567547,53.367041],[-6.567762,53.367048],[-6.568705,53.367081],[-6.569815,53.367118],[-6.570872,53.367149],[-6.571138,53.367186],[-6.571245,53.367206],[-6.571755,53.367337],[-6.576137,53.368564],[-6.577226,53.368866],[-6.577593,53.368968],[-6.577924,53.36906],[-6.578873,53.369323],[-6.579422,53.369476],[-6.579633,53.369537],[-6.579694,53.369554],[-6.579787,53.369581],[-6.579877,53.369605],[-6.579905,53.369613],[-6.580014,53.369642],[-6.580281,53.369713],[-6.580514,53.369783],[-6.580725,53.369846],[-6.580801,53.369876],[-6.58094,53.369931],[-6.581101,53.370009],[-6.581186,53.370056],[-6.581284,53.370112],[-6.58133,53.370139],[-6.581384,53.37017],[-6.581752,53.370418],[-6.581926,53.370553],[-6.582131,53.370708],[-6.582514,53.370994],[-6.58369,53.371912],[-6.583998,53.372152],[-6.584367,53.372455],[-6.584595,53.372356],[-6.585114,53.372754],[-6.586199,53.373588],[-6.586312,53.373669],[-6.586612,53.373911],[-6.586718,53.374002],[-6.586791,53.374005],[-6.587096,53.373865],[-6.587183,53.373826],[-6.58731,53.373929],[-6.587608,53.373794]],"type":"LineString"},"properties":{"hex_id":"89182c1aea7ffff","service":"Food&Drinks","dest_id":"27","dest_name":"LANA","walk_min":22.25,"distance_m":1851}},{"type":"Feature","geometry":{"coordinates":[[-6.607474,53.377206],[-6.607737,53.377072],[-6.607797,53.377041],[-6.607661,53.376949],[-6.607541,53.376855],[-6.607427,53.376764],[-6.607195,53.376551],[-6.607099,53.376469],[-6.606784,53.376255],[-6.606709,53.376194],[-6.606633,53.376106],[-6.606597,53.376008],[-6.6066,53.375901],[-6.606664,53.375745],[-6.60667,53.375712],[-6.606672,53.375676],[-6.606637,53.375591],[-6.606542,53.375441],[-6.606282,53.375482],[-6.60615,53.375505],[-6.606037,53.375531],[-6.605949,53.375565],[-6.605493,53.375844],[-6.605308,53.375967],[-6.605005,53.375774],[-6.604723,53.375587],[-6.604423,53.375391],[-6.604284,53.375304],[-6.604299,53.375266],[-6.604307,53.375244],[-6.604299,53.375221],[-6.604279,53.3752],[-6.604248,53.375178],[-6.60416,53.375131],[-6.604031,53.375057],[-6.603986,53.375016],[-6.603913,53.374907],[-6.603903,53.37487],[-6.603595,53.374908],[-6.603286,53.374937],[-6.603093,53.374954],[-6.602882,53.37499],[-6.602841,53.374999],[-6.602646,53.375051],[-6.602426,53.375119],[-6.602275,53.375172],[-6.602107,53.375231],[-6.601975,53.375276],[-6.601795,53.37533],[-6.601501,53.375398],[-6.601255,53.375434],[-6.600891,53.375457],[-6.60059,53.375475],[-6.600526,53.375266],[-6.600478,53.375147],[-6.600367,53.374994],[-6.600192,53.374766],[-6.600079,53.374478],[-6.599974,53.374199],[-6.599833,53.373879],[-6.599744,53.373642],[-6.599612,53.373363],[-6.599585,53.373291],[-6.599403,53.373318],[-6.598986,53.37339],[-6.598455,53.373441],[-6.597641,53.373491],[-6.59757,53.373487],[-6.597312,53.373468],[-6.597365,53.373358],[-6.597438,53.373191],[-6.597492,53.373087],[-6.597781,53.373085],[-6.598032,53.373068],[-6.598467,53.373059],[-6.598654,53.373056],[-6.598753,53.373038],[-6.598654,53.372983],[-6.598563,53.373009],[-6.598357,53.372986],[-6.598306,53.372977]],"type":"LineString"},"properties":{"hex_id":"89182c18593ffff","service":"Food&Drinks","dest_id":"42","dest_name":"Golden Palace Chinese Restaurant","walk_min":15.58,"distance_m":1298}},{"type":"Feature","geometry":{"coordinates":[[-6.599085,53.375554],[-6.59899,53.375574],[-6.598749,53.375602],[-6.598599,53.375625],[-6.597823,53.375719],[-6.597725,53.375723],[-6.597651,53.375726],[-6.597644,53.375675],[-6.597333,53.375654],[-6.596922,53.375627],[-6.596765,53.375548],[-6.596764,53.375464],[-6.596792,53.37526],[-6.596831,53.374946],[-6.596771,53.374868],[-6.596776,53.374847],[-6.596792,53.374758],[-6.596815,53.374652],[-6.596844,53.374542],[-6.596904,53.374327],[-6.59697,53.374154],[-6.597312,53.373468],[-6.597365,53.373358],[-6.597438,53.373191],[-6.597492,53.373087],[-6.597781,53.373085],[-6.598032,53.373068],[-6.598467,53.373059],[-6.598654,53.373056],[-6.598753,53.373038],[-6.598654,53.372983],[-6.598563,53.373009],[-6.598357,53.372986],[-6.598306,53.372977]],"type":"LineString"},"properties":{"hex_id":"89182c1ae5bffff","service":"Food&Drinks","dest_id":"42","dest_name":"Golden Palace Chinese Restaurant","walk_min":6.77,"distance_m":564}},{"type":"Feature","geometry":{"coordinates":[[-6.581079,53.381996],[-6.581193,53.38201],[-6.581215,53.381943],[-6.582316,53.382058],[-6.582316,53.382021],[-6.582309,53.381972],[-6.582298,53.381929],[-6.582358,53.381918],[-6.582454,53.381891],[-6.582464,53.381882],[-6.582501,53.381796],[-6.582493,53.381688],[-6.582455,53.381648],[-6.582397,53.381602],[-6.582343,53.38158],[-6.582264,53.381579],[-6.582158,53.381577],[-6.582055,53.381543],[-6.581913,53.381545],[-6.581841,53.381546],[-6.581793,53.381547],[-6.581789,53.381643],[-6.581732,53.381638],[-6.581576,53.381623],[-6.581558,53.381621]],"type":"LineString"},"properties":{"hex_id":"89182c1a16fffff","service":"Food&Drinks","dest_id":"1","dest_name":"McDonald's","walk_min":2.62,"distance_m":218}},{"type":"Feature","geometry":{"coordinates":[[-6.585627,53.373596],[-6.585729,53.373673],[-6.586249,53.374074],[-6.58638,53.374014],[-6.586612,53.373911],[-6.586718,53.374002],[-6.586791,53.374005],[-6.587096,53.373865],[-6.587183,53.373826],[-6.58731,53.373929],[-6.587608,53.373794]],"type":"LineString"},"properties":{"hex_id":"89182c1ae1bffff","service":"Food&Drinks","dest_id":"27","dest_name":"LANA","walk_min":2.24,"distance_m":187}},{"type":"Feature","geometry":{"coordinates":[[-6.592174,53.378716],[-6.592174,53.378716],[-6.592136,53.378802],[-6.592064,53.378957],[-6.591997,53.379101],[-6.591927,53.379081],[-6.591867,53.379197],[-6.591826,53.379185],[-6.591807,53.379228],[-6.591793,53.379261],[-6.59179,53.379289],[-6.591848,53.379386],[-6.591792,53.3794],[-6.591763,53.379409],[-6.591601,53.379457],[-6.591554,53.379472],[-6.59146,53.379509],[-6.591423,53.379537],[-6.591381,53.379572],[-6.591631,53.379882],[-6.591691,53.379956],[-6.591833,53.380137],[-6.591966,53.380315],[-6.591983,53.380339],[-6.592014,53.380379],[-6.592037,53.380408],[-6.592132,53.380528],[-6.592084,53.380542],[-6.592139,53.380617],[-6.592112,53.380635],[-6.592244,53.380789]],"type":"LineString"},"properties":{"hex_id":"89182c1aecbffff","service":"Food&Drinks","dest_id":"4","dest_name":"The Roost","walk_min":3.36,"distance_m":280}},{"type":"Feature","geometry":{"coordinates":[[-6.579453,53.377031],[-6.579458,53.377021],[-6.579536,53.376967],[-6.579605,53.376965],[-6.579689,53.377],[-6.579749,53.377071],[-6.579919,53.377595],[-6.580004,53.377586],[-6.580047,53.377721],[-6.580467,53.377681],[-6.580879,53.377635],[-6.581475,53.37756],[-6.581642,53.377979],[-6.581631,53.37807],[-6.581743,53.378054],[-6.581836,53.378295],[-6.581898,53.378287],[-6.5824,53.378222],[-6.582736,53.37818],[-6.582899,53.378159],[-6.583506,53.378079],[-6.583559,53.378072],[-6.583908,53.378031],[-6.584789,53.377936],[-6.585229,53.377891],[-6.585783,53.377844],[-6.586366,53.377825],[-6.586573,53.377821],[-6.587073,53.377813],[-6.587414,53.377807],[-6.587449,53.377806],[-6.587531,53.378021],[-6.587616,53.378218],[-6.587658,53.378319],[-6.587719,53.378437],[-6.588001,53.378907],[-6.588066,53.379],[-6.588023,53.379],[-6.588028,53.37903],[-6.588349,53.37946],[-6.588428,53.379539],[-6.588481,53.379637],[-6.588788,53.379929],[-6.588763,53.379938],[-6.588697,53.3799],[-6.588633,53.379931],[-6.588604,53.379946],[-6.58864,53.379977],[-6.588546,53.380033]],"type":"LineString"},"properties":{"hex_id":"89182c1ae8bffff","service":"Food&Drinks","dest_id":"22","dest_name":"Shoda Market Cafe","walk_min":11.58,"distance_m":966}},{"type":"Feature","geometry":{"coordinates":[[-6.580681,53.365944],[-6.580744,53.36588],[-6.580809,53.365825],[-6.580997,53.365685],[-6.580869,53.36552],[-6.580737,53.36534],[-6.58064,53.365371],[-6.580634,53.365325],[-6.580672,53.365227],[-6.580729,53.365186],[-6.580801,53.365179],[-6.580799,53.365232],[-6.58247,53.365237],[-6.582469,53.365221],[-6.58266,53.36522],[-6.582657,53.365082],[-6.582803,53.365082],[-6.582801,53.365143],[-6.582929,53.36515],[-6.583009,53.365154],[-6.582985,53.365242],[-6.582946,53.365382],[-6.582918,53.365485],[-6.582895,53.365567],[-6.582863,53.365682],[-6.582975,53.365693],[-6.583552,53.365748],[-6.584128,53.365803],[-6.584226,53.365813],[-6.584161,53.366067],[-6.584159,53.366112],[-6.585525,53.366146],[-6.586916,53.366171],[-6.587917,53.366186],[-6.588838,53.366202],[-6.588948,53.366204],[-6.589058,53.366232],[-6.589128,53.366234],[-6.589215,53.366237],[-6.589287,53.366221],[-6.589353,53.366222],[-6.589511,53.36621],[-6.58981,53.366136],[-6.589968,53.366047],[-6.590249,53.365806],[-6.590386,53.365596],[-6.590431,53.365553],[-6.590621,53.365562],[-6.59075,53.365603],[-6.590804,53.365642],[-6.59089,53.365675],[-6.590991,53.365688],[-6.591107,53.365725],[-6.591257,53.36581],[-6.591299,53.365914],[-6.591323,53.366122],[-6.591277,53.366683],[-6.591274,53.366796],[-6.591251,53.367314],[-6.591217,53.367553],[-6.591211,53.367656],[-6.591165,53.368273],[-6.591132,53.368544],[-6.590931,53.369334],[-6.590907,53.369468],[-6.590897,53.369528],[-6.590783,53.369918],[-6.590722,53.370082],[-6.590625,53.370293],[-6.590588,53.370363],[-6.590516,53.370469],[-6.590511,53.370479],[-6.59043,53.370645],[-6.590355,53.370799],[-6.590298,53.370913],[-6.590192,53.37094],[-6.589631,53.371959],[-6.589425,53.371861],[-6.589358,53.37183],[-6.589297,53.372021],[-6.589221,53.372212],[-6.588259,53.373849],[-6.588249,53.373844],[-6.588113,53.373915],[-6.588021,53.373931],[-6.588273,53.374065],[-6.588237,53.374145]],"type":"LineString"},"properties":{"hex_id":"89182c1ae3bffff","service":"Food&Drinks","dest_id":"43","dest_name":"Romayo's","walk_min":24.18,"distance_m":2009}},{"type":"Feature","geometry":{"coordinates":[[-6.576762,53.377115],[-6.576368,53.377575],[-6.575875,53.378401],[-6.57653,53.378546],[-6.577773,53.378827],[-6.578077,53.378805],[-6.578379,53.378767],[-6.578655,53.378728],[-6.579673,53.378595],[-6.580136,53.378524],[-6.580291,53.378502],[-6.580642,53.378454],[-6.581206,53.378376],[-6.581836,53.378295],[-6.581898,53.378287],[-6.5824,53.378222],[-6.582736,53.37818],[-6.582899,53.378159],[-6.583506,53.378079],[-6.583559,53.378072],[-6.583908,53.378031],[-6.584789,53.377936],[-6.585229,53.377891],[-6.585783,53.377844],[-6.586366,53.377825],[-6.586573,53.377821],[-6.587073,53.377813],[-6.587414,53.377807],[-6.587449,53.377806],[-6.587531,53.378021],[-6.587616,53.378218],[-6.587658,53.378319],[-6.587719,53.378437],[-6.588001,53.378907],[-6.588066,53.379],[-6.588023,53.379],[-6.588028,53.37903],[-6.588349,53.37946],[-6.588428,53.379539],[-6.588481,53.379637],[-6.588788,53.379929],[-6.588763,53.379938],[-6.588697,53.3799],[-6.588633,53.379931],[-6.588604,53.379946],[-6.58864,53.379977],[-6.588546,53.380033]],"type":"LineString"},"properties":{"hex_id":"89182c1ae8fffff","service":"Food&Drinks","dest_id":"22","dest_name":"Shoda Market Cafe","walk_min":14.79,"distance_m":1233}},{"type":"Feature","geometry":{"coordinates":[[-6.60993,53.379494],[-6.60994,53.379675],[-6.609722,53.380012],[-6.609577,53.380236],[-6.609503,53.380327],[-6.609381,53.380537],[-6.609268,53.38069],[-6.609181,53.380813],[-6.609037,53.381095],[-6.608984,53.381185],[-6.608939,53.381278],[-6.6089,53.38134],[-6.608895,53.381349],[-6.60888,53.381371],[-6.608822,53.381535],[-6.6088,53.381597],[-6.608746,53.381754],[-6.608737,53.381811],[-6.608729,53.381846],[-6.60872,53.381923],[-6.608643,53.382005],[-6.608506,53.382041],[-6.608521,53.381954],[-6.608527,53.381924],[-6.608594,53.381733],[-6.608601,53.381665],[-6.608029,53.381644],[-6.607472,53.38161],[-6.60652,53.381542],[-6.60616,53.381529],[-6.605703,53.381523],[-6.605678,53.381523],[-6.605651,53.381524],[-6.60563,53.381524],[-6.605138,53.381538],[-6.604679,53.38157],[-6.604512,53.381587],[-6.603872,53.381653],[-6.603332,53.38172],[-6.602779,53.381783],[-6.602574,53.38181],[-6.601772,53.381892],[-6.601532,53.381916],[-6.601527,53.381951],[-6.601504,53.381984],[-6.601467,53.382011],[-6.601417,53.382031],[-6.60136,53.382041],[-6.601374,53.38208],[-6.601398,53.382181],[-6.601463,53.382181],[-6.601478,53.382181],[-6.601568,53.382335],[-6.601692,53.382401],[-6.601999,53.3824],[-6.60213,53.382379],[-6.602158,53.38238],[-6.602299,53.382384],[-6.60241,53.382384],[-6.602534,53.382401],[-6.602591,53.382421],[-6.602641,53.382438],[-6.602707,53.382474],[-6.602799,53.382539],[-6.602824,53.382557],[-6.602858,53.382604],[-6.602876,53.382624],[-6.602927,53.382681],[-6.602973,53.38273],[-6.603082,53.382877],[-6.603181,53.383015],[-6.603306,53.383162],[-6.603491,53.38309],[-6.603575,53.383081],[-6.603648,53.383053],[-6.603789,53.383011],[-6.603739,53.382943]],"type":"LineString"},"properties":{"hex_id":"89182c1a367ffff","service":"Food&Drinks","dest_id":"39","dest_name":"Maynooth Students’ Union Bar","walk_min":13.13,"distance_m":1095}},{"type":"Feature","geometry":{"coordinates":[[-6.605825,53.379615],[-6.605155,53.379644],[-6.604877,53.379661],[-6.604569,53.379671],[-6.604046,53.379729],[-6.602044,53.37998],[-6.601744,53.380029],[-6.601536,53.380075],[-6.601499,53.380081],[-6.601329,53.380127],[-6.601154,53.380173],[-6.600807,53.380293],[-6.600595,53.38035],[-6.599999,53.380508],[-6.599781,53.380565],[-6.59961,53.380628],[-6.599471,53.380665],[-6.599372,53.380692],[-6.599353,53.380698],[-6.599179,53.380743],[-6.599134,53.380753],[-6.599056,53.380773],[-6.598889,53.380817],[-6.598762,53.380856],[-6.598629,53.380893],[-6.598557,53.380888],[-6.598491,53.380873],[-6.598447,53.380856],[-6.598376,53.380826],[-6.598538,53.381018],[-6.598569,53.381053],[-6.598591,53.381082],[-6.598713,53.381237],[-6.598753,53.381211],[-6.599219,53.381047],[-6.599254,53.381066],[-6.599301,53.381131],[-6.599154,53.381174],[-6.599138,53.381158],[-6.59908,53.381171],[-6.599097,53.381195],[-6.598986,53.381226]],"type":"LineString"},"properties":{"hex_id":"89182c1a32bffff","service":"Food&Drinks","dest_id":"41","dest_name":"Starbucks","walk_min":7.84,"distance_m":654}},{"type":"Feature","geometry":{"coordinates":[[-6.595927,53.380807],[-6.595893,53.380851],[-6.595785,53.380822],[-6.595704,53.380811],[-6.595621,53.380791],[-6.595537,53.380779],[-6.595495,53.3808],[-6.595447,53.380838],[-6.595409,53.380863],[-6.595346,53.380878],[-6.595256,53.380917],[-6.595195,53.380903],[-6.595157,53.380887],[-6.595116,53.380869],[-6.5951,53.380829],[-6.595055,53.380811],[-6.59501,53.380802],[-6.594947,53.380791],[-6.594859,53.380788],[-6.594814,53.380788],[-6.594756,53.38077],[-6.594715,53.380759],[-6.594683,53.380732],[-6.59472,53.38066],[-6.594697,53.380646],[-6.594613,53.380596],[-6.594546,53.380546],[-6.59451,53.380558],[-6.594467,53.380569],[-6.594345,53.380622],[-6.594301,53.380635],[-6.594234,53.380655],[-6.594014,53.380702],[-6.593844,53.380737],[-6.593773,53.380751],[-6.593743,53.380757],[-6.593656,53.380757],[-6.593575,53.380779],[-6.593441,53.380815],[-6.593388,53.380847],[-6.593256,53.380892],[-6.593131,53.380916],[-6.593013,53.380943],[-6.593006,53.380999],[-6.593003,53.381024],[-6.592999,53.38104],[-6.592999,53.38104]],"type":"LineString"},"properties":{"hex_id":"89182c1a337ffff","service":"Food&Drinks","dest_id":"2","dest_name":"Yeah Burgr","walk_min":3.0,"distance_m":250}},{"type":"Feature","geometry":{"coordinates":[[-6.587031,53.370763],[-6.587553,53.37099],[-6.587692,53.371039],[-6.587801,53.371031],[-6.587895,53.370981],[-6.58834,53.370629],[-6.588898,53.370868],[-6.58862,53.37139],[-6.588626,53.371439],[-6.58863,53.37147],[-6.588697,53.371535],[-6.58914,53.371735],[-6.589265,53.371966],[-6.589297,53.372021],[-6.589221,53.372212],[-6.588259,53.373849],[-6.588249,53.373844],[-6.588113,53.373915],[-6.588021,53.373931],[-6.588273,53.374065],[-6.588237,53.374145]],"type":"LineString"},"properties":{"hex_id":"89182c1ae0bffff","service":"Food&Drinks","dest_id":"43","dest_name":"Romayo's","walk_min":6.95,"distance_m":579}},{"type":"Feature","geometry":{"coordinates":[[-6.601629,53.387277],[-6.601003,53.387033],[-6.600894,53.387122],[-6.600859,53.387146],[-6.600777,53.387176],[-6.600573,53.387153],[-6.60043,53.387111],[-6.600165,53.386994],[-6.599954,53.386919],[-6.599085,53.386606],[-6.599123,53.386565],[-6.599147,53.386551],[-6.599243,53.386468],[-6.599257,53.386454],[-6.599346,53.386371],[-6.599385,53.386332],[-6.599564,53.38618],[-6.599468,53.38614],[-6.599432,53.386127],[-6.599398,53.386092],[-6.599405,53.386085],[-6.599409,53.386077],[-6.599407,53.386068],[-6.599402,53.38606],[-6.599392,53.386054],[-6.599533,53.385928],[-6.599696,53.385787],[-6.599816,53.385677],[-6.599852,53.385645],[-6.599883,53.385621],[-6.599911,53.385585],[-6.599941,53.385489],[-6.59994,53.385432],[-6.599875,53.385349],[-6.600088,53.385285],[-6.600112,53.385276],[-6.600137,53.385262],[-6.600107,53.385178],[-6.600034,53.385086],[-6.599861,53.384883],[-6.599769,53.38475],[-6.599758,53.384734],[-6.599804,53.3846],[-6.599691,53.38448],[-6.599659,53.384404],[-6.599646,53.384325],[-6.599703,53.384262],[-6.599674,53.384254],[-6.599695,53.384216],[-6.599743,53.384175],[-6.599861,53.384103],[-6.59965,53.383843],[-6.599642,53.383833]],"type":"LineString"},"properties":{"hex_id":"89182c1a3c7ffff","service":"Food&Drinks","dest_id":"28","dest_name":"Subway","walk_min":6.99,"distance_m":566}},{"type":"Feature","geometry":{"coordinates":[[-6.593697,53.375922],[-6.593697,53.375922],[-6.593176,53.3761],[-6.593105,53.376142],[-6.593079,53.376184],[-6.593095,53.376235],[-6.593234,53.376328],[-6.593034,53.376464],[-6.592793,53.37658],[-6.592665,53.376626],[-6.592251,53.376747],[-6.591837,53.376883],[-6.591749,53.376912],[-6.59111,53.377102],[-6.590576,53.377269],[-6.590175,53.377393],[-6.589986,53.377447],[-6.589497,53.377599],[-6.589386,53.377616],[-6.589258,53.377624],[-6.589006,53.377589],[-6.588327,53.37761],[-6.588092,53.377579],[-6.587904,53.377527],[-6.587699,53.377506],[-6.587625,53.377507],[-6.587674,53.377764],[-6.587731,53.37793],[-6.587822,53.378189],[-6.587882,53.378322],[-6.587935,53.378422],[-6.587943,53.378437],[-6.58803,53.378601],[-6.588051,53.378638],[-6.588192,53.378866],[-6.588177,53.378869],[-6.588097,53.378886],[-6.588022,53.378903],[-6.588001,53.378907],[-6.588066,53.379],[-6.588023,53.379],[-6.588028,53.37903],[-6.588349,53.37946],[-6.588428,53.379539],[-6.588481,53.379637],[-6.588788,53.379929],[-6.588763,53.379938],[-6.588697,53.3799],[-6.588633,53.379931],[-6.588604,53.379946],[-6.58864,53.379977],[-6.588546,53.380033]],"type":"LineString"},"properties":{"hex_id":"89182c1ae53ffff","service":"Food&Drinks","dest_id":"22","dest_name":"Shoda Market Cafe","walk_min":9.78,"distance_m":815}},{"type":"Feature","geometry":{"coordinates":[[-6.59122,53.389547],[-6.590885,53.389353],[-6.589787,53.388723],[-6.589709,53.388664],[-6.589619,53.388588],[-6.589532,53.388516],[-6.589195,53.38866],[-6.58825,53.387902],[-6.587855,53.387676],[-6.587889,53.387627],[-6.588049,53.387454],[-6.588141,53.38732],[-6.588161,53.387291],[-6.588189,53.387251],[-6.588123,53.387233],[-6.588056,53.387207],[-6.587591,53.386922],[-6.587506,53.386875],[-6.587553,53.386827],[-6.586805,53.38642],[-6.586789,53.386356],[-6.586714,53.386317],[-6.586784,53.386262],[-6.587161,53.385943],[-6.587483,53.385663],[-6.587974,53.385227],[-6.588003,53.385201],[-6.588125,53.385092],[-6.588219,53.385008],[-6.588395,53.38485],[-6.588426,53.384824],[-6.588489,53.384768],[-6.588602,53.384657],[-6.588686,53.384578],[-6.58882,53.384452],[-6.588886,53.384384],[-6.589019,53.384248],[-6.589069,53.384193],[-6.589284,53.383959],[-6.58942,53.383792],[-6.589532,53.383621],[-6.589591,53.38348],[-6.5896,53.383374],[-6.589596,53.383306],[-6.589574,53.38324],[-6.589165,53.382759],[-6.5892,53.382749],[-6.588891,53.382394],[-6.588853,53.382347],[-6.588836,53.38232],[-6.588843,53.382307],[-6.588887,53.382249],[-6.588746,53.382189],[-6.588772,53.382147],[-6.588707,53.382142],[-6.588678,53.382126],[-6.58865,53.382092],[-6.588623,53.382058],[-6.58861,53.382052]],"type":"LineString"},"properties":{"hex_id":"89182c1a3b3ffff","service":"Food&Drinks","dest_id":"9","dest_name":"Avenue","walk_min":13.04,"distance_m":1087}},{"type":"Feature","geometry":{"coordinates":[[-6.57229,53.382774],[-6.572318,53.382806],[-6.572374,53.382877],[-6.572432,53.382971],[-6.572562,53.383141],[-6.572624,53.383221],[-6.572659,53.383265],[-6.572743,53.383369],[-6.572847,53.383502],[-6.572931,53.383616],[-6.572989,53.383676],[-6.573082,53.38377],[-6.573149,53.38384],[-6.573276,53.383977],[-6.573367,53.384079],[-6.573421,53.38414],[-6.573505,53.384233],[-6.573585,53.384294],[-6.573654,53.384359],[-6.573816,53.38455],[-6.573971,53.384742],[-6.574086,53.384882],[-6.57417,53.384984],[-6.574263,53.385098],[-6.574356,53.385221],[-6.574431,53.385338],[-6.574496,53.385465],[-6.574509,53.385575],[-6.574509,53.385623],[-6.574477,53.385656],[-6.574444,53.385723],[-6.574362,53.385866],[-6.574461,53.385936],[-6.574606,53.386107],[-6.574769,53.386335],[-6.575206,53.386232],[-6.575328,53.386194],[-6.575399,53.386173],[-6.577023,53.385682],[-6.577468,53.385554],[-6.578466,53.385268],[-6.580431,53.384687],[-6.58099,53.384518],[-6.581785,53.384292],[-6.582691,53.38403],[-6.583201,53.383883],[-6.583674,53.383739],[-6.583518,53.383484],[-6.583493,53.383438],[-6.583306,53.383185],[-6.583148,53.383029],[-6.58297,53.382785],[-6.582731,53.382499],[-6.582623,53.382372],[-6.582565,53.382274],[-6.582487,53.382207],[-6.58253,53.382182],[-6.582554,53.382141],[-6.582563,53.382115],[-6.582581,53.382055],[-6.582504,53.382034],[-6.582466,53.382012],[-6.582441,53.381984],[-6.58243,53.381953],[-6.582435,53.381921],[-6.582454,53.381891],[-6.582464,53.381882],[-6.582501,53.381796],[-6.582493,53.381688],[-6.582455,53.381648],[-6.582397,53.381602],[-6.582343,53.38158],[-6.582264,53.381579],[-6.582158,53.381577],[-6.582055,53.381543],[-6.581913,53.381545],[-6.581841,53.381546],[-6.581793,53.381547],[-6.581789,53.381643],[-6.581732,53.381638],[-6.581576,53.381623],[-6.581558,53.381621]],"type":"LineString"},"properties":{"hex_id":"89182c1a12bffff","service":"Food&Drinks","dest_id":"1","dest_name":"McDonald's","walk_min":17.2,"distance_m":1432}},{"type":"Feature","geometry":{"coordinates":[[-6.588048,53.386921],[-6.588278,53.386879],[-6.588369,53.386852],[-6.588437,53.386819],[-6.588504,53.386767],[-6.588775,53.386609],[-6.588887,53.386569],[-6.589168,53.386528],[-6.589262,53.386511],[-6.589374,53.38646],[-6.58926,53.386239],[-6.589101,53.386039],[-6.588936,53.385964],[-6.588708,53.385988],[-6.588566,53.386079],[-6.588361,53.386229],[-6.58836,53.386258],[-6.588293,53.386352],[-6.587685,53.386672],[-6.587619,53.386761],[-6.587553,53.386827],[-6.586805,53.38642],[-6.586789,53.386356],[-6.586714,53.386317],[-6.586784,53.386262],[-6.587161,53.385943],[-6.587483,53.385663],[-6.587974,53.385227],[-6.588003,53.385201],[-6.588125,53.385092],[-6.588219,53.385008],[-6.588395,53.38485],[-6.588426,53.384824],[-6.588489,53.384768],[-6.588602,53.384657],[-6.588686,53.384578],[-6.58882,53.384452],[-6.588886,53.384384],[-6.589019,53.384248],[-6.589069,53.384193],[-6.589284,53.383959],[-6.58942,53.383792],[-6.589532,53.383621],[-6.589591,53.38348],[-6.5896,53.383374],[-6.589596,53.383306],[-6.589574,53.38324],[-6.589165,53.382759],[-6.5892,53.382749],[-6.588891,53.382394],[-6.588853,53.382347],[-6.588836,53.38232],[-6.588843,53.382307],[-6.588887,53.382249],[-6.588746,53.382189],[-6.588772,53.382147],[-6.588707,53.382142],[-6.588678,53.382126],[-6.58865,53.382092],[-6.588623,53.382058],[-6.58861,53.382052]],"type":"LineString"},"properties":{"hex_id":"89182c1a3b7ffff","service":"Food&Drinks","dest_id":"9","dest_name":"Avenue","walk_min":11.33,"distance_m":944}},{"type":"Feature","geometry":{"coordinates":[[-6.582861,53.387571],[-6.583042,53.387624],[-6.582939,53.387761],[-6.582894,53.387832],[-6.582893,53.387901],[-6.582946,53.38801],[-6.582985,53.38807],[-6.583008,53.388108],[-6.583127,53.388274],[-6.583141,53.388294],[-6.58317,53.38833],[-6.58324,53.388309],[-6.583277,53.388316],[-6.583498,53.388239],[-6.583675,53.388169],[-6.583853,53.388085],[-6.584224,53.387895],[-6.584285,53.387936],[-6.584675,53.38773],[-6.584839,53.387632],[-6.585257,53.387317],[-6.585584,53.387106],[-6.585766,53.386988],[-6.585825,53.386946],[-6.5862,53.386686],[-6.58648,53.38649],[-6.586608,53.386401],[-6.586714,53.386317],[-6.586784,53.386262],[-6.587161,53.385943],[-6.587483,53.385663],[-6.587974,53.385227],[-6.588003,53.385201],[-6.588125,53.385092],[-6.588219,53.385008],[-6.588395,53.38485],[-6.588426,53.384824],[-6.588489,53.384768],[-6.588602,53.384657],[-6.588686,53.384578],[-6.58882,53.384452],[-6.588886,53.384384],[-6.589019,53.384248],[-6.589069,53.384193],[-6.589284,53.383959],[-6.58942,53.383792],[-6.589532,53.383621],[-6.589591,53.38348],[-6.5896,53.383374],[-6.589596,53.383306],[-6.589574,53.38324],[-6.589165,53.382759],[-6.5892,53.382749],[-6.588891,53.382394],[-6.588853,53.382347],[-6.588836,53.38232],[-6.588843,53.382307],[-6.588887,53.382249],[-6.588746,53.382189],[-6.588772,53.382147],[-6.588707,53.382142],[-6.588678,53.382126],[-6.58865,53.382092],[-6.588623,53.382058],[-6.58861,53.382052]],"type":"LineString"},"properties":{"hex_id":"89182c1a17bffff","service":"Food&Drinks","dest_id":"9","dest_name":"Avenue","walk_min":11.89,"distance_m":988}},{"type":"Feature","geometry":{"coordinates":[[-6.602937,53.385551],[-6.602763,53.385336],[-6.602983,53.385273],[-6.603223,53.385207],[-6.603452,53.385157],[-6.603451,53.385079],[-6.603426,53.38506],[-6.60339,53.385017],[-6.603251,53.384835],[-6.60322,53.384792],[-6.603027,53.384533],[-6.602988,53.384483],[-6.603136,53.384441],[-6.603616,53.384301]],"type":"LineString"},"properties":{"hex_id":"89182c1a307ffff","service":"Food&Drinks","dest_id":"36","dest_name":"Phoenix Restaurant","walk_min":2.46,"distance_m":205}},{"type":"Feature","geometry":{"coordinates":[[-6.592994,53.386364],[-6.59309,53.386363],[-6.593188,53.386366],[-6.593524,53.38589],[-6.593558,53.385842],[-6.593655,53.385866],[-6.593711,53.385787],[-6.593855,53.385585],[-6.59389,53.385537],[-6.594133,53.385593],[-6.594177,53.385532],[-6.59436,53.38556],[-6.594566,53.385566],[-6.594703,53.385571],[-6.594855,53.385566],[-6.595208,53.385492],[-6.595394,53.385454],[-6.595427,53.385396],[-6.595462,53.38539],[-6.595181,53.384892],[-6.595028,53.384616],[-6.594915,53.384439],[-6.594666,53.383991],[-6.594609,53.383893],[-6.594445,53.383613],[-6.594386,53.383469],[-6.594162,53.383085],[-6.594131,53.383031],[-6.593948,53.382741],[-6.593875,53.382644],[-6.593801,53.382546],[-6.593668,53.382395],[-6.593494,53.382187],[-6.593421,53.382098],[-6.593458,53.382081],[-6.593517,53.382063],[-6.593504,53.382028],[-6.593331,53.381829],[-6.593222,53.381668],[-6.593238,53.381644],[-6.593285,53.381651],[-6.593404,53.381615],[-6.593417,53.381605],[-6.593416,53.381586],[-6.593386,53.381593],[-6.593367,53.381557]],"type":"LineString"},"properties":{"hex_id":"89182c1a3a3ffff","service":"Food&Drinks","dest_id":"29","dest_name":"Coffee Mill","walk_min":8.58,"distance_m":713}},{"type":"Feature","geometry":{"coordinates":[[-6.584848,53.365748],[-6.584888,53.365752],[-6.58552,53.365813],[-6.585601,53.36582],[-6.585528,53.366083],[-6.585525,53.366146],[-6.586916,53.366171],[-6.587917,53.366186],[-6.588838,53.366202],[-6.588948,53.366204],[-6.589058,53.366232],[-6.589128,53.366234],[-6.589215,53.366237],[-6.589287,53.366221],[-6.589353,53.366222],[-6.589511,53.36621],[-6.58981,53.366136],[-6.589968,53.366047],[-6.590249,53.365806],[-6.590386,53.365596],[-6.590431,53.365553],[-6.590621,53.365562],[-6.59075,53.365603],[-6.590804,53.365642],[-6.59089,53.365675],[-6.590991,53.365688],[-6.591107,53.365725],[-6.591257,53.36581],[-6.591299,53.365914],[-6.591323,53.366122],[-6.591277,53.366683],[-6.591274,53.366796],[-6.591251,53.367314],[-6.591217,53.367553],[-6.591211,53.367656],[-6.591165,53.368273],[-6.591132,53.368544],[-6.590931,53.369334],[-6.590907,53.369468],[-6.590897,53.369528],[-6.590783,53.369918],[-6.590722,53.370082],[-6.590625,53.370293],[-6.590588,53.370363],[-6.590516,53.370469],[-6.590511,53.370479],[-6.59043,53.370645],[-6.590355,53.370799],[-6.590298,53.370913],[-6.590192,53.37094],[-6.589631,53.371959],[-6.589425,53.371861],[-6.589358,53.37183],[-6.589297,53.372021],[-6.589221,53.372212],[-6.588259,53.373849],[-6.588249,53.373844],[-6.588113,53.373915],[-6.588021,53.373931],[-6.588273,53.374065],[-6.588237,53.374145]],"type":"LineString"},"properties":{"hex_id":"89182c1ae77ffff","service":"Food&Drinks","dest_id":"43","dest_name":"Romayo's","walk_min":18.44,"distance_m":1530}},{"type":"Feature","geometry":{"coordinates":[[-6.590601,53.373271],[-6.590609,53.373247],[-6.590647,53.373046],[-6.590705,53.372829],[-6.590546,53.372824],[-6.590087,53.372793],[-6.589889,53.372768],[-6.589698,53.372745],[-6.589466,53.372702],[-6.589159,53.373256],[-6.589052,53.373448],[-6.588958,53.373618],[-6.58893,53.373666],[-6.588825,53.373649],[-6.588694,53.373894],[-6.588632,53.37401],[-6.58852,53.373983],[-6.588416,53.373945],[-6.588259,53.373849],[-6.588249,53.373844],[-6.588113,53.373915],[-6.588021,53.373931],[-6.588273,53.374065],[-6.588237,53.374145]],"type":"LineString"},"properties":{"hex_id":"89182c1ae57ffff","service":"Food&Drinks","dest_id":"43","dest_name":"Romayo's","walk_min":4.54,"distance_m":378}},{"type":"Feature","geometry":{"coordinates":[[-6.588834,53.395704],[-6.588703,53.395718],[-6.588437,53.395717],[-6.584715,53.395353],[-6.583417,53.395224],[-6.582527,53.395136],[-6.582058,53.395096],[-6.581799,53.395063],[-6.581653,53.395022],[-6.581547,53.39498],[-6.581454,53.394937],[-6.581192,53.394785],[-6.580931,53.394685],[-6.58,53.394369],[-6.578823,53.393964],[-6.577176,53.393389],[-6.575613,53.392868],[-6.575542,53.392845],[-6.575588,53.392782],[-6.575631,53.392686],[-6.575735,53.392355],[-6.575842,53.392043],[-6.575934,53.39177],[-6.576041,53.391471],[-6.576258,53.390831],[-6.57631,53.390667],[-6.576491,53.390095],[-6.576745,53.389099],[-6.576806,53.388824],[-6.576902,53.388457],[-6.576947,53.388357],[-6.576943,53.388217],[-6.576903,53.388187],[-6.57688,53.388151],[-6.576736,53.387926],[-6.576561,53.387732],[-6.576095,53.387152],[-6.576085,53.38714],[-6.575453,53.386349],[-6.575328,53.386194],[-6.575399,53.386173],[-6.577023,53.385682],[-6.577468,53.385554],[-6.578466,53.385268],[-6.580431,53.384687],[-6.58099,53.384518],[-6.581785,53.384292],[-6.582691,53.38403],[-6.583201,53.383883],[-6.583674,53.383739],[-6.583518,53.383484],[-6.583493,53.383438],[-6.583306,53.383185],[-6.583148,53.383029],[-6.58297,53.382785],[-6.582731,53.382499],[-6.582623,53.382372],[-6.582565,53.382274],[-6.582487,53.382207],[-6.58253,53.382182],[-6.582554,53.382141],[-6.582563,53.382115],[-6.582581,53.382055],[-6.582504,53.382034],[-6.582466,53.382012],[-6.582441,53.381984],[-6.58243,53.381953],[-6.582435,53.381921],[-6.582454,53.381891],[-6.582464,53.381882],[-6.582501,53.381796],[-6.582493,53.381688],[-6.582455,53.381648],[-6.582397,53.381602],[-6.582343,53.38158],[-6.582264,53.381579],[-6.582158,53.381577],[-6.582055,53.381543],[-6.581913,53.381545],[-6.581841,53.381546],[-6.581793,53.381547],[-6.581789,53.381643],[-6.581732,53.381638],[-6.581576,53.381623],[-6.581558,53.381621]],"type":"LineString"},"properties":{"hex_id":"89182c1a15bffff","service":"Food&Drinks","dest_id":"1","dest_name":"McDonald's","walk_min":32.22,"distance_m":2685}},{"type":"Feature","geometry":{"coordinates":[[-6.60167,53.396446],[-6.601472,53.396091],[-6.60145,53.39605],[-6.60127,53.395722],[-6.60092,53.395059],[-6.600571,53.394453],[-6.600025,53.393506],[-6.599935,53.393346],[-6.599818,53.393149],[-6.599788,53.39309],[-6.59965,53.393131],[-6.599601,53.393147],[-6.599549,53.393083],[-6.599587,53.393068],[-6.599601,53.393059],[-6.599607,53.393048],[-6.599612,53.393036],[-6.599617,53.393023],[-6.599594,53.392941],[-6.5994,53.392506],[-6.599344,53.392425],[-6.599167,53.3921],[-6.598825,53.391447],[-6.598797,53.391404],[-6.598582,53.391073],[-6.598364,53.390666],[-6.598215,53.390388],[-6.59792,53.389841],[-6.597633,53.389262],[-6.597544,53.389108],[-6.597416,53.388885],[-6.597346,53.388763],[-6.597235,53.388595],[-6.597134,53.388398],[-6.597079,53.388288],[-6.596926,53.387989],[-6.596915,53.387966],[-6.596513,53.387286],[-6.596235,53.386752],[-6.595918,53.386174],[-6.595774,53.385889],[-6.59573,53.385851],[-6.595682,53.38577],[-6.595587,53.385607],[-6.595518,53.38549],[-6.595462,53.38539],[-6.595181,53.384892],[-6.595028,53.384616],[-6.594915,53.384439],[-6.594666,53.383991],[-6.594609,53.383893],[-6.594445,53.383613],[-6.594386,53.383469],[-6.594162,53.383085],[-6.594131,53.383031],[-6.593948,53.382741],[-6.593875,53.382644],[-6.593801,53.382546],[-6.593668,53.382395],[-6.593494,53.382187],[-6.593421,53.382098],[-6.593458,53.382081],[-6.593517,53.382063],[-6.593504,53.382028],[-6.593331,53.381829],[-6.593222,53.381668],[-6.593238,53.381644],[-6.593285,53.381651],[-6.593404,53.381615],[-6.593417,53.381605],[-6.593416,53.381586],[-6.593386,53.381593],[-6.593367,53.381557]],"type":"LineString"},"properties":{"hex_id":"89182c1a39bffff","service":"Food&Drinks","dest_id":"29","dest_name":"Coffee Mill","walk_min":21.55,"distance_m":1790}},{"type":"Feature","geometry":{"coordinates":[[-6.58256,53.37103],[-6.58369,53.371912],[-6.583998,53.372152],[-6.584367,53.372455],[-6.584595,53.372356],[-6.585114,53.372754],[-6.586199,53.373588],[-6.586312,53.373669],[-6.586612,53.373911],[-6.586718,53.374002],[-6.586791,53.374005],[-6.587096,53.373865],[-6.587183,53.373826],[-6.58731,53.373929],[-6.587608,53.373794]],"type":"LineString"},"properties":{"hex_id":"89182c1ae03ffff","service":"Food&Drinks","dest_id":"27","dest_name":"LANA","walk_min":6.35,"distance_m":526}},{"type":"Feature","geometry":{"coordinates":[[-6.567646,53.380274],[-6.567728,53.380278],[-6.568149,53.380327],[-6.568609,53.380398],[-6.568809,53.380438],[-6.569019,53.38049],[-6.569505,53.380555],[-6.569729,53.380618],[-6.569803,53.380639],[-6.569887,53.380671],[-6.569969,53.380692],[-6.570049,53.38071],[-6.570409,53.380813],[-6.570543,53.380872],[-6.570718,53.380943],[-6.570899,53.381019],[-6.57096,53.381077],[-6.57105,53.381153],[-6.571167,53.381289],[-6.571266,53.381396],[-6.571309,53.381445],[-6.571443,53.381606],[-6.571644,53.381856],[-6.571715,53.381953],[-6.571864,53.382138],[-6.57194,53.382219],[-6.572005,53.382287],[-6.572061,53.382367],[-6.572104,53.382425],[-6.572138,53.382486],[-6.57229,53.382774],[-6.572318,53.382806],[-6.572374,53.382877],[-6.572432,53.382971],[-6.572562,53.383141],[-6.572624,53.383221],[-6.572659,53.383265],[-6.572743,53.383369],[-6.572847,53.383502],[-6.572931,53.383616],[-6.572989,53.383676],[-6.573082,53.38377],[-6.573149,53.38384],[-6.573276,53.383977],[-6.573367,53.384079],[-6.573421,53.38414],[-6.573505,53.384233],[-6.573585,53.384294],[-6.573654,53.384359],[-6.573816,53.38455],[-6.573971,53.384742],[-6.574086,53.384882],[-6.57417,53.384984],[-6.574263,53.385098],[-6.574356,53.385221],[-6.574431,53.385338],[-6.574496,53.385465],[-6.574509,53.385575],[-6.574509,53.385623],[-6.574477,53.385656],[-6.574444,53.385723],[-6.574362,53.385866],[-6.574461,53.385936],[-6.574606,53.386107],[-6.574769,53.386335],[-6.575206,53.386232],[-6.575328,53.386194],[-6.575399,53.386173],[-6.577023,53.385682],[-6.577468,53.385554],[-6.578466,53.385268],[-6.580431,53.384687],[-6.58099,53.384518],[-6.581785,53.384292],[-6.582691,53.38403],[-6.583201,53.383883],[-6.583674,53.383739],[-6.583518,53.383484],[-6.583493,53.383438],[-6.583306,53.383185],[-6.583148,53.383029],[-6.58297,53.382785],[-6.582731,53.382499],[-6.582623,53.382372],[-6.582565,53.382274],[-6.582487,53.382207],[-6.58253,53.382182],[-6.582554,53.382141],[-6.582563,53.382115],[-6.582581,53.382055],[-6.582504,53.382034],[-6.582466,53.382012],[-6.582441,53.381984],[-6.58243,53.381953],[-6.582435,53.381921],[-6.582454,53.381891],[-6.582464,53.381882],[-6.582501,53.381796],[-6.582493,53.381688],[-6.582455,53.381648],[-6.582397,53.381602],[-6.582343,53.38158],[-6.582264,53.381579],[-6.582158,53.381577],[-6.582055,53.381543],[-6.581913,53.381545],[-6.581841,53.381546],[-6.581793,53.381547],[-6.581789,53.381643],[-6.581732,53.381638],[-6.581576,53.381623],[-6.581558,53.381621]],"type":"LineString"},"properties":{"hex_id":"89182c1a12fffff","service":"Food&Drinks","dest_id":"1","dest_name":"McDonald's","walk_min":22.62,"distance_m":1884}},{"type":"Feature","geometry":{"coordinates":[[-6.584565,53.384584],[-6.584565,53.384584],[-6.584503,53.384604],[-6.584428,53.384671],[-6.584373,53.384719],[-6.583083,53.384273],[-6.582915,53.384213],[-6.58282,53.384176],[-6.582751,53.384128],[-6.582691,53.38403],[-6.583201,53.383883],[-6.583674,53.383739],[-6.583518,53.383484],[-6.583493,53.383438],[-6.583306,53.383185],[-6.583148,53.383029],[-6.58297,53.382785],[-6.582731,53.382499],[-6.582623,53.382372],[-6.582565,53.382274],[-6.582487,53.382207],[-6.58253,53.382182],[-6.582554,53.382141],[-6.582563,53.382115],[-6.582581,53.382055],[-6.582611,53.382055],[-6.582659,53.382052],[-6.582704,53.382041],[-6.582742,53.382023],[-6.582768,53.382003],[-6.582786,53.381981],[-6.582794,53.381956],[-6.582793,53.381931],[-6.582783,53.381907],[-6.582764,53.381885],[-6.582741,53.381869],[-6.582713,53.381855],[-6.582685,53.381824],[-6.582657,53.381783],[-6.582622,53.381728],[-6.582606,53.381646],[-6.582603,53.381592],[-6.582621,53.381582],[-6.582633,53.38157],[-6.58264,53.381556],[-6.58264,53.381541],[-6.582892,53.38153],[-6.583317,53.381531],[-6.583815,53.381526],[-6.584005,53.381536],[-6.58393,53.381328],[-6.583903,53.381259],[-6.58388,53.381117],[-6.583879,53.380971],[-6.583873,53.380876],[-6.583864,53.380754],[-6.58386,53.380723],[-6.583803,53.380673],[-6.583729,53.380614],[-6.583717,53.380582],[-6.583705,53.380471],[-6.583698,53.380329],[-6.583768,53.38032],[-6.583768,53.380201],[-6.583767,53.380163],[-6.583767,53.380163]],"type":"LineString"},"properties":{"hex_id":"89182c1a16bffff","service":"Fitness","dest_id":"3","dest_name":"Anytime Fitness Gym","walk_min":9.12,"distance_m":760}},{"type":"Feature","geometry":{"coordinates":[[-6.576153,53.382683],[-6.576268,53.382648],[-6.577229,53.382374],[-6.577222,53.382343],[-6.57721,53.382319],[-6.576955,53.382056],[-6.576806,53.381829],[-6.576766,53.381768],[-6.576752,53.381723],[-6.576726,53.381641],[-6.576727,53.381547],[-6.576727,53.381517],[-6.576729,53.381489],[-6.577132,53.381502],[-6.577703,53.381535],[-6.577717,53.381475],[-6.578274,53.38152],[-6.578682,53.381575],[-6.579993,53.381742],[-6.580137,53.381708],[-6.580188,53.381684],[-6.580257,53.381625],[-6.58034,53.381603],[-6.580404,53.381585],[-6.580496,53.381571],[-6.580563,53.381568],[-6.580581,53.381567],[-6.5807,53.381562],[-6.580969,53.381559],[-6.580977,53.381493],[-6.580972,53.381461],[-6.581196,53.381376],[-6.581444,53.381372],[-6.58168,53.381369],[-6.581906,53.381368],[-6.582133,53.381365],[-6.58221,53.381364],[-6.582285,53.381361],[-6.582451,53.381358],[-6.582567,53.381353],[-6.582543,53.381291],[-6.582572,53.381144],[-6.582595,53.380997],[-6.582603,53.380905],[-6.582593,53.380776],[-6.58259,53.380631],[-6.582581,53.380484],[-6.582578,53.38037],[-6.582597,53.380348],[-6.582642,53.380336],[-6.583222,53.380329],[-6.583698,53.380329],[-6.583768,53.38032],[-6.583768,53.380201],[-6.583767,53.380163],[-6.583767,53.380163]],"type":"LineString"},"properties":{"hex_id":"89182c1a167ffff","service":"Fitness","dest_id":"3","dest_name":"Anytime Fitness Gym","walk_min":9.73,"distance_m":811}},{"type":"Feature","geometry":{"coordinates":[[-6.59503,53.391614],[-6.594844,53.391612],[-6.594046,53.391697],[-6.593954,53.391691],[-6.593999,53.391401],[-6.593994,53.39135],[-6.594101,53.390924],[-6.594072,53.390869],[-6.594081,53.390817],[-6.594076,53.390641],[-6.594074,53.390544],[-6.594008,53.390316],[-6.593924,53.390113],[-6.593873,53.389991],[-6.593751,53.389801],[-6.593613,53.389619],[-6.593496,53.389501],[-6.5933,53.389319],[-6.593591,53.389167],[-6.59384,53.38906],[-6.594144,53.388954],[-6.594177,53.388943],[-6.594243,53.388919],[-6.594279,53.388911],[-6.594582,53.388851],[-6.595142,53.388715],[-6.595332,53.388657],[-6.595563,53.388584],[-6.595704,53.388533],[-6.595855,53.388485],[-6.596064,53.388437],[-6.596754,53.388346],[-6.597079,53.388288],[-6.596926,53.387989],[-6.596915,53.387966],[-6.596513,53.387286],[-6.596235,53.386752],[-6.595918,53.386174],[-6.595774,53.385889],[-6.59573,53.385851],[-6.595682,53.38577],[-6.595587,53.385607],[-6.595518,53.38549],[-6.595462,53.38539],[-6.595181,53.384892],[-6.595028,53.384616],[-6.594915,53.384439],[-6.594666,53.383991],[-6.594609,53.383893],[-6.594445,53.383613],[-6.594386,53.383469],[-6.594162,53.383085],[-6.594131,53.383031],[-6.594189,53.383022],[-6.594345,53.382995],[-6.594538,53.382959],[-6.594673,53.382874],[-6.595044,53.382789],[-6.595241,53.382717],[-6.595827,53.382585],[-6.595842,53.382601],[-6.595925,53.382629],[-6.596004,53.38264],[-6.596176,53.382691],[-6.59645,53.382734],[-6.596665,53.382767],[-6.596739,53.382797],[-6.596847,53.382842],[-6.597035,53.382909],[-6.597307,53.382983],[-6.597432,53.38302],[-6.597556,53.383077],[-6.59766,53.383062],[-6.597811,53.383018],[-6.598074,53.38308],[-6.598301,53.383047],[-6.598494,53.382998],[-6.598586,53.382972],[-6.598653,53.382952],[-6.598738,53.382938],[-6.598839,53.382934],[-6.598917,53.383026],[-6.598862,53.383039],[-6.598881,53.383064],[-6.598935,53.383132],[-6.598944,53.383143],[-6.598975,53.383134],[-6.599054,53.383113],[-6.599126,53.383094],[-6.599194,53.383074],[-6.5997,53.383176],[-6.599805,53.383205],[-6.599971,53.383399],[-6.600134,53.383466],[-6.600221,53.383488],[-6.600459,53.383547],[-6.600576,53.383579],[-6.600777,53.383846],[-6.600827,53.383909],[-6.600844,53.383931],[-6.600893,53.383991],[-6.601188,53.384376],[-6.601222,53.384371],[-6.601421,53.384419],[-6.601557,53.384452],[-6.601682,53.384471],[-6.601773,53.384448],[-6.602086,53.384365],[-6.602232,53.384322],[-6.602374,53.384281],[-6.602446,53.384267],[-6.602482,53.384257],[-6.602611,53.384239],[-6.602757,53.384264],[-6.602789,53.38427],[-6.602898,53.384366],[-6.602907,53.384378],[-6.602921,53.384395],[-6.60294,53.384417],[-6.602962,53.384448],[-6.602988,53.384483],[-6.603027,53.384533],[-6.60322,53.384792],[-6.603251,53.384835],[-6.60339,53.385017],[-6.603426,53.38506],[-6.60354,53.385048],[-6.6036,53.385034],[-6.60367,53.385013],[-6.603777,53.384979]],"type":"LineString"},"properties":{"hex_id":"89182c1a387ffff","service":"Fitness","dest_id":"1","dest_name":"Maynooth University Gym","walk_min":25.02,"distance_m":2085}},{"type":"Feature","geometry":{"coordinates":[[-6.585873,53.381731],[-6.58589,53.381946],[-6.585833,53.381947],[-6.585724,53.381944],[-6.585715,53.381755],[-6.585668,53.381731],[-6.585562,53.38163],[-6.585489,53.381632],[-6.585477,53.381613],[-6.585467,53.381346],[-6.585333,53.381297],[-6.585308,53.380949],[-6.585292,53.380925],[-6.585268,53.380903],[-6.585216,53.380894],[-6.585126,53.380892],[-6.584839,53.380906],[-6.584703,53.380904],[-6.584705,53.380863],[-6.584231,53.380871],[-6.584204,53.380389],[-6.583811,53.380315],[-6.583768,53.380201],[-6.583767,53.380163],[-6.583767,53.380163]],"type":"LineString"},"properties":{"hex_id":"89182c1aed3ffff","service":"Fitness","dest_id":"3","dest_name":"Anytime Fitness Gym","walk_min":4.05,"distance_m":338}},{"type":"Feature","geometry":{"coordinates":[[-6.595097,53.372727],[-6.595028,53.372813],[-6.595313,53.373092],[-6.595395,53.373207],[-6.595391,53.37326],[-6.595341,53.373324],[-6.595347,53.373491],[-6.595152,53.373549],[-6.594907,53.373624],[-6.594633,53.37371],[-6.594349,53.3738],[-6.594479,53.373947],[-6.594219,53.374028],[-6.594029,53.374091],[-6.594008,53.374107],[-6.593984,53.374146],[-6.593901,53.37419],[-6.593783,53.374185],[-6.593717,53.37421],[-6.593591,53.374275],[-6.593087,53.374416],[-6.592777,53.374508],[-6.592765,53.374566],[-6.592738,53.374598],[-6.592573,53.374656],[-6.592438,53.374748],[-6.592465,53.37478],[-6.592494,53.374812],[-6.592117,53.374937],[-6.592027,53.374983],[-6.592239,53.37522],[-6.592118,53.375331],[-6.592132,53.375367],[-6.592125,53.375407],[-6.592108,53.375459],[-6.592026,53.375598],[-6.592026,53.375624],[-6.592039,53.375648],[-6.592036,53.37572],[-6.591968,53.375745],[-6.591824,53.375804],[-6.591051,53.376048],[-6.590778,53.376134],[-6.590449,53.376234],[-6.58964,53.376494],[-6.589593,53.376509],[-6.589366,53.376585],[-6.589231,53.376625],[-6.589171,53.376644],[-6.589126,53.376657],[-6.588932,53.37672],[-6.588697,53.376796],[-6.588623,53.376816],[-6.588414,53.376884],[-6.588336,53.376909],[-6.588162,53.376967],[-6.587862,53.377067],[-6.587696,53.377105],[-6.587582,53.377111],[-6.587589,53.377297],[-6.587625,53.377507],[-6.587674,53.377764],[-6.587731,53.37793],[-6.587822,53.378189],[-6.587882,53.378322],[-6.587935,53.378422],[-6.587943,53.378437],[-6.58803,53.378601],[-6.588051,53.378638],[-6.588192,53.378866],[-6.588177,53.378869],[-6.588097,53.378886],[-6.588022,53.378903],[-6.588001,53.378907],[-6.588066,53.379],[-6.588023,53.379],[-6.588028,53.37903],[-6.588349,53.37946],[-6.588428,53.379539],[-6.588481,53.379637],[-6.588788,53.379929],[-6.588763,53.379938],[-6.588697,53.3799],[-6.588633,53.379931],[-6.588604,53.379946],[-6.58864,53.379977],[-6.588424,53.380107],[-6.588317,53.38012],[-6.588248,53.380122],[-6.588173,53.380115],[-6.588106,53.380119],[-6.588041,53.380136],[-6.58795,53.380142],[-6.587832,53.380163],[-6.587691,53.380198],[-6.587672,53.380176],[-6.587494,53.379964],[-6.587453,53.379959],[-6.587422,53.379969],[-6.587396,53.379978],[-6.587339,53.379993],[-6.587319,53.379995],[-6.587241,53.379977],[-6.587265,53.380003],[-6.587093,53.380052],[-6.586703,53.379599],[-6.586871,53.379543],[-6.586584,53.379169],[-6.586511,53.379131],[-6.586864,53.379042],[-6.586961,53.379063],[-6.587082,53.379231],[-6.587187,53.379358],[-6.587288,53.379459]],"type":"LineString"},"properties":{"hex_id":"89182c1ae43ffff","service":"Fitness","dest_id":"2","dest_name":"Glenroyal Gym","walk_min":18.32,"distance_m":1527}},{"type":"Feature","geometry":{"coordinates":[[-6.566085,53.364628],[-6.566075,53.364763],[-6.566048,53.365417],[-6.565996,53.366692],[-6.565991,53.366834],[-6.565997,53.366889],[-6.56604,53.366948],[-6.566102,53.366978],[-6.566183,53.366993],[-6.567038,53.367023],[-6.567547,53.367041],[-6.567762,53.367048],[-6.568705,53.367081],[-6.569815,53.367118],[-6.570872,53.367149],[-6.571138,53.367186],[-6.571245,53.367206],[-6.571755,53.367337],[-6.576137,53.368564],[-6.577226,53.368866],[-6.577593,53.368968],[-6.577924,53.36906],[-6.578873,53.369323],[-6.579422,53.369476],[-6.579633,53.369537],[-6.579694,53.369554],[-6.579787,53.369581],[-6.579877,53.369605],[-6.579905,53.369613],[-6.580014,53.369642],[-6.580281,53.369713],[-6.580514,53.369783],[-6.580725,53.369846],[-6.580801,53.369876],[-6.58094,53.369931],[-6.581101,53.370009],[-6.581186,53.370056],[-6.581284,53.370112],[-6.58133,53.370139],[-6.581384,53.37017],[-6.581752,53.370418],[-6.581926,53.370553],[-6.582131,53.370708],[-6.582514,53.370994],[-6.58369,53.371912],[-6.583998,53.372152],[-6.584367,53.372455],[-6.584468,53.37253],[-6.584789,53.37277],[-6.585108,53.373033],[-6.585232,53.373135],[-6.586314,53.373963],[-6.58638,53.374014],[-6.586485,53.374095],[-6.586529,53.374128],[-6.58755,53.374913],[-6.587695,53.374993],[-6.58779,53.375029],[-6.587895,53.375055],[-6.587825,53.37517],[-6.587792,53.375237],[-6.58775,53.375318],[-6.587701,53.375495],[-6.587634,53.375618],[-6.58745,53.376106],[-6.587381,53.376391],[-6.587358,53.376609],[-6.587348,53.376878],[-6.587345,53.377193],[-6.587361,53.377298],[-6.587417,53.377646],[-6.587449,53.377806],[-6.587531,53.378021],[-6.587616,53.378218],[-6.587658,53.378319],[-6.587719,53.378437],[-6.588001,53.378907],[-6.588066,53.379],[-6.588023,53.379],[-6.588028,53.37903],[-6.588349,53.37946],[-6.588428,53.379539],[-6.588481,53.379637],[-6.588788,53.379929],[-6.588763,53.379938],[-6.588697,53.3799],[-6.588633,53.379931],[-6.588604,53.379946],[-6.58864,53.379977],[-6.588424,53.380107],[-6.588317,53.38012],[-6.588248,53.380122],[-6.588173,53.380115],[-6.588106,53.380119],[-6.588041,53.380136],[-6.58795,53.380142],[-6.587832,53.380163],[-6.587691,53.380198],[-6.587672,53.380176],[-6.587494,53.379964],[-6.587453,53.379959],[-6.587422,53.379969],[-6.587396,53.379978],[-6.587339,53.379993],[-6.587319,53.379995],[-6.587241,53.379977],[-6.587265,53.380003],[-6.587093,53.380052],[-6.586703,53.379599],[-6.586871,53.379543],[-6.586584,53.379169],[-6.586511,53.379131],[-6.586864,53.379042],[-6.586961,53.379063],[-6.587082,53.379231],[-6.587187,53.379358],[-6.587288,53.379459]],"type":"LineString"},"properties":{"hex_id":"89182c1a8dbffff","service":"Fitness","dest_id":"2","dest_name":"Glenroyal Gym","walk_min":35.85,"distance_m":2985}},{"type":"Feature","geometry":{"coordinates":[[-6.573777,53.387211],[-6.573968,53.387111],[-6.574045,53.387095],[-6.57415,53.387099],[-6.574236,53.387104],[-6.57429,53.387065],[-6.574333,53.386992],[-6.574351,53.386965],[-6.574357,53.386893],[-6.574359,53.386835],[-6.574191,53.386799],[-6.57413,53.386783],[-6.574064,53.386745],[-6.574031,53.386712],[-6.574001,53.386693],[-6.573734,53.38663],[-6.574247,53.386485],[-6.574769,53.386335],[-6.575206,53.386232],[-6.575328,53.386194],[-6.575399,53.386173],[-6.577023,53.385682],[-6.577468,53.385554],[-6.578466,53.385268],[-6.580431,53.384687],[-6.58099,53.384518],[-6.581785,53.384292],[-6.582691,53.38403],[-6.583201,53.383883],[-6.583674,53.383739],[-6.583518,53.383484],[-6.583493,53.383438],[-6.583306,53.383185],[-6.583148,53.383029],[-6.58297,53.382785],[-6.582731,53.382499],[-6.582623,53.382372],[-6.582565,53.382274],[-6.582487,53.382207],[-6.58253,53.382182],[-6.582554,53.382141],[-6.582563,53.382115],[-6.582581,53.382055],[-6.582611,53.382055],[-6.582659,53.382052],[-6.582704,53.382041],[-6.582742,53.382023],[-6.582768,53.382003],[-6.582786,53.381981],[-6.582794,53.381956],[-6.582793,53.381931],[-6.582783,53.381907],[-6.582764,53.381885],[-6.582741,53.381869],[-6.582713,53.381855],[-6.582685,53.381824],[-6.582657,53.381783],[-6.582622,53.381728],[-6.582606,53.381646],[-6.582603,53.381592],[-6.582621,53.381582],[-6.582633,53.38157],[-6.58264,53.381556],[-6.58264,53.381541],[-6.582892,53.38153],[-6.583317,53.381531],[-6.583815,53.381526],[-6.584005,53.381536],[-6.58393,53.381328],[-6.583903,53.381259],[-6.58388,53.381117],[-6.583879,53.380971],[-6.583873,53.380876],[-6.583864,53.380754],[-6.58386,53.380723],[-6.583803,53.380673],[-6.583729,53.380614],[-6.583717,53.380582],[-6.583705,53.380471],[-6.583698,53.380329],[-6.583768,53.38032],[-6.583768,53.380201],[-6.583767,53.380163],[-6.583767,53.380163]],"type":"LineString"},"properties":{"hex_id":"89182c1a10fffff","service":"Fitness","dest_id":"3","dest_name":"Anytime Fitness Gym","walk_min":16.55,"distance_m":1380}},{"type":"Feature","geometry":{"coordinates":[[-6.572657,53.379925],[-6.572672,53.379927],[-6.573385,53.38],[-6.574685,53.380157],[-6.575269,53.380218],[-6.576101,53.380254],[-6.577088,53.380259],[-6.577938,53.380233],[-6.579311,53.380121],[-6.58017,53.379993],[-6.581611,53.379783],[-6.583156,53.379552],[-6.584993,53.379261],[-6.585064,53.379249],[-6.585722,53.379154],[-6.58667,53.37903],[-6.587062,53.378963],[-6.587137,53.378947],[-6.587451,53.378931],[-6.587715,53.378965],[-6.587896,53.378995],[-6.588006,53.379001],[-6.588023,53.379],[-6.588028,53.37903],[-6.588349,53.37946],[-6.588428,53.379539],[-6.588481,53.379637],[-6.588788,53.379929],[-6.588763,53.379938],[-6.588697,53.3799],[-6.588633,53.379931],[-6.588604,53.379946],[-6.58864,53.379977],[-6.588424,53.380107],[-6.588317,53.38012],[-6.588248,53.380122],[-6.588173,53.380115],[-6.588106,53.380119],[-6.588041,53.380136],[-6.58795,53.380142],[-6.587832,53.380163],[-6.587691,53.380198],[-6.587672,53.380176],[-6.587494,53.379964],[-6.587453,53.379959],[-6.587422,53.379969],[-6.587396,53.379978],[-6.587339,53.379993],[-6.587319,53.379995],[-6.587241,53.379977],[-6.587265,53.380003],[-6.587093,53.380052],[-6.586703,53.379599],[-6.586871,53.379543],[-6.586584,53.379169],[-6.586511,53.379131],[-6.586864,53.379042],[-6.586961,53.379063],[-6.587082,53.379231],[-6.587187,53.379358],[-6.587288,53.379459]],"type":"LineString"},"properties":{"hex_id":"89182c1ae93ffff","service":"Fitness","dest_id":"2","dest_name":"Glenroyal Gym","walk_min":18.21,"distance_m":1518}},{"type":"Feature","geometry":{"coordinates":[[-6.603861,53.374833],[-6.603337,53.374896],[-6.603286,53.374937],[-6.603093,53.374954],[-6.602882,53.37499],[-6.602841,53.374999],[-6.602646,53.375051],[-6.602426,53.375119],[-6.602275,53.375172],[-6.602107,53.375231],[-6.601975,53.375276],[-6.601795,53.37533],[-6.601501,53.375398],[-6.601255,53.375434],[-6.600891,53.375457],[-6.60059,53.375475],[-6.60042,53.375491],[-6.60025,53.375498],[-6.600186,53.375502],[-6.599997,53.37551],[-6.599851,53.375514],[-6.599775,53.375516],[-6.599617,53.37552],[-6.599303,53.375539],[-6.599247,53.375542],[-6.599085,53.375554],[-6.59899,53.375574],[-6.598749,53.375602],[-6.598599,53.375625],[-6.597823,53.375719],[-6.597725,53.375723],[-6.597651,53.375726],[-6.597606,53.375734],[-6.597555,53.375743],[-6.597474,53.375757],[-6.597108,53.375732],[-6.596905,53.375713],[-6.59672,53.375794],[-6.596696,53.375914],[-6.596676,53.376072],[-6.596661,53.376177],[-6.596653,53.376216],[-6.596558,53.376485],[-6.596542,53.376516],[-6.596466,53.376512],[-6.596416,53.376515],[-6.596412,53.376529],[-6.596336,53.376665],[-6.596327,53.376683],[-6.596322,53.376694],[-6.596258,53.376684],[-6.596197,53.376686],[-6.596181,53.376689],[-6.595975,53.376738],[-6.595924,53.376742],[-6.595562,53.376823],[-6.595236,53.37691],[-6.594723,53.377044],[-6.594401,53.377145],[-6.593794,53.377334],[-6.593519,53.37742],[-6.593349,53.377484],[-6.592292,53.377845],[-6.591948,53.377952],[-6.591764,53.378016],[-6.59158,53.378062],[-6.591479,53.378092],[-6.591403,53.378117],[-6.591302,53.378159],[-6.591236,53.37819],[-6.591159,53.37822],[-6.591048,53.378318],[-6.590948,53.378416],[-6.590905,53.378492],[-6.590868,53.378586],[-6.59087,53.378676],[-6.590888,53.378759],[-6.590948,53.378921],[-6.590978,53.37896],[-6.590999,53.378987],[-6.590925,53.379009],[-6.591174,53.37934],[-6.59123,53.379399],[-6.591294,53.379472],[-6.591065,53.379542],[-6.590482,53.379749],[-6.589636,53.380136],[-6.589519,53.380187],[-6.589412,53.380231],[-6.589385,53.380212],[-6.589363,53.380196],[-6.589345,53.380183],[-6.58928,53.380213],[-6.589253,53.380224],[-6.589271,53.380241],[-6.589278,53.380263],[-6.589269,53.38028],[-6.589256,53.38029],[-6.589235,53.380307],[-6.589198,53.380312],[-6.589167,53.380309],[-6.589131,53.380294],[-6.589104,53.380266],[-6.588999,53.380287],[-6.588962,53.380215],[-6.588931,53.380164],[-6.588909,53.380138],[-6.588866,53.380112],[-6.58883,53.380109],[-6.58878,53.380109],[-6.588749,53.38011],[-6.588699,53.380114],[-6.588578,53.38013],[-6.588502,53.380142],[-6.588229,53.380188],[-6.588106,53.380207],[-6.587955,53.380231],[-6.587859,53.380246],[-6.587717,53.380229],[-6.587691,53.380198],[-6.587672,53.380176],[-6.587494,53.379964],[-6.587453,53.379959],[-6.587422,53.379969],[-6.587396,53.379978],[-6.587339,53.379993],[-6.587319,53.379995],[-6.587241,53.379977],[-6.587265,53.380003],[-6.587093,53.380052],[-6.586703,53.379599],[-6.586871,53.379543],[-6.586584,53.379169],[-6.586511,53.379131],[-6.586864,53.379042],[-6.586961,53.379063],[-6.587082,53.379231],[-6.587187,53.379358],[-6.587288,53.379459]],"type":"LineString"},"properties":{"hex_id":"89182c18597ffff","service":"Fitness","dest_id":"2","dest_name":"Glenroyal Gym","walk_min":20.54,"distance_m":1713}},{"type":"Feature","geometry":{"coordinates":[[-6.6023,53.377485],[-6.601981,53.377594],[-6.601161,53.377886],[-6.600635,53.378072],[-6.60019,53.378195],[-6.600123,53.37821],[-6.599849,53.378316],[-6.599337,53.37853],[-6.59912,53.37862],[-6.599006,53.37866],[-6.598937,53.37868],[-6.599253,53.37907],[-6.599422,53.379277],[-6.599534,53.379415],[-6.599547,53.379455],[-6.599524,53.379485],[-6.59947,53.379505],[-6.599172,53.379567],[-6.599139,53.379578],[-6.598958,53.379621],[-6.598915,53.379663],[-6.598924,53.379749],[-6.59892,53.379778],[-6.598924,53.379827],[-6.598907,53.379865],[-6.59886,53.379889],[-6.598794,53.379937],[-6.598824,53.380071],[-6.598847,53.380127],[-6.59885,53.380177],[-6.598834,53.380216],[-6.598804,53.380248],[-6.59878,53.380275],[-6.598727,53.380319],[-6.598679,53.380364],[-6.598648,53.380385],[-6.598614,53.380415],[-6.598626,53.380447],[-6.59866,53.38051],[-6.598715,53.380579],[-6.598685,53.380587],[-6.598688,53.380621],[-6.598671,53.380647],[-6.598642,53.380664],[-6.598604,53.380677],[-6.598363,53.38074],[-6.598305,53.380754],[-6.598376,53.380826],[-6.598538,53.381018],[-6.598569,53.381053],[-6.598591,53.381082],[-6.598713,53.381237],[-6.598828,53.3814],[-6.599003,53.381526],[-6.599219,53.381795],[-6.59925,53.381834],[-6.599339,53.381945],[-6.599378,53.381994],[-6.599402,53.382023],[-6.599204,53.382035],[-6.599217,53.382098],[-6.599222,53.382137],[-6.599224,53.382175],[-6.599229,53.382208],[-6.599194,53.382253],[-6.599146,53.38234],[-6.599125,53.382437],[-6.599174,53.382542],[-6.599251,53.382604],[-6.599345,53.382609],[-6.599366,53.382639],[-6.599385,53.382666],[-6.599468,53.382781],[-6.599506,53.382822],[-6.599612,53.382962],[-6.599805,53.383205],[-6.599971,53.383399],[-6.600134,53.383466],[-6.600221,53.383488],[-6.600459,53.383547],[-6.600576,53.383579],[-6.600777,53.383846],[-6.600827,53.383909],[-6.600844,53.383931],[-6.600893,53.383991],[-6.601188,53.384376],[-6.601222,53.384371],[-6.601421,53.384419],[-6.601557,53.384452],[-6.601682,53.384471],[-6.601773,53.384448],[-6.602086,53.384365],[-6.602232,53.384322],[-6.602374,53.384281],[-6.602446,53.384267],[-6.602482,53.384257],[-6.602611,53.384239],[-6.602757,53.384264],[-6.602789,53.38427],[-6.602898,53.384366],[-6.602907,53.384378],[-6.602921,53.384395],[-6.60294,53.384417],[-6.602962,53.384448],[-6.602988,53.384483],[-6.603027,53.384533],[-6.60322,53.384792],[-6.603251,53.384835],[-6.60339,53.385017],[-6.603426,53.38506],[-6.60354,53.385048],[-6.6036,53.385034],[-6.60367,53.385013],[-6.603777,53.384979]],"type":"LineString"},"properties":{"hex_id":"89182c1a32fffff","service":"Fitness","dest_id":"1","dest_name":"Maynooth University Gym","walk_min":15.32,"distance_m":1277}},{"type":"Feature","geometry":{"coordinates":[[-6.608643,53.382005],[-6.608506,53.382041],[-6.608521,53.381954],[-6.608527,53.381924],[-6.608594,53.381733],[-6.608601,53.381665],[-6.608029,53.381644],[-6.607472,53.38161],[-6.60652,53.381542],[-6.60616,53.381529],[-6.605703,53.381523],[-6.605678,53.381523],[-6.605651,53.381524],[-6.60563,53.381524],[-6.605138,53.381538],[-6.604679,53.38157],[-6.604512,53.381587],[-6.603872,53.381653],[-6.603332,53.38172],[-6.602779,53.381783],[-6.602574,53.38181],[-6.601772,53.381892],[-6.601532,53.381916],[-6.601527,53.381951],[-6.601504,53.381984],[-6.601467,53.382011],[-6.601417,53.382031],[-6.60136,53.382041],[-6.601374,53.38208],[-6.601398,53.382181],[-6.60149,53.382373],[-6.601635,53.382435],[-6.601692,53.382453],[-6.60187,53.382459],[-6.602263,53.382429],[-6.602427,53.382437],[-6.602555,53.382463],[-6.602654,53.382504],[-6.602729,53.382552],[-6.602846,53.382693],[-6.602958,53.382821],[-6.603115,53.383027],[-6.603245,53.383179],[-6.603324,53.383276],[-6.603426,53.383398],[-6.603579,53.383611],[-6.603624,53.38367],[-6.603651,53.383706],[-6.603678,53.38374],[-6.603699,53.383767],[-6.603716,53.383783],[-6.603754,53.383794],[-6.60388,53.383784],[-6.603961,53.383794],[-6.604047,53.383878],[-6.604292,53.384208],[-6.604426,53.384425],[-6.604447,53.384462],[-6.604476,53.384512],[-6.604491,53.384538],[-6.604506,53.384563],[-6.60459,53.384683],[-6.604616,53.384723],[-6.604498,53.384759],[-6.604436,53.384778],[-6.604392,53.384791],[-6.604252,53.384834],[-6.604128,53.384869],[-6.604045,53.384894],[-6.603974,53.384918],[-6.603777,53.384979]],"type":"LineString"},"properties":{"hex_id":"89182c1a377ffff","service":"Fitness","dest_id":"1","dest_name":"Maynooth University Gym","walk_min":12.22,"distance_m":1019}},{"type":"Feature","geometry":{"coordinates":[[-6.584089,53.376677],[-6.583922,53.37672],[-6.583894,53.3768],[-6.584053,53.377169],[-6.584141,53.377191],[-6.584509,53.377148],[-6.584738,53.377755],[-6.584749,53.377788],[-6.584789,53.377936],[-6.585229,53.377891],[-6.585783,53.377844],[-6.586366,53.377825],[-6.586573,53.377821],[-6.587073,53.377813],[-6.587414,53.377807],[-6.587449,53.377806],[-6.587531,53.378021],[-6.587616,53.378218],[-6.587658,53.378319],[-6.587719,53.378437],[-6.588001,53.378907],[-6.588066,53.379],[-6.588023,53.379],[-6.588028,53.37903],[-6.588349,53.37946],[-6.588428,53.379539],[-6.588481,53.379637],[-6.588788,53.379929],[-6.588763,53.379938],[-6.588697,53.3799],[-6.588633,53.379931],[-6.588604,53.379946],[-6.58864,53.379977],[-6.588424,53.380107],[-6.588317,53.38012],[-6.588248,53.380122],[-6.588173,53.380115],[-6.588106,53.380119],[-6.588041,53.380136],[-6.58795,53.380142],[-6.587832,53.380163],[-6.587691,53.380198],[-6.587672,53.380176],[-6.587494,53.379964],[-6.587453,53.379959],[-6.587422,53.379969],[-6.587396,53.379978],[-6.587339,53.379993],[-6.587319,53.379995],[-6.587241,53.379977],[-6.587265,53.380003],[-6.587093,53.380052],[-6.586703,53.379599],[-6.586871,53.379543],[-6.586584,53.379169],[-6.586511,53.379131],[-6.586864,53.379042],[-6.586961,53.379063],[-6.587082,53.379231],[-6.587187,53.379358],[-6.587288,53.379459]],"type":"LineString"},"properties":{"hex_id":"89182c1aec7ffff","service":"Fitness","dest_id":"2","dest_name":"Glenroyal Gym","walk_min":11.74,"distance_m":978}},{"type":"Feature","geometry":{"coordinates":[[-6.589135,53.375997],[-6.589593,53.376509],[-6.589366,53.376585],[-6.589231,53.376625],[-6.589171,53.376644],[-6.589126,53.376657],[-6.588932,53.37672],[-6.588697,53.376796],[-6.588623,53.376816],[-6.588414,53.376884],[-6.588336,53.376909],[-6.588162,53.376967],[-6.587862,53.377067],[-6.587696,53.377105],[-6.587582,53.377111],[-6.587589,53.377297],[-6.587625,53.377507],[-6.587674,53.377764],[-6.587731,53.37793],[-6.587822,53.378189],[-6.587882,53.378322],[-6.587935,53.378422],[-6.587943,53.378437],[-6.58803,53.378601],[-6.588051,53.378638],[-6.588192,53.378866],[-6.588177,53.378869],[-6.588097,53.378886],[-6.588022,53.378903],[-6.588001,53.378907],[-6.588066,53.379],[-6.588023,53.379],[-6.588028,53.37903],[-6.588349,53.37946],[-6.588428,53.379539],[-6.588481,53.379637],[-6.588788,53.379929],[-6.588763,53.379938],[-6.588697,53.3799],[-6.588633,53.379931],[-6.588604,53.379946],[-6.58864,53.379977],[-6.588424,53.380107],[-6.588317,53.38012],[-6.588248,53.380122],[-6.588173,53.380115],[-6.588106,53.380119],[-6.588041,53.380136],[-6.58795,53.380142],[-6.587832,53.380163],[-6.587691,53.380198],[-6.587672,53.380176],[-6.587494,53.379964],[-6.587453,53.379959],[-6.587422,53.379969],[-6.587396,53.379978],[-6.587339,53.379993],[-6.587319,53.379995],[-6.587241,53.379977],[-6.587265,53.380003],[-6.587093,53.380052],[-6.586703,53.379599],[-6.586871,53.379543],[-6.586584,53.379169],[-6.586511,53.379131],[-6.586864,53.379042],[-6.586961,53.379063],[-6.587082,53.379231],[-6.587187,53.379358],[-6.587288,53.379459]],"type":"LineString"},"properties":{"hex_id":"89182c1aecfffff","service":"Fitness","dest_id":"2","dest_name":"Glenroyal Gym","walk_min":11.0,"distance_m":917}},{"type":"Feature","geometry":{"coordinates":[[-6.613602,53.37322],[-6.613576,53.373222],[-6.613261,53.373237],[-6.612966,53.37341],[-6.612702,53.373515],[-6.6124,53.3736],[-6.611855,53.373725],[-6.611236,53.37391],[-6.610648,53.374076],[-6.61046,53.37413],[-6.610188,53.374113],[-6.61013,53.374084],[-6.609845,53.374055],[-6.609764,53.37407],[-6.608898,53.37421],[-6.608653,53.374257],[-6.60846,53.374294],[-6.608247,53.374336],[-6.607677,53.374447],[-6.607514,53.374474],[-6.607352,53.374494],[-6.607169,53.374512],[-6.606959,53.374525],[-6.606585,53.374539],[-6.606468,53.374544],[-6.606072,53.374556],[-6.605912,53.374566],[-6.605751,53.374583],[-6.605285,53.37465],[-6.605058,53.374688],[-6.604835,53.374727],[-6.60449,53.374792],[-6.604203,53.374836],[-6.603903,53.37487],[-6.603595,53.374908],[-6.603286,53.374937],[-6.603093,53.374954],[-6.602882,53.37499],[-6.602841,53.374999],[-6.602646,53.375051],[-6.602426,53.375119],[-6.602275,53.375172],[-6.602107,53.375231],[-6.601975,53.375276],[-6.601795,53.37533],[-6.601501,53.375398],[-6.601255,53.375434],[-6.600891,53.375457],[-6.60059,53.375475],[-6.60042,53.375491],[-6.60025,53.375498],[-6.600186,53.375502],[-6.599997,53.37551],[-6.599851,53.375514],[-6.599775,53.375516],[-6.599617,53.37552],[-6.599303,53.375539],[-6.599247,53.375542],[-6.599085,53.375554],[-6.59899,53.375574],[-6.598749,53.375602],[-6.598599,53.375625],[-6.597823,53.375719],[-6.597725,53.375723],[-6.597651,53.375726],[-6.597606,53.375734],[-6.597555,53.375743],[-6.597474,53.375757],[-6.597108,53.375732],[-6.596905,53.375713],[-6.59672,53.375794],[-6.596696,53.375914],[-6.596676,53.376072],[-6.596661,53.376177],[-6.596653,53.376216],[-6.596558,53.376485],[-6.596542,53.376516],[-6.596466,53.376512],[-6.596416,53.376515],[-6.596412,53.376529],[-6.596336,53.376665],[-6.596327,53.376683],[-6.596322,53.376694],[-6.596258,53.376684],[-6.596197,53.376686],[-6.596181,53.376689],[-6.595975,53.376738],[-6.595924,53.376742],[-6.595562,53.376823],[-6.595236,53.37691],[-6.594723,53.377044],[-6.594401,53.377145],[-6.593794,53.377334],[-6.593519,53.37742],[-6.593349,53.377484],[-6.592292,53.377845],[-6.591948,53.377952],[-6.591764,53.378016],[-6.59158,53.378062],[-6.591479,53.378092],[-6.591403,53.378117],[-6.591302,53.378159],[-6.591236,53.37819],[-6.591159,53.37822],[-6.591048,53.378318],[-6.590948,53.378416],[-6.590905,53.378492],[-6.590868,53.378586],[-6.59087,53.378676],[-6.590888,53.378759],[-6.590948,53.378921],[-6.590978,53.37896],[-6.590999,53.378987],[-6.590925,53.379009],[-6.591174,53.37934],[-6.59123,53.379399],[-6.591294,53.379472],[-6.591065,53.379542],[-6.590482,53.379749],[-6.589636,53.380136],[-6.589519,53.380187],[-6.589412,53.380231],[-6.589385,53.380212],[-6.589363,53.380196],[-6.589345,53.380183],[-6.58928,53.380213],[-6.589253,53.380224],[-6.589271,53.380241],[-6.589278,53.380263],[-6.589269,53.38028],[-6.589256,53.38029],[-6.589235,53.380307],[-6.589198,53.380312],[-6.589167,53.380309],[-6.589131,53.380294],[-6.589104,53.380266],[-6.588999,53.380287],[-6.588962,53.380215],[-6.588931,53.380164],[-6.588909,53.380138],[-6.588866,53.380112],[-6.58883,53.380109],[-6.58878,53.380109],[-6.588749,53.38011],[-6.588699,53.380114],[-6.588578,53.38013],[-6.588502,53.380142],[-6.588229,53.380188],[-6.588106,53.380207],[-6.587955,53.380231],[-6.587859,53.380246],[-6.587717,53.380229],[-6.587691,53.380198],[-6.587672,53.380176],[-6.587494,53.379964],[-6.587453,53.379959],[-6.587422,53.379969],[-6.587396,53.379978],[-6.587339,53.379993],[-6.587319,53.379995],[-6.587241,53.379977],[-6.587265,53.380003],[-6.587093,53.380052],[-6.586703,53.379599],[-6.586871,53.379543],[-6.586584,53.379169],[-6.586511,53.379131],[-6.586864,53.379042],[-6.586961,53.379063],[-6.587082,53.379231],[-6.587187,53.379358],[-6.587288,53.379459]],"type":"LineString"},"properties":{"hex_id":"89182c1858bffff","service":"Fitness","dest_id":"2","dest_name":"Glenroyal Gym","walk_min":28.77,"distance_m":2399}},{"type":"Feature","geometry":{"coordinates":[[-6.594453,53.383626],[-6.594445,53.383613],[-6.594386,53.383469],[-6.594162,53.383085],[-6.594131,53.383031],[-6.594189,53.383022],[-6.594345,53.382995],[-6.594538,53.382959],[-6.594673,53.382874],[-6.595044,53.382789],[-6.595241,53.382717],[-6.595827,53.382585],[-6.595842,53.382601],[-6.595925,53.382629],[-6.596004,53.38264],[-6.596176,53.382691],[-6.59645,53.382734],[-6.596665,53.382767],[-6.596739,53.382797],[-6.596847,53.382842],[-6.597035,53.382909],[-6.597307,53.382983],[-6.597432,53.38302],[-6.597556,53.383077],[-6.59766,53.383062],[-6.597811,53.383018],[-6.598074,53.38308],[-6.598301,53.383047],[-6.598494,53.382998],[-6.598586,53.382972],[-6.598653,53.382952],[-6.598738,53.382938],[-6.598839,53.382934],[-6.598917,53.383026],[-6.598862,53.383039],[-6.598881,53.383064],[-6.598935,53.383132],[-6.598944,53.383143],[-6.598975,53.383134],[-6.599054,53.383113],[-6.599126,53.383094],[-6.599194,53.383074],[-6.5997,53.383176],[-6.599805,53.383205],[-6.599971,53.383399],[-6.600134,53.383466],[-6.600221,53.383488],[-6.600459,53.383547],[-6.600576,53.383579],[-6.600777,53.383846],[-6.600827,53.383909],[-6.600844,53.383931],[-6.600893,53.383991],[-6.601188,53.384376],[-6.601222,53.384371],[-6.601421,53.384419],[-6.601557,53.384452],[-6.601682,53.384471],[-6.601773,53.384448],[-6.602086,53.384365],[-6.602232,53.384322],[-6.602374,53.384281],[-6.602446,53.384267],[-6.602482,53.384257],[-6.602611,53.384239],[-6.602757,53.384264],[-6.602789,53.38427],[-6.602898,53.384366],[-6.602907,53.384378],[-6.602921,53.384395],[-6.60294,53.384417],[-6.602962,53.384448],[-6.602988,53.384483],[-6.603027,53.384533],[-6.60322,53.384792],[-6.603251,53.384835],[-6.60339,53.385017],[-6.603426,53.38506],[-6.60354,53.385048],[-6.6036,53.385034],[-6.60367,53.385013],[-6.603777,53.384979]],"type":"LineString"},"properties":{"hex_id":"89182c1a3afffff","service":"Fitness","dest_id":"1","dest_name":"Maynooth University Gym","walk_min":10.91,"distance_m":909}},{"type":"Feature","geometry":{"coordinates":[[-6.569818,53.370075],[-6.569824,53.370064],[-6.570037,53.369659],[-6.570099,53.369514],[-6.570143,53.369403],[-6.57015,53.369363],[-6.570157,53.369292],[-6.570156,53.369203],[-6.57015,53.369117],[-6.570159,53.369009],[-6.570173,53.368952],[-6.570195,53.368844],[-6.570232,53.368744],[-6.570288,53.368615],[-6.570341,53.368524],[-6.570422,53.368399],[-6.570513,53.368259],[-6.570608,53.368117],[-6.570679,53.368],[-6.570814,53.367797],[-6.570879,53.367679],[-6.57093,53.367592],[-6.570985,53.367476],[-6.571041,53.367363],[-6.571138,53.367186],[-6.571245,53.367206],[-6.571755,53.367337],[-6.576137,53.368564],[-6.577226,53.368866],[-6.577593,53.368968],[-6.577924,53.36906],[-6.578873,53.369323],[-6.579422,53.369476],[-6.579633,53.369537],[-6.579694,53.369554],[-6.579787,53.369581],[-6.579877,53.369605],[-6.579905,53.369613],[-6.580014,53.369642],[-6.580281,53.369713],[-6.580514,53.369783],[-6.580725,53.369846],[-6.580801,53.369876],[-6.58094,53.369931],[-6.581101,53.370009],[-6.581186,53.370056],[-6.581284,53.370112],[-6.58133,53.370139],[-6.581384,53.37017],[-6.581752,53.370418],[-6.581926,53.370553],[-6.582131,53.370708],[-6.582514,53.370994],[-6.58369,53.371912],[-6.583998,53.372152],[-6.584367,53.372455],[-6.584468,53.37253],[-6.584789,53.37277],[-6.585108,53.373033],[-6.585232,53.373135],[-6.586314,53.373963],[-6.58638,53.374014],[-6.586485,53.374095],[-6.586529,53.374128],[-6.58755,53.374913],[-6.587695,53.374993],[-6.58779,53.375029],[-6.587895,53.375055],[-6.587825,53.37517],[-6.587792,53.375237],[-6.58775,53.375318],[-6.587701,53.375495],[-6.587634,53.375618],[-6.58745,53.376106],[-6.587381,53.376391],[-6.587358,53.376609],[-6.587348,53.376878],[-6.587345,53.377193],[-6.587361,53.377298],[-6.587417,53.377646],[-6.587449,53.377806],[-6.587531,53.378021],[-6.587616,53.378218],[-6.587658,53.378319],[-6.587719,53.378437],[-6.588001,53.378907],[-6.588066,53.379],[-6.588023,53.379],[-6.588028,53.37903],[-6.588349,53.37946],[-6.588428,53.379539],[-6.588481,53.379637],[-6.588788,53.379929],[-6.588763,53.379938],[-6.588697,53.3799],[-6.588633,53.379931],[-6.588604,53.379946],[-6.58864,53.379977],[-6.588424,53.380107],[-6.588317,53.38012],[-6.588248,53.380122],[-6.588173,53.380115],[-6.588106,53.380119],[-6.588041,53.380136],[-6.58795,53.380142],[-6.587832,53.380163],[-6.587691,53.380198],[-6.587672,53.380176],[-6.587494,53.379964],[-6.587453,53.379959],[-6.587422,53.379969],[-6.587396,53.379978],[-6.587339,53.379993],[-6.587319,53.379995],[-6.587241,53.379977],[-6.587265,53.380003],[-6.587093,53.380052],[-6.586703,53.379599],[-6.586871,53.379543],[-6.586584,53.379169],[-6.586511,53.379131],[-6.586864,53.379042],[-6.586961,53.379063],[-6.587082,53.379231],[-6.587187,53.379358],[-6.587288,53.379459]],"type":"LineString"},"properties":{"hex_id":"89182c1aea3ffff","service":"Fitness","dest_id":"2","dest_name":"Glenroyal Gym","walk_min":32.66,"distance_m":2720}},{"type":"Feature","geometry":{"coordinates":[[-6.58229,53.388681],[-6.58229,53.388681],[-6.582458,53.38866],[-6.582648,53.388623],[-6.582782,53.38859],[-6.582862,53.388556],[-6.582961,53.388521],[-6.583188,53.388462],[-6.583427,53.388388],[-6.583686,53.388288],[-6.583888,53.388202],[-6.584096,53.388096],[-6.584147,53.388071],[-6.584783,53.387733],[-6.584921,53.387643],[-6.585161,53.387465],[-6.585309,53.387362],[-6.585309,53.387347],[-6.585581,53.387174],[-6.585584,53.387106],[-6.585766,53.386988],[-6.585825,53.386946],[-6.5862,53.386686],[-6.58648,53.38649],[-6.586608,53.386401],[-6.586714,53.386317],[-6.586784,53.386262],[-6.587161,53.385943],[-6.587483,53.385663],[-6.587974,53.385227],[-6.588003,53.385201],[-6.587833,53.385138],[-6.587704,53.385027],[-6.587202,53.384851],[-6.586781,53.384703],[-6.585915,53.38438],[-6.58526,53.38411],[-6.58513,53.3841],[-6.58501,53.38411],[-6.584886,53.384053],[-6.584756,53.383984],[-6.584621,53.383924],[-6.58453,53.38388],[-6.58435,53.3838],[-6.5843,53.38378],[-6.5843,53.38373],[-6.58428,53.3837],[-6.584245,53.383565],[-6.583674,53.383739],[-6.583518,53.383484],[-6.583493,53.383438],[-6.583306,53.383185],[-6.583148,53.383029],[-6.58297,53.382785],[-6.582731,53.382499],[-6.582623,53.382372],[-6.582565,53.382274],[-6.582487,53.382207],[-6.58253,53.382182],[-6.582554,53.382141],[-6.582563,53.382115],[-6.582581,53.382055],[-6.582611,53.382055],[-6.582659,53.382052],[-6.582704,53.382041],[-6.582742,53.382023],[-6.582768,53.382003],[-6.582786,53.381981],[-6.582794,53.381956],[-6.582793,53.381931],[-6.582783,53.381907],[-6.582764,53.381885],[-6.582741,53.381869],[-6.582713,53.381855],[-6.582685,53.381824],[-6.582657,53.381783],[-6.582622,53.381728],[-6.582606,53.381646],[-6.582603,53.381592],[-6.582621,53.381582],[-6.582633,53.38157],[-6.58264,53.381556],[-6.58264,53.381541],[-6.582892,53.38153],[-6.583317,53.381531],[-6.583815,53.381526],[-6.584005,53.381536],[-6.58393,53.381328],[-6.583903,53.381259],[-6.58388,53.381117],[-6.583879,53.380971],[-6.583873,53.380876],[-6.583864,53.380754],[-6.58386,53.380723],[-6.583803,53.380673],[-6.583729,53.380614],[-6.583717,53.380582],[-6.583705,53.380471],[-6.583698,53.380329],[-6.583768,53.38032],[-6.583768,53.380201],[-6.583767,53.380163],[-6.583767,53.380163]],"type":"LineString"},"properties":{"hex_id":"89182c1a147ffff","service":"Fitness","dest_id":"3","dest_name":"Anytime Fitness Gym","walk_min":17.4,"distance_m":1448}},{"type":"Feature","geometry":{"coordinates":[[-6.608765,53.374235],[-6.608653,53.374257],[-6.60846,53.374294],[-6.608247,53.374336],[-6.607677,53.374447],[-6.607514,53.374474],[-6.607352,53.374494],[-6.607169,53.374512],[-6.606959,53.374525],[-6.606585,53.374539],[-6.606468,53.374544],[-6.606072,53.374556],[-6.605912,53.374566],[-6.605751,53.374583],[-6.605285,53.37465],[-6.605058,53.374688],[-6.604835,53.374727],[-6.60449,53.374792],[-6.604203,53.374836],[-6.603903,53.37487],[-6.603595,53.374908],[-6.603286,53.374937],[-6.603093,53.374954],[-6.602882,53.37499],[-6.602841,53.374999],[-6.602646,53.375051],[-6.602426,53.375119],[-6.602275,53.375172],[-6.602107,53.375231],[-6.601975,53.375276],[-6.601795,53.37533],[-6.601501,53.375398],[-6.601255,53.375434],[-6.600891,53.375457],[-6.60059,53.375475],[-6.60042,53.375491],[-6.60025,53.375498],[-6.600186,53.375502],[-6.599997,53.37551],[-6.599851,53.375514],[-6.599775,53.375516],[-6.599617,53.37552],[-6.599303,53.375539],[-6.599247,53.375542],[-6.599085,53.375554],[-6.59899,53.375574],[-6.598749,53.375602],[-6.598599,53.375625],[-6.597823,53.375719],[-6.597725,53.375723],[-6.597651,53.375726],[-6.597606,53.375734],[-6.597555,53.375743],[-6.597474,53.375757],[-6.597108,53.375732],[-6.596905,53.375713],[-6.59672,53.375794],[-6.596696,53.375914],[-6.596676,53.376072],[-6.596661,53.376177],[-6.596653,53.376216],[-6.596558,53.376485],[-6.596542,53.376516],[-6.596466,53.376512],[-6.596416,53.376515],[-6.596412,53.376529],[-6.596336,53.376665],[-6.596327,53.376683],[-6.596322,53.376694],[-6.596258,53.376684],[-6.596197,53.376686],[-6.596181,53.376689],[-6.595975,53.376738],[-6.595924,53.376742],[-6.595562,53.376823],[-6.595236,53.37691],[-6.594723,53.377044],[-6.594401,53.377145],[-6.593794,53.377334],[-6.593519,53.37742],[-6.593349,53.377484],[-6.592292,53.377845],[-6.591948,53.377952],[-6.591764,53.378016],[-6.59158,53.378062],[-6.591479,53.378092],[-6.591403,53.378117],[-6.591302,53.378159],[-6.591236,53.37819],[-6.591159,53.37822],[-6.591048,53.378318],[-6.590948,53.378416],[-6.590905,53.378492],[-6.590868,53.378586],[-6.59087,53.378676],[-6.590888,53.378759],[-6.590948,53.378921],[-6.590978,53.37896],[-6.590999,53.378987],[-6.590925,53.379009],[-6.591174,53.37934],[-6.59123,53.379399],[-6.591294,53.379472],[-6.591065,53.379542],[-6.590482,53.379749],[-6.589636,53.380136],[-6.589519,53.380187],[-6.589412,53.380231],[-6.589385,53.380212],[-6.589363,53.380196],[-6.589345,53.380183],[-6.58928,53.380213],[-6.589253,53.380224],[-6.589271,53.380241],[-6.589278,53.380263],[-6.589269,53.38028],[-6.589256,53.38029],[-6.589235,53.380307],[-6.589198,53.380312],[-6.589167,53.380309],[-6.589131,53.380294],[-6.589104,53.380266],[-6.588999,53.380287],[-6.588962,53.380215],[-6.588931,53.380164],[-6.588909,53.380138],[-6.588866,53.380112],[-6.58883,53.380109],[-6.58878,53.380109],[-6.588749,53.38011],[-6.588699,53.380114],[-6.588578,53.38013],[-6.588502,53.380142],[-6.588229,53.380188],[-6.588106,53.380207],[-6.587955,53.380231],[-6.587859,53.380246],[-6.587717,53.380229],[-6.587691,53.380198],[-6.587672,53.380176],[-6.587494,53.379964],[-6.587453,53.379959],[-6.587422,53.379969],[-6.587396,53.379978],[-6.587339,53.379993],[-6.587319,53.379995],[-6.587241,53.379977],[-6.587265,53.380003],[-6.587093,53.380052],[-6.586703,53.379599],[-6.586871,53.379543],[-6.586584,53.379169],[-6.586511,53.379131],[-6.586864,53.379042],[-6.586961,53.379063],[-6.587082,53.379231],[-6.587187,53.379358],[-6.587288,53.379459]],"type":"LineString"},"properties":{"hex_id":"89182c18583ffff","service":"Fitness","dest_id":"2","dest_name":"Glenroyal Gym","walk_min":24.54,"distance_m":2046}},{"type":"Feature","geometry":{"coordinates":[[-6.569962,53.367122],[-6.570872,53.367149],[-6.571138,53.367186],[-6.571245,53.367206],[-6.571755,53.367337],[-6.576137,53.368564],[-6.577226,53.368866],[-6.577593,53.368968],[-6.577924,53.36906],[-6.578873,53.369323],[-6.579422,53.369476],[-6.579633,53.369537],[-6.579694,53.369554],[-6.579787,53.369581],[-6.579877,53.369605],[-6.579905,53.369613],[-6.580014,53.369642],[-6.580281,53.369713],[-6.580514,53.369783],[-6.580725,53.369846],[-6.580801,53.369876],[-6.58094,53.369931],[-6.581101,53.370009],[-6.581186,53.370056],[-6.581284,53.370112],[-6.58133,53.370139],[-6.581384,53.37017],[-6.581752,53.370418],[-6.581926,53.370553],[-6.582131,53.370708],[-6.582514,53.370994],[-6.58369,53.371912],[-6.583998,53.372152],[-6.584367,53.372455],[-6.584468,53.37253],[-6.584789,53.37277],[-6.585108,53.373033],[-6.585232,53.373135],[-6.586314,53.373963],[-6.58638,53.374014],[-6.586485,53.374095],[-6.586529,53.374128],[-6.58755,53.374913],[-6.587695,53.374993],[-6.58779,53.375029],[-6.587895,53.375055],[-6.587825,53.37517],[-6.587792,53.375237],[-6.58775,53.375318],[-6.587701,53.375495],[-6.587634,53.375618],[-6.58745,53.376106],[-6.587381,53.376391],[-6.587358,53.376609],[-6.587348,53.376878],[-6.587345,53.377193],[-6.587361,53.377298],[-6.587417,53.377646],[-6.587449,53.377806],[-6.587531,53.378021],[-6.587616,53.378218],[-6.587658,53.378319],[-6.587719,53.378437],[-6.588001,53.378907],[-6.588066,53.379],[-6.588023,53.379],[-6.588028,53.37903],[-6.588349,53.37946],[-6.588428,53.379539],[-6.588481,53.379637],[-6.588788,53.379929],[-6.588763,53.379938],[-6.588697,53.3799],[-6.588633,53.379931],[-6.588604,53.379946],[-6.58864,53.379977],[-6.588424,53.380107],[-6.588317,53.38012],[-6.588248,53.380122],[-6.588173,53.380115],[-6.588106,53.380119],[-6.588041,53.380136],[-6.58795,53.380142],[-6.587832,53.380163],[-6.587691,53.380198],[-6.587672,53.380176],[-6.587494,53.379964],[-6.587453,53.379959],[-6.587422,53.379969],[-6.587396,53.379978],[-6.587339,53.379993],[-6.587319,53.379995],[-6.587241,53.379977],[-6.587265,53.380003],[-6.587093,53.380052],[-6.586703,53.379599],[-6.586871,53.379543],[-6.586584,53.379169],[-6.586511,53.379131],[-6.586864,53.379042],[-6.586961,53.379063],[-6.587082,53.379231],[-6.587187,53.379358],[-6.587288,53.379459]],"type":"LineString"},"properties":{"hex_id":"89182c1aeafffff","service":"Fitness","dest_id":"2","dest_name":"Glenroyal Gym","walk_min":29.58,"distance_m":2463}},{"type":"Feature","geometry":{"coordinates":[[-6.587461,53.378874],[-6.587457,53.378875],[-6.587171,53.378925],[-6.587137,53.378947],[-6.587451,53.378931],[-6.587715,53.378965],[-6.587896,53.378995],[-6.588006,53.379001],[-6.588023,53.379],[-6.588028,53.37903],[-6.588349,53.37946],[-6.588428,53.379539],[-6.588481,53.379637],[-6.588788,53.379929],[-6.588763,53.379938],[-6.588697,53.3799],[-6.588633,53.379931],[-6.588604,53.379946],[-6.58864,53.379977],[-6.588424,53.380107],[-6.588317,53.38012],[-6.588248,53.380122],[-6.588173,53.380115],[-6.588106,53.380119],[-6.588041,53.380136],[-6.58795,53.380142],[-6.587832,53.380163],[-6.587691,53.380198],[-6.587672,53.380176],[-6.587494,53.379964],[-6.587453,53.379959],[-6.587422,53.379969],[-6.587396,53.379978],[-6.587339,53.379993],[-6.587319,53.379995],[-6.587241,53.379977],[-6.587265,53.380003],[-6.587093,53.380052],[-6.586703,53.379599],[-6.586871,53.379543],[-6.586584,53.379169],[-6.586511,53.379131],[-6.586864,53.379042],[-6.586961,53.379063],[-6.587082,53.379231],[-6.587187,53.379358],[-6.587288,53.379459]],"type":"LineString"},"properties":{"hex_id":"89182c1aec3ffff","service":"Fitness","dest_id":"2","dest_name":"Glenroyal Gym","walk_min":6.68,"distance_m":557}},{"type":"Feature","geometry":{"coordinates":[[-6.600306,53.372374],[-6.600371,53.372405],[-6.600384,53.372456],[-6.599665,53.372862],[-6.59983,53.372975],[-6.599503,53.373113],[-6.599526,53.373143],[-6.599585,53.373291],[-6.599403,53.373318],[-6.598986,53.37339],[-6.598455,53.373441],[-6.597641,53.373491],[-6.59757,53.373487],[-6.597312,53.373468],[-6.59697,53.374154],[-6.596904,53.374327],[-6.596844,53.374542],[-6.596815,53.374652],[-6.596792,53.374758],[-6.596776,53.374847],[-6.596771,53.374868],[-6.596664,53.374943],[-6.596598,53.3753],[-6.596609,53.375533],[-6.596588,53.375778],[-6.596558,53.376021],[-6.59653,53.376155],[-6.596516,53.376204],[-6.596416,53.376515],[-6.596412,53.376529],[-6.596336,53.376665],[-6.596327,53.376683],[-6.596322,53.376694],[-6.596258,53.376684],[-6.596197,53.376686],[-6.596181,53.376689],[-6.595975,53.376738],[-6.595924,53.376742],[-6.595562,53.376823],[-6.595236,53.37691],[-6.594723,53.377044],[-6.594401,53.377145],[-6.593794,53.377334],[-6.593519,53.37742],[-6.593349,53.377484],[-6.592292,53.377845],[-6.591948,53.377952],[-6.591764,53.378016],[-6.59158,53.378062],[-6.591479,53.378092],[-6.591403,53.378117],[-6.591302,53.378159],[-6.591236,53.37819],[-6.591159,53.37822],[-6.591048,53.378318],[-6.590948,53.378416],[-6.590905,53.378492],[-6.590868,53.378586],[-6.59087,53.378676],[-6.590888,53.378759],[-6.590948,53.378921],[-6.590978,53.37896],[-6.590999,53.378987],[-6.590925,53.379009],[-6.591174,53.37934],[-6.59123,53.379399],[-6.591294,53.379472],[-6.591065,53.379542],[-6.590482,53.379749],[-6.589636,53.380136],[-6.589519,53.380187],[-6.589412,53.380231],[-6.589385,53.380212],[-6.589363,53.380196],[-6.589345,53.380183],[-6.58928,53.380213],[-6.589253,53.380224],[-6.589271,53.380241],[-6.589278,53.380263],[-6.589269,53.38028],[-6.589256,53.38029],[-6.589235,53.380307],[-6.589198,53.380312],[-6.589167,53.380309],[-6.589131,53.380294],[-6.589104,53.380266],[-6.588999,53.380287],[-6.588962,53.380215],[-6.588931,53.380164],[-6.588909,53.380138],[-6.588866,53.380112],[-6.58883,53.380109],[-6.58878,53.380109],[-6.588749,53.38011],[-6.588699,53.380114],[-6.588578,53.38013],[-6.588502,53.380142],[-6.588229,53.380188],[-6.588106,53.380207],[-6.587955,53.380231],[-6.587859,53.380246],[-6.587717,53.380229],[-6.587691,53.380198],[-6.587672,53.380176],[-6.587494,53.379964],[-6.587453,53.379959],[-6.587422,53.379969],[-6.587396,53.379978],[-6.587339,53.379993],[-6.587319,53.379995],[-6.587241,53.379977],[-6.587265,53.380003],[-6.587093,53.380052],[-6.586703,53.379599],[-6.586871,53.379543],[-6.586584,53.379169],[-6.586511,53.379131],[-6.586864,53.379042],[-6.586961,53.379063],[-6.587082,53.379231],[-6.587187,53.379358],[-6.587288,53.379459]],"type":"LineString"},"properties":{"hex_id":"89182c1ae4bffff","service":"Fitness","dest_id":"2","dest_name":"Glenroyal Gym","walk_min":21.22,"distance_m":1769}},{"type":"Feature","geometry":{"coordinates":[[-6.582107,53.379118],[-6.582107,53.379118],[-6.582152,53.379053],[-6.581898,53.378287],[-6.5824,53.378222],[-6.582736,53.37818],[-6.582899,53.378159],[-6.583506,53.378079],[-6.583559,53.378072],[-6.583908,53.378031],[-6.584789,53.377936],[-6.585229,53.377891],[-6.585783,53.377844],[-6.586366,53.377825],[-6.586573,53.377821],[-6.587073,53.377813],[-6.587414,53.377807],[-6.587449,53.377806],[-6.587531,53.378021],[-6.587616,53.378218],[-6.587658,53.378319],[-6.587719,53.378437],[-6.588001,53.378907],[-6.588066,53.379],[-6.588023,53.379],[-6.588028,53.37903],[-6.588349,53.37946],[-6.588428,53.379539],[-6.588481,53.379637],[-6.588788,53.379929],[-6.588763,53.379938],[-6.588697,53.3799],[-6.588633,53.379931],[-6.588604,53.379946],[-6.58864,53.379977],[-6.588424,53.380107],[-6.588317,53.38012],[-6.588248,53.380122],[-6.588173,53.380115],[-6.588106,53.380119],[-6.588041,53.380136],[-6.58795,53.380142],[-6.587832,53.380163],[-6.587691,53.380198],[-6.587672,53.380176],[-6.587494,53.379964],[-6.587453,53.379959],[-6.587422,53.379969],[-6.587396,53.379978],[-6.587339,53.379993],[-6.587319,53.379995],[-6.587241,53.379977],[-6.587265,53.380003],[-6.587093,53.380052],[-6.586703,53.379599],[-6.586871,53.379543],[-6.586584,53.379169],[-6.586511,53.379131],[-6.586864,53.379042],[-6.586961,53.379063],[-6.587082,53.379231],[-6.587187,53.379358],[-6.587288,53.379459]],"type":"LineString"},"properties":{"hex_id":"89182c1aed7ffff","service":"Fitness","dest_id":"2","dest_name":"Glenroyal Gym","walk_min":13.01,"distance_m":1085}},{"type":"Feature","geometry":{"coordinates":[[-6.597442,53.378021],[-6.597247,53.37813],[-6.597314,53.378182],[-6.597392,53.378241],[-6.597421,53.378275],[-6.597585,53.378466],[-6.597708,53.378567],[-6.597514,53.378614],[-6.597193,53.378712],[-6.596819,53.37887],[-6.596859,53.378913],[-6.596917,53.378975],[-6.597012,53.379079],[-6.597031,53.379098],[-6.597069,53.37914],[-6.597083,53.379159],[-6.597116,53.379202],[-6.597238,53.379363],[-6.597414,53.379597],[-6.597583,53.379821],[-6.597707,53.379985],[-6.59774,53.380029],[-6.597791,53.380107],[-6.597824,53.380129],[-6.598057,53.380435],[-6.598131,53.380554],[-6.598198,53.380633],[-6.598305,53.380754],[-6.598376,53.380826],[-6.598538,53.381018],[-6.598569,53.381053],[-6.598591,53.381082],[-6.598713,53.381237],[-6.598828,53.3814],[-6.599003,53.381526],[-6.599219,53.381795],[-6.59925,53.381834],[-6.599339,53.381945],[-6.599378,53.381994],[-6.599402,53.382023],[-6.599204,53.382035],[-6.599217,53.382098],[-6.599222,53.382137],[-6.599224,53.382175],[-6.599229,53.382208],[-6.599194,53.382253],[-6.599146,53.38234],[-6.599125,53.382437],[-6.599174,53.382542],[-6.599251,53.382604],[-6.599345,53.382609],[-6.599366,53.382639],[-6.599385,53.382666],[-6.599468,53.382781],[-6.599506,53.382822],[-6.599612,53.382962],[-6.599805,53.383205],[-6.599971,53.383399],[-6.600134,53.383466],[-6.600221,53.383488],[-6.600459,53.383547],[-6.600576,53.383579],[-6.600777,53.383846],[-6.600827,53.383909],[-6.600844,53.383931],[-6.600893,53.383991],[-6.601188,53.384376],[-6.601222,53.384371],[-6.601421,53.384419],[-6.601557,53.384452],[-6.601682,53.384471],[-6.601773,53.384448],[-6.602086,53.384365],[-6.602232,53.384322],[-6.602374,53.384281],[-6.602446,53.384267],[-6.602482,53.384257],[-6.602611,53.384239],[-6.602757,53.384264],[-6.602789,53.38427],[-6.602898,53.384366],[-6.602907,53.384378],[-6.602921,53.384395],[-6.60294,53.384417],[-6.602962,53.384448],[-6.602988,53.384483],[-6.603027,53.384533],[-6.60322,53.384792],[-6.603251,53.384835],[-6.60339,53.385017],[-6.603426,53.38506],[-6.60354,53.385048],[-6.6036,53.385034],[-6.60367,53.385013],[-6.603777,53.384979]],"type":"LineString"},"properties":{"hex_id":"89182c1a327ffff","service":"Fitness","dest_id":"1","dest_name":"Maynooth University Gym","walk_min":13.2,"distance_m":1099}},{"type":"Feature","geometry":{"coordinates":[[-6.612764,53.369246],[-6.612906,53.369323],[-6.613032,53.369334],[-6.613171,53.36939],[-6.61326,53.369508],[-6.613413,53.36958],[-6.613845,53.369741],[-6.614661,53.370046],[-6.615603,53.370369],[-6.615833,53.370458],[-6.616121,53.370583],[-6.616226,53.370625],[-6.615987,53.370802],[-6.61497,53.371565],[-6.613555,53.372658],[-6.613228,53.372873],[-6.612858,53.373069],[-6.612472,53.373277],[-6.612042,53.373472],[-6.611557,53.373645],[-6.611073,53.373779],[-6.610461,53.373916],[-6.609845,53.374055],[-6.609764,53.37407],[-6.608898,53.37421],[-6.608653,53.374257],[-6.60846,53.374294],[-6.608247,53.374336],[-6.607677,53.374447],[-6.607514,53.374474],[-6.607352,53.374494],[-6.607169,53.374512],[-6.606959,53.374525],[-6.606585,53.374539],[-6.606468,53.374544],[-6.606072,53.374556],[-6.605912,53.374566],[-6.605751,53.374583],[-6.605285,53.37465],[-6.605058,53.374688],[-6.604835,53.374727],[-6.60449,53.374792],[-6.604203,53.374836],[-6.603903,53.37487],[-6.603595,53.374908],[-6.603286,53.374937],[-6.603093,53.374954],[-6.602882,53.37499],[-6.602841,53.374999],[-6.602646,53.375051],[-6.602426,53.375119],[-6.602275,53.375172],[-6.602107,53.375231],[-6.601975,53.375276],[-6.601795,53.37533],[-6.601501,53.375398],[-6.601255,53.375434],[-6.600891,53.375457],[-6.60059,53.375475],[-6.60042,53.375491],[-6.60025,53.375498],[-6.600186,53.375502],[-6.599997,53.37551],[-6.599851,53.375514],[-6.599775,53.375516],[-6.599617,53.37552],[-6.599303,53.375539],[-6.599247,53.375542],[-6.599085,53.375554],[-6.59899,53.375574],[-6.598749,53.375602],[-6.598599,53.375625],[-6.597823,53.375719],[-6.597725,53.375723],[-6.597651,53.375726],[-6.597606,53.375734],[-6.597555,53.375743],[-6.597474,53.375757],[-6.597108,53.375732],[-6.596905,53.375713],[-6.59672,53.375794],[-6.596696,53.375914],[-6.596676,53.376072],[-6.596661,53.376177],[-6.596653,53.376216],[-6.596558,53.376485],[-6.596542,53.376516],[-6.596466,53.376512],[-6.596416,53.376515],[-6.596412,53.376529],[-6.596336,53.376665],[-6.596327,53.376683],[-6.596322,53.376694],[-6.596258,53.376684],[-6.596197,53.376686],[-6.596181,53.376689],[-6.595975,53.376738],[-6.595924,53.376742],[-6.595562,53.376823],[-6.595236,53.37691],[-6.594723,53.377044],[-6.594401,53.377145],[-6.593794,53.377334],[-6.593519,53.37742],[-6.593349,53.377484],[-6.592292,53.377845],[-6.591948,53.377952],[-6.591764,53.378016],[-6.59158,53.378062],[-6.591479,53.378092],[-6.591403,53.378117],[-6.591302,53.378159],[-6.591236,53.37819],[-6.591159,53.37822],[-6.591048,53.378318],[-6.590948,53.378416],[-6.590905,53.378492],[-6.590868,53.378586],[-6.59087,53.378676],[-6.590888,53.378759],[-6.590948,53.378921],[-6.590978,53.37896],[-6.590999,53.378987],[-6.590925,53.379009],[-6.591174,53.37934],[-6.59123,53.379399],[-6.591294,53.379472],[-6.591065,53.379542],[-6.590482,53.379749],[-6.589636,53.380136],[-6.589519,53.380187],[-6.589412,53.380231],[-6.589385,53.380212],[-6.589363,53.380196],[-6.589345,53.380183],[-6.58928,53.380213],[-6.589253,53.380224],[-6.589271,53.380241],[-6.589278,53.380263],[-6.589269,53.38028],[-6.589256,53.38029],[-6.589235,53.380307],[-6.589198,53.380312],[-6.589167,53.380309],[-6.589131,53.380294],[-6.589104,53.380266],[-6.588999,53.380287],[-6.588962,53.380215],[-6.588931,53.380164],[-6.588909,53.380138],[-6.588866,53.380112],[-6.58883,53.380109],[-6.58878,53.380109],[-6.588749,53.38011],[-6.588699,53.380114],[-6.588578,53.38013],[-6.588502,53.380142],[-6.588229,53.380188],[-6.588106,53.380207],[-6.587955,53.380231],[-6.587859,53.380246],[-6.587717,53.380229],[-6.587691,53.380198],[-6.587672,53.380176],[-6.587494,53.379964],[-6.587453,53.379959],[-6.587422,53.379969],[-6.587396,53.379978],[-6.587339,53.379993],[-6.587319,53.379995],[-6.587241,53.379977],[-6.587265,53.380003],[-6.587093,53.380052],[-6.586703,53.379599],[-6.586871,53.379543],[-6.586584,53.379169],[-6.586511,53.379131],[-6.586864,53.379042],[-6.586961,53.379063],[-6.587082,53.379231],[-6.587187,53.379358],[-6.587288,53.379459]],"type":"LineString"},"properties":{"hex_id":"89182c1858fffff","service":"Fitness","dest_id":"2","dest_name":"Glenroyal Gym","walk_min":35.81,"distance_m":2985}},{"type":"Feature","geometry":{"coordinates":[[-6.5832,53.368486],[-6.583031,53.368852],[-6.582972,53.368901],[-6.582875,53.368919],[-6.581963,53.36871],[-6.581676,53.368645],[-6.581566,53.368807],[-6.581476,53.3689],[-6.581083,53.369531],[-6.580879,53.369818],[-6.580979,53.369849],[-6.580967,53.369872],[-6.58094,53.369931],[-6.581101,53.370009],[-6.581186,53.370056],[-6.581284,53.370112],[-6.58133,53.370139],[-6.581384,53.37017],[-6.581752,53.370418],[-6.581926,53.370553],[-6.582131,53.370708],[-6.582514,53.370994],[-6.58369,53.371912],[-6.583998,53.372152],[-6.584367,53.372455],[-6.584468,53.37253],[-6.584789,53.37277],[-6.585108,53.373033],[-6.585232,53.373135],[-6.586314,53.373963],[-6.58638,53.374014],[-6.586485,53.374095],[-6.586529,53.374128],[-6.58755,53.374913],[-6.587695,53.374993],[-6.58779,53.375029],[-6.587895,53.375055],[-6.587825,53.37517],[-6.587792,53.375237],[-6.58775,53.375318],[-6.587701,53.375495],[-6.587634,53.375618],[-6.58745,53.376106],[-6.587381,53.376391],[-6.587358,53.376609],[-6.587348,53.376878],[-6.587345,53.377193],[-6.587361,53.377298],[-6.587417,53.377646],[-6.587449,53.377806],[-6.587531,53.378021],[-6.587616,53.378218],[-6.587658,53.378319],[-6.587719,53.378437],[-6.588001,53.378907],[-6.588066,53.379],[-6.588023,53.379],[-6.588028,53.37903],[-6.588349,53.37946],[-6.588428,53.379539],[-6.588481,53.379637],[-6.588788,53.379929],[-6.588763,53.379938],[-6.588697,53.3799],[-6.588633,53.379931],[-6.588604,53.379946],[-6.58864,53.379977],[-6.588424,53.380107],[-6.588317,53.38012],[-6.588248,53.380122],[-6.588173,53.380115],[-6.588106,53.380119],[-6.588041,53.380136],[-6.58795,53.380142],[-6.587832,53.380163],[-6.587691,53.380198],[-6.587672,53.380176],[-6.587494,53.379964],[-6.587453,53.379959],[-6.587422,53.379969],[-6.587396,53.379978],[-6.587339,53.379993],[-6.587319,53.379995],[-6.587241,53.379977],[-6.587265,53.380003],[-6.587093,53.380052],[-6.586703,53.379599],[-6.586871,53.379543],[-6.586584,53.379169],[-6.586511,53.379131],[-6.586864,53.379042],[-6.586961,53.379063],[-6.587082,53.379231],[-6.587187,53.379358],[-6.587288,53.379459]],"type":"LineString"},"properties":{"hex_id":"89182c1ae0fffff","service":"Fitness","dest_id":"2","dest_name":"Glenroyal Gym","walk_min":23.58,"distance_m":1963}},{"type":"Feature","geometry":{"coordinates":[[-6.578716,53.36988],[-6.578808,53.369758],[-6.578865,53.369638],[-6.578856,53.369584],[-6.578824,53.369482],[-6.57883,53.369419],[-6.578873,53.369323],[-6.579422,53.369476],[-6.579633,53.369537],[-6.579694,53.369554],[-6.579787,53.369581],[-6.579877,53.369605],[-6.579905,53.369613],[-6.580014,53.369642],[-6.580281,53.369713],[-6.580514,53.369783],[-6.580725,53.369846],[-6.580801,53.369876],[-6.58094,53.369931],[-6.581101,53.370009],[-6.581186,53.370056],[-6.581284,53.370112],[-6.58133,53.370139],[-6.581384,53.37017],[-6.581752,53.370418],[-6.581926,53.370553],[-6.582131,53.370708],[-6.582514,53.370994],[-6.58369,53.371912],[-6.583998,53.372152],[-6.584367,53.372455],[-6.584468,53.37253],[-6.584789,53.37277],[-6.585108,53.373033],[-6.585232,53.373135],[-6.586314,53.373963],[-6.58638,53.374014],[-6.586485,53.374095],[-6.586529,53.374128],[-6.58755,53.374913],[-6.587695,53.374993],[-6.58779,53.375029],[-6.587895,53.375055],[-6.587825,53.37517],[-6.587792,53.375237],[-6.58775,53.375318],[-6.587701,53.375495],[-6.587634,53.375618],[-6.58745,53.376106],[-6.587381,53.376391],[-6.587358,53.376609],[-6.587348,53.376878],[-6.587345,53.377193],[-6.587361,53.377298],[-6.587417,53.377646],[-6.587449,53.377806],[-6.587531,53.378021],[-6.587616,53.378218],[-6.587658,53.378319],[-6.587719,53.378437],[-6.588001,53.378907],[-6.588066,53.379],[-6.588023,53.379],[-6.588028,53.37903],[-6.588349,53.37946],[-6.588428,53.379539],[-6.588481,53.379637],[-6.588788,53.379929],[-6.588763,53.379938],[-6.588697,53.3799],[-6.588633,53.379931],[-6.588604,53.379946],[-6.58864,53.379977],[-6.588424,53.380107],[-6.588317,53.38012],[-6.588248,53.380122],[-6.588173,53.380115],[-6.588106,53.380119],[-6.588041,53.380136],[-6.58795,53.380142],[-6.587832,53.380163],[-6.587691,53.380198],[-6.587672,53.380176],[-6.587494,53.379964],[-6.587453,53.379959],[-6.587422,53.379969],[-6.587396,53.379978],[-6.587339,53.379993],[-6.587319,53.379995],[-6.587241,53.379977],[-6.587265,53.380003],[-6.587093,53.380052],[-6.586703,53.379599],[-6.586871,53.379543],[-6.586584,53.379169],[-6.586511,53.379131],[-6.586864,53.379042],[-6.586961,53.379063],[-6.587082,53.379231],[-6.587187,53.379358],[-6.587288,53.379459]],"type":"LineString"},"properties":{"hex_id":"89182c1ae17ffff","service":"Fitness","dest_id":"2","dest_name":"Glenroyal Gym","walk_min":22.61,"distance_m":1881}},{"type":"Feature","geometry":{"coordinates":[[-6.577245,53.379648],[-6.577245,53.379648],[-6.577773,53.378827],[-6.578077,53.378805],[-6.578379,53.378767],[-6.578655,53.378728],[-6.579673,53.378595],[-6.580136,53.378524],[-6.580291,53.378502],[-6.580642,53.378454],[-6.581206,53.378376],[-6.581836,53.378295],[-6.581898,53.378287],[-6.5824,53.378222],[-6.582736,53.37818],[-6.582899,53.378159],[-6.583506,53.378079],[-6.583559,53.378072],[-6.583908,53.378031],[-6.584789,53.377936],[-6.585229,53.377891],[-6.585783,53.377844],[-6.586366,53.377825],[-6.586573,53.377821],[-6.587073,53.377813],[-6.587414,53.377807],[-6.587449,53.377806],[-6.587531,53.378021],[-6.587616,53.378218],[-6.587658,53.378319],[-6.587719,53.378437],[-6.588001,53.378907],[-6.588066,53.379],[-6.588023,53.379],[-6.588028,53.37903],[-6.588349,53.37946],[-6.588428,53.379539],[-6.588481,53.379637],[-6.588788,53.379929],[-6.588763,53.379938],[-6.588697,53.3799],[-6.588633,53.379931],[-6.588604,53.379946],[-6.58864,53.379977],[-6.588424,53.380107],[-6.588317,53.38012],[-6.588248,53.380122],[-6.588173,53.380115],[-6.588106,53.380119],[-6.588041,53.380136],[-6.58795,53.380142],[-6.587832,53.380163],[-6.587691,53.380198],[-6.587672,53.380176],[-6.587494,53.379964],[-6.587453,53.379959],[-6.587422,53.379969],[-6.587396,53.379978],[-6.587339,53.379993],[-6.587319,53.379995],[-6.587241,53.379977],[-6.587265,53.380003],[-6.587093,53.380052],[-6.586703,53.379599],[-6.586871,53.379543],[-6.586584,53.379169],[-6.586511,53.379131],[-6.586864,53.379042],[-6.586961,53.379063],[-6.587082,53.379231],[-6.587187,53.379358],[-6.587288,53.379459]],"type":"LineString"},"properties":{"hex_id":"89182c1ae9bffff","service":"Fitness","dest_id":"2","dest_name":"Glenroyal Gym","walk_min":16.43,"distance_m":1369}},{"type":"Feature","geometry":{"coordinates":[[-6.598132,53.386075],[-6.598218,53.386008],[-6.598381,53.38587],[-6.598504,53.385735],[-6.598589,53.385619],[-6.598751,53.385605],[-6.598919,53.385612],[-6.599026,53.38561],[-6.599114,53.385611],[-6.599411,53.385627],[-6.599852,53.385645],[-6.599883,53.385621],[-6.600155,53.385632],[-6.600459,53.385654],[-6.600683,53.385669],[-6.601159,53.385707],[-6.601289,53.385717],[-6.601359,53.385722],[-6.601508,53.385734],[-6.601892,53.385751],[-6.601943,53.385752],[-6.602024,53.385755],[-6.602093,53.385755],[-6.602221,53.385756],[-6.602375,53.385757],[-6.602521,53.385755],[-6.602706,53.385752],[-6.602721,53.385681],[-6.602517,53.385415],[-6.602656,53.385369],[-6.602763,53.385336],[-6.602983,53.385273],[-6.603223,53.385207],[-6.603452,53.385157],[-6.603451,53.385079],[-6.603426,53.38506],[-6.60354,53.385048],[-6.6036,53.385034],[-6.60367,53.385013],[-6.603777,53.384979]],"type":"LineString"},"properties":{"hex_id":"89182c1a3abffff","service":"Fitness","dest_id":"1","dest_name":"Maynooth University Gym","walk_min":5.78,"distance_m":482}},{"type":"Feature","geometry":{"coordinates":[[-6.600419,53.394189],[-6.600025,53.393506],[-6.599935,53.393346],[-6.599818,53.393149],[-6.599788,53.39309],[-6.59965,53.393131],[-6.599601,53.393147],[-6.599549,53.393083],[-6.599587,53.393068],[-6.599601,53.393059],[-6.599607,53.393048],[-6.599612,53.393036],[-6.599617,53.393023],[-6.599594,53.392941],[-6.5994,53.392506],[-6.599344,53.392425],[-6.599167,53.3921],[-6.598825,53.391447],[-6.598797,53.391404],[-6.598582,53.391073],[-6.598364,53.390666],[-6.598215,53.390388],[-6.59792,53.389841],[-6.597633,53.389262],[-6.597544,53.389108],[-6.597416,53.388885],[-6.597346,53.388763],[-6.597235,53.388595],[-6.597134,53.388398],[-6.597079,53.388288],[-6.596926,53.387989],[-6.596915,53.387966],[-6.596513,53.387286],[-6.596235,53.386752],[-6.595918,53.386174],[-6.595774,53.385889],[-6.59573,53.385851],[-6.595682,53.38577],[-6.595587,53.385607],[-6.595518,53.38549],[-6.595462,53.38539],[-6.595181,53.384892],[-6.595028,53.384616],[-6.594915,53.384439],[-6.594666,53.383991],[-6.594609,53.383893],[-6.594445,53.383613],[-6.594386,53.383469],[-6.594162,53.383085],[-6.594131,53.383031],[-6.594189,53.383022],[-6.594345,53.382995],[-6.594538,53.382959],[-6.594673,53.382874],[-6.595044,53.382789],[-6.595241,53.382717],[-6.595827,53.382585],[-6.595842,53.382601],[-6.595925,53.382629],[-6.596004,53.38264],[-6.596176,53.382691],[-6.59645,53.382734],[-6.596665,53.382767],[-6.596739,53.382797],[-6.596847,53.382842],[-6.597035,53.382909],[-6.597307,53.382983],[-6.597432,53.38302],[-6.597556,53.383077],[-6.59766,53.383062],[-6.597811,53.383018],[-6.598074,53.38308],[-6.598301,53.383047],[-6.598494,53.382998],[-6.598586,53.382972],[-6.598653,53.382952],[-6.598738,53.382938],[-6.598839,53.382934],[-6.598917,53.383026],[-6.598862,53.383039],[-6.598881,53.383064],[-6.598935,53.383132],[-6.598944,53.383143],[-6.598975,53.383134],[-6.599054,53.383113],[-6.599126,53.383094],[-6.599194,53.383074],[-6.5997,53.383176],[-6.599805,53.383205],[-6.599971,53.383399],[-6.600134,53.383466],[-6.600221,53.383488],[-6.600459,53.383547],[-6.600576,53.383579],[-6.600777,53.383846],[-6.600827,53.383909],[-6.600844,53.383931],[-6.600893,53.383991],[-6.601188,53.384376],[-6.601222,53.384371],[-6.601421,53.384419],[-6.601557,53.384452],[-6.601682,53.384471],[-6.601773,53.384448],[-6.602086,53.384365],[-6.602232,53.384322],[-6.602374,53.384281],[-6.602446,53.384267],[-6.602482,53.384257],[-6.602611,53.384239],[-6.602757,53.384264],[-6.602789,53.38427],[-6.602898,53.384366],[-6.602907,53.384378],[-6.602921,53.384395],[-6.60294,53.384417],[-6.602962,53.384448],[-6.602988,53.384483],[-6.603027,53.384533],[-6.60322,53.384792],[-6.603251,53.384835],[-6.60339,53.385017],[-6.603426,53.38506],[-6.60354,53.385048],[-6.6036,53.385034],[-6.60367,53.385013],[-6.603777,53.384979]],"type":"LineString"},"properties":{"hex_id":"89182c1a38bffff","service":"Fitness","dest_id":"1","dest_name":"Maynooth University Gym","walk_min":26.08,"distance_m":2170}},{"type":"Feature","geometry":{"coordinates":[[-6.58229,53.388681],[-6.58229,53.388681],[-6.582458,53.38866],[-6.582648,53.388623],[-6.582782,53.38859],[-6.582862,53.388556],[-6.582961,53.388521],[-6.583188,53.388462],[-6.583427,53.388388],[-6.583686,53.388288],[-6.583888,53.388202],[-6.584096,53.388096],[-6.584147,53.388071],[-6.584783,53.387733],[-6.584921,53.387643],[-6.585161,53.387465],[-6.585309,53.387362],[-6.585309,53.387347],[-6.585581,53.387174],[-6.585584,53.387106],[-6.585766,53.386988],[-6.585825,53.386946],[-6.5862,53.386686],[-6.58648,53.38649],[-6.586608,53.386401],[-6.586714,53.386317],[-6.586784,53.386262],[-6.587161,53.385943],[-6.587483,53.385663],[-6.587974,53.385227],[-6.588003,53.385201],[-6.587833,53.385138],[-6.587704,53.385027],[-6.587202,53.384851],[-6.586781,53.384703],[-6.585915,53.38438],[-6.58526,53.38411],[-6.58513,53.3841],[-6.58501,53.38411],[-6.584886,53.384053],[-6.584756,53.383984],[-6.584621,53.383924],[-6.58453,53.38388],[-6.58435,53.3838],[-6.5843,53.38378],[-6.5843,53.38373],[-6.58428,53.3837],[-6.584245,53.383565],[-6.583674,53.383739],[-6.583518,53.383484],[-6.583493,53.383438],[-6.583306,53.383185],[-6.583148,53.383029],[-6.58297,53.382785],[-6.582731,53.382499],[-6.582623,53.382372],[-6.582565,53.382274],[-6.582487,53.382207],[-6.58253,53.382182],[-6.582554,53.382141],[-6.582563,53.382115],[-6.582581,53.382055],[-6.582611,53.382055],[-6.582659,53.382052],[-6.582704,53.382041],[-6.582742,53.382023],[-6.582768,53.382003],[-6.582786,53.381981],[-6.582794,53.381956],[-6.582793,53.381931],[-6.582783,53.381907],[-6.582764,53.381885],[-6.582741,53.381869],[-6.582713,53.381855],[-6.582685,53.381824],[-6.582657,53.381783],[-6.582622,53.381728],[-6.582606,53.381646],[-6.582603,53.381592],[-6.582621,53.381582],[-6.582633,53.38157],[-6.58264,53.381556],[-6.58264,53.381541],[-6.582892,53.38153],[-6.583317,53.381531],[-6.583815,53.381526],[-6.584005,53.381536],[-6.58393,53.381328],[-6.583903,53.381259],[-6.58388,53.381117],[-6.583879,53.380971],[-6.583873,53.380876],[-6.583864,53.380754],[-6.58386,53.380723],[-6.583803,53.380673],[-6.583729,53.380614],[-6.583717,53.380582],[-6.583705,53.380471],[-6.583698,53.380329],[-6.583768,53.38032],[-6.583768,53.380201],[-6.583767,53.380163],[-6.583767,53.380163]],"type":"LineString"},"properties":{"hex_id":"89182c1a143ffff","service":"Fitness","dest_id":"3","dest_name":"Anytime Fitness Gym","walk_min":17.4,"distance_m":1448}},{"type":"Feature","geometry":{"coordinates":[[-6.593643,53.36714],[-6.593356,53.367072],[-6.592626,53.366821],[-6.592,53.36656],[-6.591734,53.366389],[-6.591719,53.366343],[-6.591661,53.365913],[-6.591586,53.365526],[-6.591526,53.365519],[-6.591282,53.365581],[-6.591241,53.365621],[-6.59126,53.365686],[-6.591259,53.365748],[-6.591257,53.36581],[-6.591299,53.365914],[-6.591323,53.366122],[-6.591277,53.366683],[-6.591274,53.366796],[-6.591251,53.367314],[-6.591217,53.367553],[-6.591211,53.367656],[-6.591165,53.368273],[-6.591132,53.368544],[-6.590931,53.369334],[-6.590907,53.369468],[-6.590897,53.369528],[-6.590783,53.369918],[-6.590722,53.370082],[-6.590625,53.370293],[-6.590588,53.370363],[-6.590516,53.370469],[-6.590511,53.370479],[-6.59043,53.370645],[-6.590355,53.370799],[-6.590298,53.370913],[-6.590192,53.37094],[-6.589631,53.371959],[-6.589482,53.372252],[-6.589414,53.37232],[-6.589376,53.372353],[-6.589315,53.372467],[-6.589302,53.372515],[-6.589294,53.372598],[-6.588636,53.373772],[-6.58852,53.373983],[-6.588467,53.374068],[-6.588285,53.374406],[-6.588197,53.374577],[-6.588105,53.374748],[-6.588016,53.374902],[-6.58793,53.374986],[-6.587895,53.375055],[-6.587825,53.37517],[-6.587792,53.375237],[-6.58775,53.375318],[-6.587701,53.375495],[-6.587634,53.375618],[-6.58745,53.376106],[-6.587381,53.376391],[-6.587358,53.376609],[-6.587348,53.376878],[-6.587345,53.377193],[-6.587361,53.377298],[-6.587417,53.377646],[-6.587449,53.377806],[-6.587531,53.378021],[-6.587616,53.378218],[-6.587658,53.378319],[-6.587719,53.378437],[-6.588001,53.378907],[-6.588066,53.379],[-6.588023,53.379],[-6.588028,53.37903],[-6.588349,53.37946],[-6.588428,53.379539],[-6.588481,53.379637],[-6.588788,53.379929],[-6.588763,53.379938],[-6.588697,53.3799],[-6.588633,53.379931],[-6.588604,53.379946],[-6.58864,53.379977],[-6.588424,53.380107],[-6.588317,53.38012],[-6.588248,53.380122],[-6.588173,53.380115],[-6.588106,53.380119],[-6.588041,53.380136],[-6.58795,53.380142],[-6.587832,53.380163],[-6.587691,53.380198],[-6.587672,53.380176],[-6.587494,53.379964],[-6.587453,53.379959],[-6.587422,53.379969],[-6.587396,53.379978],[-6.587339,53.379993],[-6.587319,53.379995],[-6.587241,53.379977],[-6.587265,53.380003],[-6.587093,53.380052],[-6.586703,53.379599],[-6.586871,53.379543],[-6.586584,53.379169],[-6.586511,53.379131],[-6.586864,53.379042],[-6.586961,53.379063],[-6.587082,53.379231],[-6.587187,53.379358],[-6.587288,53.379459]],"type":"LineString"},"properties":{"hex_id":"89182c1ae7bffff","service":"Fitness","dest_id":"2","dest_name":"Glenroyal Gym","walk_min":27.57,"distance_m":2292}},{"type":"Feature","geometry":{"coordinates":[[-6.61413,53.381934],[-6.61413,53.381934],[-6.614063,53.381938],[-6.613859,53.381945],[-6.613671,53.381947],[-6.613521,53.381945],[-6.613462,53.381949],[-6.613383,53.381951],[-6.613249,53.381957],[-6.613245,53.381863],[-6.613238,53.38176],[-6.613229,53.381669],[-6.613222,53.381615],[-6.613242,53.381492],[-6.613254,53.381443],[-6.613262,53.381375],[-6.613197,53.381379],[-6.613023,53.381387],[-6.611475,53.381511],[-6.610401,53.381616],[-6.609939,53.38164],[-6.608601,53.381665],[-6.608029,53.381644],[-6.607472,53.38161],[-6.60652,53.381542],[-6.60616,53.381529],[-6.605703,53.381523],[-6.605678,53.381523],[-6.605651,53.381524],[-6.60563,53.381524],[-6.605138,53.381538],[-6.604679,53.38157],[-6.604512,53.381587],[-6.603872,53.381653],[-6.603332,53.38172],[-6.602779,53.381783],[-6.602574,53.38181],[-6.601772,53.381892],[-6.601532,53.381916],[-6.601527,53.381951],[-6.601504,53.381984],[-6.601467,53.382011],[-6.601417,53.382031],[-6.60136,53.382041],[-6.601374,53.38208],[-6.601398,53.382181],[-6.60149,53.382373],[-6.601635,53.382435],[-6.601692,53.382453],[-6.60187,53.382459],[-6.602263,53.382429],[-6.602427,53.382437],[-6.602555,53.382463],[-6.602654,53.382504],[-6.602729,53.382552],[-6.602846,53.382693],[-6.602958,53.382821],[-6.603115,53.383027],[-6.603245,53.383179],[-6.603324,53.383276],[-6.603426,53.383398],[-6.603579,53.383611],[-6.603624,53.38367],[-6.603651,53.383706],[-6.603678,53.38374],[-6.603699,53.383767],[-6.603716,53.383783],[-6.603754,53.383794],[-6.60388,53.383784],[-6.603961,53.383794],[-6.604047,53.383878],[-6.604292,53.384208],[-6.604426,53.384425],[-6.604447,53.384462],[-6.604476,53.384512],[-6.604491,53.384538],[-6.604506,53.384563],[-6.60459,53.384683],[-6.604616,53.384723],[-6.604498,53.384759],[-6.604436,53.384778],[-6.604392,53.384791],[-6.604252,53.384834],[-6.604128,53.384869],[-6.604045,53.384894],[-6.603974,53.384918],[-6.603777,53.384979]],"type":"LineString"},"properties":{"hex_id":"89182c1a363ffff","service":"Fitness","dest_id":"1","dest_name":"Maynooth University Gym","walk_min":16.82,"distance_m":1402}},{"type":"Feature","geometry":{"coordinates":[[-6.601629,53.387277],[-6.601003,53.387033],[-6.600894,53.387122],[-6.600859,53.387146],[-6.600777,53.387176],[-6.600573,53.387153],[-6.60043,53.387111],[-6.600165,53.386994],[-6.599954,53.386919],[-6.599085,53.386606],[-6.599123,53.386565],[-6.599147,53.386551],[-6.599243,53.386468],[-6.599257,53.386454],[-6.599346,53.386371],[-6.599385,53.386332],[-6.599564,53.38618],[-6.599791,53.386247],[-6.599802,53.386243],[-6.599814,53.386241],[-6.599827,53.386241],[-6.59984,53.386242],[-6.599936,53.386173],[-6.599952,53.386176],[-6.599969,53.386173],[-6.599979,53.386166],[-6.599983,53.386157],[-6.59998,53.386148],[-6.59997,53.386141],[-6.6002,53.38595],[-6.600217,53.385952],[-6.600233,53.385949],[-6.600244,53.385942],[-6.600247,53.385933],[-6.600243,53.385924],[-6.600233,53.385917],[-6.600294,53.385879],[-6.600321,53.385853],[-6.600428,53.385752],[-6.600459,53.385654],[-6.600683,53.385669],[-6.601159,53.385707],[-6.601289,53.385717],[-6.601359,53.385722],[-6.601508,53.385734],[-6.601892,53.385751],[-6.601943,53.385752],[-6.602024,53.385755],[-6.602093,53.385755],[-6.602221,53.385756],[-6.602375,53.385757],[-6.602521,53.385755],[-6.602706,53.385752],[-6.602721,53.385681],[-6.602517,53.385415],[-6.602656,53.385369],[-6.602763,53.385336],[-6.602983,53.385273],[-6.603223,53.385207],[-6.603452,53.385157],[-6.603451,53.385079],[-6.603426,53.38506],[-6.60354,53.385048],[-6.6036,53.385034],[-6.60367,53.385013],[-6.603777,53.384979]],"type":"LineString"},"properties":{"hex_id":"89182c1a317ffff","service":"Fitness","dest_id":"1","dest_name":"Maynooth University Gym","walk_min":8.09,"distance_m":658}},{"type":"Feature","geometry":{"coordinates":[[-6.607035,53.385164],[-6.607022,53.38509],[-6.60699,53.384919],[-6.606949,53.384909],[-6.606542,53.384935],[-6.606083,53.384964],[-6.60544,53.385004],[-6.604928,53.385037],[-6.604832,53.385048],[-6.604773,53.38506],[-6.60471,53.384956],[-6.604672,53.384851],[-6.604662,53.384825],[-6.604642,53.384762],[-6.604616,53.384723],[-6.604498,53.384759],[-6.604436,53.384778],[-6.604392,53.384791],[-6.604252,53.384834],[-6.604128,53.384869],[-6.604045,53.384894],[-6.603974,53.384918],[-6.603777,53.384979]],"type":"LineString"},"properties":{"hex_id":"89182c1a30fffff","service":"Fitness","dest_id":"1","dest_name":"Maynooth University Gym","walk_min":3.33,"distance_m":278}},{"type":"Feature","geometry":{"coordinates":[[-6.598473,53.390643],[-6.598364,53.390666],[-6.598215,53.390388],[-6.59792,53.389841],[-6.597633,53.389262],[-6.597544,53.389108],[-6.597416,53.388885],[-6.597346,53.388763],[-6.597235,53.388595],[-6.597134,53.388398],[-6.597079,53.388288],[-6.596926,53.387989],[-6.596915,53.387966],[-6.596513,53.387286],[-6.596235,53.386752],[-6.595918,53.386174],[-6.595774,53.385889],[-6.59573,53.385851],[-6.595682,53.38577],[-6.595587,53.385607],[-6.595518,53.38549],[-6.595462,53.38539],[-6.595181,53.384892],[-6.595028,53.384616],[-6.594915,53.384439],[-6.594666,53.383991],[-6.594609,53.383893],[-6.594445,53.383613],[-6.594386,53.383469],[-6.594162,53.383085],[-6.594131,53.383031],[-6.594189,53.383022],[-6.594345,53.382995],[-6.594538,53.382959],[-6.594673,53.382874],[-6.595044,53.382789],[-6.595241,53.382717],[-6.595827,53.382585],[-6.595842,53.382601],[-6.595925,53.382629],[-6.596004,53.38264],[-6.596176,53.382691],[-6.59645,53.382734],[-6.596665,53.382767],[-6.596739,53.382797],[-6.596847,53.382842],[-6.597035,53.382909],[-6.597307,53.382983],[-6.597432,53.38302],[-6.597556,53.383077],[-6.59766,53.383062],[-6.597811,53.383018],[-6.598074,53.38308],[-6.598301,53.383047],[-6.598494,53.382998],[-6.598586,53.382972],[-6.598653,53.382952],[-6.598738,53.382938],[-6.598839,53.382934],[-6.598917,53.383026],[-6.598862,53.383039],[-6.598881,53.383064],[-6.598935,53.383132],[-6.598944,53.383143],[-6.598975,53.383134],[-6.599054,53.383113],[-6.599126,53.383094],[-6.599194,53.383074],[-6.5997,53.383176],[-6.599805,53.383205],[-6.599971,53.383399],[-6.600134,53.383466],[-6.600221,53.383488],[-6.600459,53.383547],[-6.600576,53.383579],[-6.600777,53.383846],[-6.600827,53.383909],[-6.600844,53.383931],[-6.600893,53.383991],[-6.601188,53.384376],[-6.601222,53.384371],[-6.601421,53.384419],[-6.601557,53.384452],[-6.601682,53.384471],[-6.601773,53.384448],[-6.602086,53.384365],[-6.602232,53.384322],[-6.602374,53.384281],[-6.602446,53.384267],[-6.602482,53.384257],[-6.602611,53.384239],[-6.602757,53.384264],[-6.602789,53.38427],[-6.602898,53.384366],[-6.602907,53.384378],[-6.602921,53.384395],[-6.60294,53.384417],[-6.602962,53.384448],[-6.602988,53.384483],[-6.603027,53.384533],[-6.60322,53.384792],[-6.603251,53.384835],[-6.60339,53.385017],[-6.603426,53.38506],[-6.60354,53.385048],[-6.6036,53.385034],[-6.60367,53.385013],[-6.603777,53.384979]],"type":"LineString"},"properties":{"hex_id":"89182c1a38fffff","service":"Fitness","dest_id":"1","dest_name":"Maynooth University Gym","walk_min":20.91,"distance_m":1742}},{"type":"Feature","geometry":{"coordinates":[[-6.59129,53.391831],[-6.591863,53.391603],[-6.592003,53.391537],[-6.592143,53.391506],[-6.592167,53.391501],[-6.592255,53.391483],[-6.59223,53.391437],[-6.592329,53.39141],[-6.592434,53.391365],[-6.592503,53.391324],[-6.592535,53.391282],[-6.592503,53.391169],[-6.592466,53.391118],[-6.592662,53.391073],[-6.593427,53.39092],[-6.593527,53.390904],[-6.593796,53.390867],[-6.593958,53.39086],[-6.594039,53.390866],[-6.594072,53.390869],[-6.594081,53.390817],[-6.594076,53.390641],[-6.594074,53.390544],[-6.594008,53.390316],[-6.593924,53.390113],[-6.593873,53.389991],[-6.593751,53.389801],[-6.593613,53.389619],[-6.593496,53.389501],[-6.5933,53.389319],[-6.593591,53.389167],[-6.59384,53.38906],[-6.594144,53.388954],[-6.594177,53.388943],[-6.594243,53.388919],[-6.594279,53.388911],[-6.594582,53.388851],[-6.595142,53.388715],[-6.595332,53.388657],[-6.595563,53.388584],[-6.595704,53.388533],[-6.595855,53.388485],[-6.596064,53.388437],[-6.596754,53.388346],[-6.597079,53.388288],[-6.596926,53.387989],[-6.596915,53.387966],[-6.596513,53.387286],[-6.596235,53.386752],[-6.595918,53.386174],[-6.595774,53.385889],[-6.59573,53.385851],[-6.595682,53.38577],[-6.595587,53.385607],[-6.595518,53.38549],[-6.595462,53.38539],[-6.595181,53.384892],[-6.595028,53.384616],[-6.594915,53.384439],[-6.594666,53.383991],[-6.594609,53.383893],[-6.594445,53.383613],[-6.594386,53.383469],[-6.594162,53.383085],[-6.594131,53.383031],[-6.594189,53.383022],[-6.594345,53.382995],[-6.594538,53.382959],[-6.594673,53.382874],[-6.595044,53.382789],[-6.595241,53.382717],[-6.595827,53.382585],[-6.595842,53.382601],[-6.595925,53.382629],[-6.596004,53.38264],[-6.596176,53.382691],[-6.59645,53.382734],[-6.596665,53.382767],[-6.596739,53.382797],[-6.596847,53.382842],[-6.597035,53.382909],[-6.597307,53.382983],[-6.597432,53.38302],[-6.597556,53.383077],[-6.59766,53.383062],[-6.597811,53.383018],[-6.598074,53.38308],[-6.598301,53.383047],[-6.598494,53.382998],[-6.598586,53.382972],[-6.598653,53.382952],[-6.598738,53.382938],[-6.598839,53.382934],[-6.598917,53.383026],[-6.598862,53.383039],[-6.598881,53.383064],[-6.598935,53.383132],[-6.598944,53.383143],[-6.598975,53.383134],[-6.599054,53.383113],[-6.599126,53.383094],[-6.599194,53.383074],[-6.5997,53.383176],[-6.599805,53.383205],[-6.599971,53.383399],[-6.600134,53.383466],[-6.600221,53.383488],[-6.600459,53.383547],[-6.600576,53.383579],[-6.600777,53.383846],[-6.600827,53.383909],[-6.600844,53.383931],[-6.600893,53.383991],[-6.601188,53.384376],[-6.601222,53.384371],[-6.601421,53.384419],[-6.601557,53.384452],[-6.601682,53.384471],[-6.601773,53.384448],[-6.602086,53.384365],[-6.602232,53.384322],[-6.602374,53.384281],[-6.602446,53.384267],[-6.602482,53.384257],[-6.602611,53.384239],[-6.602757,53.384264],[-6.602789,53.38427],[-6.602898,53.384366],[-6.602907,53.384378],[-6.602921,53.384395],[-6.60294,53.384417],[-6.602962,53.384448],[-6.602988,53.384483],[-6.603027,53.384533],[-6.60322,53.384792],[-6.603251,53.384835],[-6.60339,53.385017],[-6.603426,53.38506],[-6.60354,53.385048],[-6.6036,53.385034],[-6.60367,53.385013],[-6.603777,53.384979]],"type":"LineString"},"properties":{"hex_id":"89182c1a14bffff","service":"Fitness","dest_id":"1","dest_name":"Maynooth University Gym","walk_min":25.91,"distance_m":2158}},{"type":"Feature","geometry":{"coordinates":[[-6.600798,53.368731],[-6.600497,53.368704],[-6.59991,53.36855],[-6.5982,53.36816],[-6.596054,53.367677],[-6.594322,53.367301],[-6.593356,53.367072],[-6.592626,53.366821],[-6.592,53.36656],[-6.591734,53.366389],[-6.591719,53.366343],[-6.591661,53.365913],[-6.591586,53.365526],[-6.591526,53.365519],[-6.591282,53.365581],[-6.591241,53.365621],[-6.59126,53.365686],[-6.591259,53.365748],[-6.591257,53.36581],[-6.591299,53.365914],[-6.591323,53.366122],[-6.591277,53.366683],[-6.591274,53.366796],[-6.591251,53.367314],[-6.591217,53.367553],[-6.591211,53.367656],[-6.591165,53.368273],[-6.591132,53.368544],[-6.590931,53.369334],[-6.590907,53.369468],[-6.590897,53.369528],[-6.590783,53.369918],[-6.590722,53.370082],[-6.590625,53.370293],[-6.590588,53.370363],[-6.590516,53.370469],[-6.590511,53.370479],[-6.59043,53.370645],[-6.590355,53.370799],[-6.590298,53.370913],[-6.590192,53.37094],[-6.589631,53.371959],[-6.589482,53.372252],[-6.589414,53.37232],[-6.589376,53.372353],[-6.589315,53.372467],[-6.589302,53.372515],[-6.589294,53.372598],[-6.588636,53.373772],[-6.58852,53.373983],[-6.588467,53.374068],[-6.588285,53.374406],[-6.588197,53.374577],[-6.588105,53.374748],[-6.588016,53.374902],[-6.58793,53.374986],[-6.587895,53.375055],[-6.587825,53.37517],[-6.587792,53.375237],[-6.58775,53.375318],[-6.587701,53.375495],[-6.587634,53.375618],[-6.58745,53.376106],[-6.587381,53.376391],[-6.587358,53.376609],[-6.587348,53.376878],[-6.587345,53.377193],[-6.587361,53.377298],[-6.587417,53.377646],[-6.587449,53.377806],[-6.587531,53.378021],[-6.587616,53.378218],[-6.587658,53.378319],[-6.587719,53.378437],[-6.588001,53.378907],[-6.588066,53.379],[-6.588023,53.379],[-6.588028,53.37903],[-6.588349,53.37946],[-6.588428,53.379539],[-6.588481,53.379637],[-6.588788,53.379929],[-6.588763,53.379938],[-6.588697,53.3799],[-6.588633,53.379931],[-6.588604,53.379946],[-6.58864,53.379977],[-6.588424,53.380107],[-6.588317,53.38012],[-6.588248,53.380122],[-6.588173,53.380115],[-6.588106,53.380119],[-6.588041,53.380136],[-6.58795,53.380142],[-6.587832,53.380163],[-6.587691,53.380198],[-6.587672,53.380176],[-6.587494,53.379964],[-6.587453,53.379959],[-6.587422,53.379969],[-6.587396,53.379978],[-6.587339,53.379993],[-6.587319,53.379995],[-6.587241,53.379977],[-6.587265,53.380003],[-6.587093,53.380052],[-6.586703,53.379599],[-6.586871,53.379543],[-6.586584,53.379169],[-6.586511,53.379131],[-6.586864,53.379042],[-6.586961,53.379063],[-6.587082,53.379231],[-6.587187,53.379358],[-6.587288,53.379459]],"type":"LineString"},"properties":{"hex_id":"89182c185b3ffff","service":"Fitness","dest_id":"2","dest_name":"Glenroyal Gym","walk_min":33.67,"distance_m":2800}},{"type":"Feature","geometry":{"coordinates":[[-6.580664,53.374301],[-6.580572,53.374339],[-6.581245,53.375206],[-6.582234,53.374937],[-6.582388,53.375125],[-6.58269,53.375534],[-6.583197,53.375394],[-6.583673,53.376042],[-6.584422,53.375824],[-6.584554,53.375874],[-6.584989,53.376025],[-6.585075,53.376015],[-6.585252,53.375982],[-6.585724,53.375825],[-6.585911,53.376053],[-6.586022,53.376191],[-6.586167,53.376303],[-6.586642,53.376178],[-6.587029,53.376109],[-6.587274,53.376101],[-6.58745,53.376106],[-6.587381,53.376391],[-6.587358,53.376609],[-6.587348,53.376878],[-6.587345,53.377193],[-6.587361,53.377298],[-6.587417,53.377646],[-6.587449,53.377806],[-6.587531,53.378021],[-6.587616,53.378218],[-6.587658,53.378319],[-6.587719,53.378437],[-6.588001,53.378907],[-6.588066,53.379],[-6.588023,53.379],[-6.588028,53.37903],[-6.588349,53.37946],[-6.588428,53.379539],[-6.588481,53.379637],[-6.588788,53.379929],[-6.588763,53.379938],[-6.588697,53.3799],[-6.588633,53.379931],[-6.588604,53.379946],[-6.58864,53.379977],[-6.588424,53.380107],[-6.588317,53.38012],[-6.588248,53.380122],[-6.588173,53.380115],[-6.588106,53.380119],[-6.588041,53.380136],[-6.58795,53.380142],[-6.587832,53.380163],[-6.587691,53.380198],[-6.587672,53.380176],[-6.587494,53.379964],[-6.587453,53.379959],[-6.587422,53.379969],[-6.587396,53.379978],[-6.587339,53.379993],[-6.587319,53.379995],[-6.587241,53.379977],[-6.587265,53.380003],[-6.587093,53.380052],[-6.586703,53.379599],[-6.586871,53.379543],[-6.586584,53.379169],[-6.586511,53.379131],[-6.586864,53.379042],[-6.586961,53.379063],[-6.587082,53.379231],[-6.587187,53.379358],[-6.587288,53.379459]],"type":"LineString"},"properties":{"hex_id":"89182c1ae13ffff","service":"Fitness","dest_id":"2","dest_name":"Glenroyal Gym","walk_min":17.82,"distance_m":1485}},{"type":"Feature","geometry":{"coordinates":[[-6.591853,53.370295],[-6.591802,53.370296],[-6.591657,53.370336],[-6.591483,53.370395],[-6.591519,53.370478],[-6.591366,53.37077],[-6.591166,53.370732],[-6.591045,53.370777],[-6.590971,53.37076],[-6.590684,53.370734],[-6.590616,53.37074],[-6.590433,53.370781],[-6.590355,53.370799],[-6.590298,53.370913],[-6.590192,53.37094],[-6.589631,53.371959],[-6.589482,53.372252],[-6.589414,53.37232],[-6.589376,53.372353],[-6.589315,53.372467],[-6.589302,53.372515],[-6.589294,53.372598],[-6.588636,53.373772],[-6.58852,53.373983],[-6.588467,53.374068],[-6.588285,53.374406],[-6.588197,53.374577],[-6.588105,53.374748],[-6.588016,53.374902],[-6.58793,53.374986],[-6.587895,53.375055],[-6.587825,53.37517],[-6.587792,53.375237],[-6.58775,53.375318],[-6.587701,53.375495],[-6.587634,53.375618],[-6.58745,53.376106],[-6.587381,53.376391],[-6.587358,53.376609],[-6.587348,53.376878],[-6.587345,53.377193],[-6.587361,53.377298],[-6.587417,53.377646],[-6.587449,53.377806],[-6.587531,53.378021],[-6.587616,53.378218],[-6.587658,53.378319],[-6.587719,53.378437],[-6.588001,53.378907],[-6.588066,53.379],[-6.588023,53.379],[-6.588028,53.37903],[-6.588349,53.37946],[-6.588428,53.379539],[-6.588481,53.379637],[-6.588788,53.379929],[-6.588763,53.379938],[-6.588697,53.3799],[-6.588633,53.379931],[-6.588604,53.379946],[-6.58864,53.379977],[-6.588424,53.380107],[-6.588317,53.38012],[-6.588248,53.380122],[-6.588173,53.380115],[-6.588106,53.380119],[-6.588041,53.380136],[-6.58795,53.380142],[-6.587832,53.380163],[-6.587691,53.380198],[-6.587672,53.380176],[-6.587494,53.379964],[-6.587453,53.379959],[-6.587422,53.379969],[-6.587396,53.379978],[-6.587339,53.379993],[-6.587319,53.379995],[-6.587241,53.379977],[-6.587265,53.380003],[-6.587093,53.380052],[-6.586703,53.379599],[-6.586871,53.379543],[-6.586584,53.379169],[-6.586511,53.379131],[-6.586864,53.379042],[-6.586961,53.379063],[-6.587082,53.379231],[-6.587187,53.379358],[-6.587288,53.379459]],"type":"LineString"},"properties":{"hex_id":"89182c1ae47ffff","service":"Fitness","dest_id":"2","dest_name":"Glenroyal Gym","walk_min":18.88,"distance_m":1574}},{"type":"Feature","geometry":{"coordinates":[[-6.573866,53.367928],[-6.576137,53.368564],[-6.577226,53.368866],[-6.577593,53.368968],[-6.577924,53.36906],[-6.578873,53.369323],[-6.579422,53.369476],[-6.579633,53.369537],[-6.579694,53.369554],[-6.579787,53.369581],[-6.579877,53.369605],[-6.579905,53.369613],[-6.580014,53.369642],[-6.580281,53.369713],[-6.580514,53.369783],[-6.580725,53.369846],[-6.580801,53.369876],[-6.58094,53.369931],[-6.581101,53.370009],[-6.581186,53.370056],[-6.581284,53.370112],[-6.58133,53.370139],[-6.581384,53.37017],[-6.581752,53.370418],[-6.581926,53.370553],[-6.582131,53.370708],[-6.582514,53.370994],[-6.58369,53.371912],[-6.583998,53.372152],[-6.584367,53.372455],[-6.584468,53.37253],[-6.584789,53.37277],[-6.585108,53.373033],[-6.585232,53.373135],[-6.586314,53.373963],[-6.58638,53.374014],[-6.586485,53.374095],[-6.586529,53.374128],[-6.58755,53.374913],[-6.587695,53.374993],[-6.58779,53.375029],[-6.587895,53.375055],[-6.587825,53.37517],[-6.587792,53.375237],[-6.58775,53.375318],[-6.587701,53.375495],[-6.587634,53.375618],[-6.58745,53.376106],[-6.587381,53.376391],[-6.587358,53.376609],[-6.587348,53.376878],[-6.587345,53.377193],[-6.587361,53.377298],[-6.587417,53.377646],[-6.587449,53.377806],[-6.587531,53.378021],[-6.587616,53.378218],[-6.587658,53.378319],[-6.587719,53.378437],[-6.588001,53.378907],[-6.588066,53.379],[-6.588023,53.379],[-6.588028,53.37903],[-6.588349,53.37946],[-6.588428,53.379539],[-6.588481,53.379637],[-6.588788,53.379929],[-6.588763,53.379938],[-6.588697,53.3799],[-6.588633,53.379931],[-6.588604,53.379946],[-6.58864,53.379977],[-6.588424,53.380107],[-6.588317,53.38012],[-6.588248,53.380122],[-6.588173,53.380115],[-6.588106,53.380119],[-6.588041,53.380136],[-6.58795,53.380142],[-6.587832,53.380163],[-6.587691,53.380198],[-6.587672,53.380176],[-6.587494,53.379964],[-6.587453,53.379959],[-6.587422,53.379969],[-6.587396,53.379978],[-6.587339,53.379993],[-6.587319,53.379995],[-6.587241,53.379977],[-6.587265,53.380003],[-6.587093,53.380052],[-6.586703,53.379599],[-6.586871,53.379543],[-6.586584,53.379169],[-6.586511,53.379131],[-6.586864,53.379042],[-6.586961,53.379063],[-6.587082,53.379231],[-6.587187,53.379358],[-6.587288,53.379459]],"type":"LineString"},"properties":{"hex_id":"89182c1ae33ffff","service":"Fitness","dest_id":"2","dest_name":"Glenroyal Gym","walk_min":26.25,"distance_m":2185}},{"type":"Feature","geometry":{"coordinates":[[-6.592323,53.397378],[-6.592328,53.397375],[-6.592551,53.397276],[-6.5928,53.397073],[-6.593082,53.397075],[-6.593428,53.397004],[-6.59368,53.396924],[-6.59392,53.396737],[-6.593669,53.396649],[-6.59329,53.396501],[-6.592902,53.396351],[-6.592059,53.396025],[-6.591811,53.395954],[-6.59139,53.395853],[-6.590952,53.39579],[-6.590296,53.395717],[-6.589537,53.395657],[-6.589051,53.395682],[-6.588703,53.395718],[-6.588437,53.395717],[-6.584715,53.395353],[-6.583417,53.395224],[-6.582527,53.395136],[-6.582058,53.395096],[-6.581799,53.395063],[-6.581653,53.395022],[-6.581547,53.39498],[-6.581454,53.394937],[-6.581192,53.394785],[-6.580931,53.394685],[-6.58,53.394369],[-6.578823,53.393964],[-6.577176,53.393389],[-6.575613,53.392868],[-6.575542,53.392845],[-6.575588,53.392782],[-6.575631,53.392686],[-6.575735,53.392355],[-6.575842,53.392043],[-6.575934,53.39177],[-6.576041,53.391471],[-6.576258,53.390831],[-6.57631,53.390667],[-6.576491,53.390095],[-6.576745,53.389099],[-6.576806,53.388824],[-6.576902,53.388457],[-6.576947,53.388357],[-6.576943,53.388217],[-6.576903,53.388187],[-6.57688,53.388151],[-6.576736,53.387926],[-6.576561,53.387732],[-6.576095,53.387152],[-6.576085,53.38714],[-6.575453,53.386349],[-6.575328,53.386194],[-6.575399,53.386173],[-6.577023,53.385682],[-6.577468,53.385554],[-6.578466,53.385268],[-6.580431,53.384687],[-6.58099,53.384518],[-6.581785,53.384292],[-6.582691,53.38403],[-6.583201,53.383883],[-6.583674,53.383739],[-6.583518,53.383484],[-6.583493,53.383438],[-6.583306,53.383185],[-6.583148,53.383029],[-6.58297,53.382785],[-6.582731,53.382499],[-6.582623,53.382372],[-6.582565,53.382274],[-6.582487,53.382207],[-6.58253,53.382182],[-6.582554,53.382141],[-6.582563,53.382115],[-6.582581,53.382055],[-6.582611,53.382055],[-6.582659,53.382052],[-6.582704,53.382041],[-6.582742,53.382023],[-6.582768,53.382003],[-6.582786,53.381981],[-6.582794,53.381956],[-6.582793,53.381931],[-6.582783,53.381907],[-6.582764,53.381885],[-6.582741,53.381869],[-6.582713,53.381855],[-6.582685,53.381824],[-6.582657,53.381783],[-6.582622,53.381728],[-6.582606,53.381646],[-6.582603,53.381592],[-6.582621,53.381582],[-6.582633,53.38157],[-6.58264,53.381556],[-6.58264,53.381541],[-6.582892,53.38153],[-6.583317,53.381531],[-6.583815,53.381526],[-6.584005,53.381536],[-6.58393,53.381328],[-6.583903,53.381259],[-6.58388,53.381117],[-6.583879,53.380971],[-6.583873,53.380876],[-6.583864,53.380754],[-6.58386,53.380723],[-6.583803,53.380673],[-6.583729,53.380614],[-6.583717,53.380582],[-6.583705,53.380471],[-6.583698,53.380329],[-6.583768,53.38032],[-6.583768,53.380201],[-6.583767,53.380163],[-6.583767,53.380163]],"type":"LineString"},"properties":{"hex_id":"89182c1a02fffff","service":"Fitness","dest_id":"3","dest_name":"Anytime Fitness Gym","walk_min":40.6,"distance_m":3384}},{"type":"Feature","geometry":{"coordinates":[[-6.571008,53.364108],[-6.571262,53.363668],[-6.572504,53.363982],[-6.572727,53.364024],[-6.573092,53.364054],[-6.573231,53.364061],[-6.574992,53.364129],[-6.576074,53.364187],[-6.57611,53.364188],[-6.576565,53.364207],[-6.576886,53.36422],[-6.577506,53.364245],[-6.577525,53.364246],[-6.578138,53.364287],[-6.578231,53.364293],[-6.578949,53.364408],[-6.579144,53.364435],[-6.579339,53.364431],[-6.579822,53.364431],[-6.581441,53.364388],[-6.581702,53.364404],[-6.581771,53.364408],[-6.582078,53.364449],[-6.582528,53.364581],[-6.583056,53.364697],[-6.583418,53.364755],[-6.583737,53.364807],[-6.584107,53.364809],[-6.584657,53.364697],[-6.585012,53.364626],[-6.585365,53.364599],[-6.585787,53.364586],[-6.587501,53.364556],[-6.588145,53.364552],[-6.589129,53.36452],[-6.589334,53.364537],[-6.589491,53.364564],[-6.590147,53.364678],[-6.590623,53.36476],[-6.590924,53.364814],[-6.590968,53.364822],[-6.591256,53.36485],[-6.59134,53.364848],[-6.591423,53.364846],[-6.591427,53.364911],[-6.59142,53.365042],[-6.59138,53.365147],[-6.591223,53.365385],[-6.591262,53.365416],[-6.59129,53.365451],[-6.591304,53.365489],[-6.591303,53.365536],[-6.591282,53.365581],[-6.591241,53.365621],[-6.59126,53.365686],[-6.591259,53.365748],[-6.591257,53.36581],[-6.591299,53.365914],[-6.591323,53.366122],[-6.591277,53.366683],[-6.591274,53.366796],[-6.591251,53.367314],[-6.591217,53.367553],[-6.591211,53.367656],[-6.591165,53.368273],[-6.591132,53.368544],[-6.590931,53.369334],[-6.590907,53.369468],[-6.590897,53.369528],[-6.590783,53.369918],[-6.590722,53.370082],[-6.590625,53.370293],[-6.590588,53.370363],[-6.590516,53.370469],[-6.590511,53.370479],[-6.59043,53.370645],[-6.590355,53.370799],[-6.590298,53.370913],[-6.590192,53.37094],[-6.589631,53.371959],[-6.589482,53.372252],[-6.589414,53.37232],[-6.589376,53.372353],[-6.589315,53.372467],[-6.589302,53.372515],[-6.589294,53.372598],[-6.588636,53.373772],[-6.58852,53.373983],[-6.588467,53.374068],[-6.588285,53.374406],[-6.588197,53.374577],[-6.588105,53.374748],[-6.588016,53.374902],[-6.58793,53.374986],[-6.587895,53.375055],[-6.587825,53.37517],[-6.587792,53.375237],[-6.58775,53.375318],[-6.587701,53.375495],[-6.587634,53.375618],[-6.58745,53.376106],[-6.587381,53.376391],[-6.587358,53.376609],[-6.587348,53.376878],[-6.587345,53.377193],[-6.587361,53.377298],[-6.587417,53.377646],[-6.587449,53.377806],[-6.587531,53.378021],[-6.587616,53.378218],[-6.587658,53.378319],[-6.587719,53.378437],[-6.588001,53.378907],[-6.588066,53.379],[-6.588023,53.379],[-6.588028,53.37903],[-6.588349,53.37946],[-6.588428,53.379539],[-6.588481,53.379637],[-6.588788,53.379929],[-6.588763,53.379938],[-6.588697,53.3799],[-6.588633,53.379931],[-6.588604,53.379946],[-6.58864,53.379977],[-6.588424,53.380107],[-6.588317,53.38012],[-6.588248,53.380122],[-6.588173,53.380115],[-6.588106,53.380119],[-6.588041,53.380136],[-6.58795,53.380142],[-6.587832,53.380163],[-6.587691,53.380198],[-6.587672,53.380176],[-6.587494,53.379964],[-6.587453,53.379959],[-6.587422,53.379969],[-6.587396,53.379978],[-6.587339,53.379993],[-6.587319,53.379995],[-6.587241,53.379977],[-6.587265,53.380003],[-6.587093,53.380052],[-6.586703,53.379599],[-6.586871,53.379543],[-6.586584,53.379169],[-6.586511,53.379131],[-6.586864,53.379042],[-6.586961,53.379063],[-6.587082,53.379231],[-6.587187,53.379358],[-6.587288,53.379459]],"type":"LineString"},"properties":{"hex_id":"89182c1ae37ffff","service":"Fitness","dest_id":"2","dest_name":"Glenroyal Gym","walk_min":42.39,"distance_m":3527}},{"type":"Feature","geometry":{"coordinates":[[-6.57635,53.364198],[-6.576565,53.364207],[-6.576886,53.36422],[-6.577506,53.364245],[-6.577525,53.364246],[-6.578138,53.364287],[-6.578231,53.364293],[-6.578949,53.364408],[-6.579144,53.364435],[-6.579339,53.364431],[-6.579822,53.364431],[-6.581441,53.364388],[-6.581702,53.364404],[-6.581771,53.364408],[-6.582078,53.364449],[-6.582528,53.364581],[-6.583056,53.364697],[-6.583418,53.364755],[-6.583737,53.364807],[-6.584107,53.364809],[-6.584657,53.364697],[-6.585012,53.364626],[-6.585365,53.364599],[-6.585787,53.364586],[-6.587501,53.364556],[-6.588145,53.364552],[-6.589129,53.36452],[-6.589334,53.364537],[-6.589491,53.364564],[-6.590147,53.364678],[-6.590623,53.36476],[-6.590924,53.364814],[-6.590968,53.364822],[-6.591256,53.36485],[-6.59134,53.364848],[-6.591423,53.364846],[-6.591427,53.364911],[-6.59142,53.365042],[-6.59138,53.365147],[-6.591223,53.365385],[-6.591262,53.365416],[-6.59129,53.365451],[-6.591304,53.365489],[-6.591303,53.365536],[-6.591282,53.365581],[-6.591241,53.365621],[-6.59126,53.365686],[-6.591259,53.365748],[-6.591257,53.36581],[-6.591299,53.365914],[-6.591323,53.366122],[-6.591277,53.366683],[-6.591274,53.366796],[-6.591251,53.367314],[-6.591217,53.367553],[-6.591211,53.367656],[-6.591165,53.368273],[-6.591132,53.368544],[-6.590931,53.369334],[-6.590907,53.369468],[-6.590897,53.369528],[-6.590783,53.369918],[-6.590722,53.370082],[-6.590625,53.370293],[-6.590588,53.370363],[-6.590516,53.370469],[-6.590511,53.370479],[-6.59043,53.370645],[-6.590355,53.370799],[-6.590298,53.370913],[-6.590192,53.37094],[-6.589631,53.371959],[-6.589482,53.372252],[-6.589414,53.37232],[-6.589376,53.372353],[-6.589315,53.372467],[-6.589302,53.372515],[-6.589294,53.372598],[-6.588636,53.373772],[-6.58852,53.373983],[-6.588467,53.374068],[-6.588285,53.374406],[-6.588197,53.374577],[-6.588105,53.374748],[-6.588016,53.374902],[-6.58793,53.374986],[-6.587895,53.375055],[-6.587825,53.37517],[-6.587792,53.375237],[-6.58775,53.375318],[-6.587701,53.375495],[-6.587634,53.375618],[-6.58745,53.376106],[-6.587381,53.376391],[-6.587358,53.376609],[-6.587348,53.376878],[-6.587345,53.377193],[-6.587361,53.377298],[-6.587417,53.377646],[-6.587449,53.377806],[-6.587531,53.378021],[-6.587616,53.378218],[-6.587658,53.378319],[-6.587719,53.378437],[-6.588001,53.378907],[-6.588066,53.379],[-6.588023,53.379],[-6.588028,53.37903],[-6.588349,53.37946],[-6.588428,53.379539],[-6.588481,53.379637],[-6.588788,53.379929],[-6.588763,53.379938],[-6.588697,53.3799],[-6.588633,53.379931],[-6.588604,53.379946],[-6.58864,53.379977],[-6.588424,53.380107],[-6.588317,53.38012],[-6.588248,53.380122],[-6.588173,53.380115],[-6.588106,53.380119],[-6.588041,53.380136],[-6.58795,53.380142],[-6.587832,53.380163],[-6.587691,53.380198],[-6.587672,53.380176],[-6.587494,53.379964],[-6.587453,53.379959],[-6.587422,53.379969],[-6.587396,53.379978],[-6.587339,53.379993],[-6.587319,53.379995],[-6.587241,53.379977],[-6.587265,53.380003],[-6.587093,53.380052],[-6.586703,53.379599],[-6.586871,53.379543],[-6.586584,53.379169],[-6.586511,53.379131],[-6.586864,53.379042],[-6.586961,53.379063],[-6.587082,53.379231],[-6.587187,53.379358],[-6.587288,53.379459]],"type":"LineString"},"properties":{"hex_id":"89182c1ae23ffff","service":"Fitness","dest_id":"2","dest_name":"Glenroyal Gym","walk_min":37.6,"distance_m":3128}},{"type":"Feature","geometry":{"coordinates":[[-6.589257,53.383989],[-6.589284,53.383959],[-6.58942,53.383792],[-6.589532,53.383621],[-6.589591,53.38348],[-6.5896,53.383374],[-6.589596,53.383306],[-6.589574,53.38324],[-6.589165,53.382759],[-6.5892,53.382749],[-6.588891,53.382394],[-6.588853,53.382347],[-6.588836,53.38232],[-6.588843,53.382307],[-6.588887,53.382249],[-6.588746,53.382189],[-6.588678,53.382163],[-6.58859,53.382131],[-6.588381,53.382067],[-6.588266,53.382059],[-6.587994,53.382042],[-6.587991,53.381999],[-6.587898,53.38198],[-6.586854,53.381952],[-6.586608,53.381945],[-6.586431,53.381942],[-6.586238,53.381938],[-6.58589,53.381946],[-6.585833,53.381947],[-6.585724,53.381944],[-6.585715,53.381755],[-6.585668,53.381731],[-6.585562,53.38163],[-6.585489,53.381632],[-6.585477,53.381613],[-6.585467,53.381346],[-6.585333,53.381297],[-6.585308,53.380949],[-6.585292,53.380925],[-6.585268,53.380903],[-6.585216,53.380894],[-6.585126,53.380892],[-6.584839,53.380906],[-6.584703,53.380904],[-6.584705,53.380863],[-6.584231,53.380871],[-6.584204,53.380389],[-6.583811,53.380315],[-6.583768,53.380201],[-6.583767,53.380163],[-6.583767,53.380163]],"type":"LineString"},"properties":{"hex_id":"89182c1a3a7ffff","service":"Fitness","dest_id":"3","dest_name":"Anytime Fitness Gym","walk_min":8.84,"distance_m":737}},{"type":"Feature","geometry":{"coordinates":[[-6.587357,53.389476],[-6.587488,53.389413],[-6.586651,53.388741],[-6.586372,53.388592],[-6.587095,53.388122],[-6.587745,53.387719],[-6.587855,53.387676],[-6.587889,53.387627],[-6.588049,53.387454],[-6.588141,53.38732],[-6.588161,53.387291],[-6.588189,53.387251],[-6.588123,53.387233],[-6.588056,53.387207],[-6.587591,53.386922],[-6.587506,53.386875],[-6.587553,53.386827],[-6.586805,53.38642],[-6.586789,53.386356],[-6.586714,53.386317],[-6.586784,53.386262],[-6.587161,53.385943],[-6.587483,53.385663],[-6.587974,53.385227],[-6.588003,53.385201],[-6.587833,53.385138],[-6.587704,53.385027],[-6.587202,53.384851],[-6.586781,53.384703],[-6.585915,53.38438],[-6.58526,53.38411],[-6.58513,53.3841],[-6.58501,53.38411],[-6.584886,53.384053],[-6.584756,53.383984],[-6.584621,53.383924],[-6.58453,53.38388],[-6.58435,53.3838],[-6.5843,53.38378],[-6.5843,53.38373],[-6.58428,53.3837],[-6.584245,53.383565],[-6.583674,53.383739],[-6.583518,53.383484],[-6.583493,53.383438],[-6.583306,53.383185],[-6.583148,53.383029],[-6.58297,53.382785],[-6.582731,53.382499],[-6.582623,53.382372],[-6.582565,53.382274],[-6.582487,53.382207],[-6.58253,53.382182],[-6.582554,53.382141],[-6.582563,53.382115],[-6.582581,53.382055],[-6.582611,53.382055],[-6.582659,53.382052],[-6.582704,53.382041],[-6.582742,53.382023],[-6.582768,53.382003],[-6.582786,53.381981],[-6.582794,53.381956],[-6.582793,53.381931],[-6.582783,53.381907],[-6.582764,53.381885],[-6.582741,53.381869],[-6.582713,53.381855],[-6.582685,53.381824],[-6.582657,53.381783],[-6.582622,53.381728],[-6.582606,53.381646],[-6.582603,53.381592],[-6.582621,53.381582],[-6.582633,53.38157],[-6.58264,53.381556],[-6.58264,53.381541],[-6.582892,53.38153],[-6.583317,53.381531],[-6.583815,53.381526],[-6.584005,53.381536],[-6.58393,53.381328],[-6.583903,53.381259],[-6.58388,53.381117],[-6.583879,53.380971],[-6.583873,53.380876],[-6.583864,53.380754],[-6.58386,53.380723],[-6.583803,53.380673],[-6.583729,53.380614],[-6.583717,53.380582],[-6.583705,53.380471],[-6.583698,53.380329],[-6.583768,53.38032],[-6.583768,53.380201],[-6.583767,53.380163],[-6.583767,53.380163]],"type":"LineString"},"properties":{"hex_id":"89182c1a14fffff","service":"Fitness","dest_id":"3","dest_name":"Anytime Fitness Gym","walk_min":18.2,"distance_m":1517}},{"type":"Feature","geometry":{"coordinates":[[-6.590968,53.381249],[-6.590907,53.38118],[-6.590762,53.38103],[-6.590718,53.380984],[-6.590692,53.380961],[-6.590663,53.380972],[-6.590568,53.381005],[-6.590492,53.38103],[-6.590418,53.381056],[-6.590374,53.381072],[-6.590357,53.381053],[-6.59017,53.380843],[-6.590014,53.380709],[-6.589621,53.380449],[-6.589529,53.380393],[-6.589486,53.380384],[-6.589446,53.380376],[-6.589375,53.38038],[-6.589332,53.380347],[-6.589256,53.38029],[-6.589235,53.380307],[-6.589198,53.380312],[-6.589167,53.380309],[-6.589131,53.380294],[-6.589104,53.380266],[-6.588999,53.380287],[-6.588962,53.380215],[-6.588931,53.380164],[-6.588909,53.380138],[-6.588866,53.380112],[-6.58883,53.380109],[-6.58878,53.380109],[-6.588749,53.38011],[-6.588699,53.380114],[-6.588578,53.38013],[-6.588502,53.380142],[-6.588229,53.380188],[-6.588106,53.380207],[-6.587955,53.380231],[-6.587859,53.380246],[-6.587717,53.380229],[-6.587691,53.380198],[-6.587672,53.380176],[-6.587494,53.379964],[-6.587453,53.379959],[-6.587422,53.379969],[-6.587396,53.379978],[-6.587339,53.379993],[-6.587319,53.379995],[-6.587241,53.379977],[-6.587265,53.380003],[-6.587093,53.380052],[-6.586703,53.379599],[-6.586871,53.379543],[-6.586584,53.379169],[-6.586511,53.379131],[-6.586864,53.379042],[-6.586961,53.379063],[-6.587082,53.379231],[-6.587187,53.379358],[-6.587288,53.379459]],"type":"LineString"},"properties":{"hex_id":"89182c1aedbffff","service":"Fitness","dest_id":"2","dest_name":"Glenroyal Gym","walk_min":6.85,"distance_m":571}},{"type":"Feature","geometry":{"coordinates":[[-6.600831,53.380395],[-6.600784,53.38036],[-6.600807,53.380293],[-6.600595,53.38035],[-6.599999,53.380508],[-6.599781,53.380565],[-6.59961,53.380628],[-6.599471,53.380665],[-6.599372,53.380692],[-6.599353,53.380698],[-6.599179,53.380743],[-6.599134,53.380753],[-6.599056,53.380773],[-6.598889,53.380817],[-6.598762,53.380856],[-6.598629,53.380893],[-6.598557,53.380888],[-6.598491,53.380873],[-6.598447,53.380856],[-6.598376,53.380826],[-6.598538,53.381018],[-6.598569,53.381053],[-6.598591,53.381082],[-6.598713,53.381237],[-6.598828,53.3814],[-6.599003,53.381526],[-6.599219,53.381795],[-6.59925,53.381834],[-6.599339,53.381945],[-6.599378,53.381994],[-6.599402,53.382023],[-6.599204,53.382035],[-6.599217,53.382098],[-6.599222,53.382137],[-6.599224,53.382175],[-6.599229,53.382208],[-6.599194,53.382253],[-6.599146,53.38234],[-6.599125,53.382437],[-6.599174,53.382542],[-6.599251,53.382604],[-6.599345,53.382609],[-6.599366,53.382639],[-6.599385,53.382666],[-6.599468,53.382781],[-6.599506,53.382822],[-6.599612,53.382962],[-6.599805,53.383205],[-6.599971,53.383399],[-6.600134,53.383466],[-6.600221,53.383488],[-6.600459,53.383547],[-6.600576,53.383579],[-6.600777,53.383846],[-6.600827,53.383909],[-6.600844,53.383931],[-6.600893,53.383991],[-6.601188,53.384376],[-6.601222,53.384371],[-6.601421,53.384419],[-6.601557,53.384452],[-6.601682,53.384471],[-6.601773,53.384448],[-6.602086,53.384365],[-6.602232,53.384322],[-6.602374,53.384281],[-6.602446,53.384267],[-6.602482,53.384257],[-6.602611,53.384239],[-6.602757,53.384264],[-6.602789,53.38427],[-6.602898,53.384366],[-6.602907,53.384378],[-6.602921,53.384395],[-6.60294,53.384417],[-6.602962,53.384448],[-6.602988,53.384483],[-6.603027,53.384533],[-6.60322,53.384792],[-6.603251,53.384835],[-6.60339,53.385017],[-6.603426,53.38506],[-6.60354,53.385048],[-6.6036,53.385034],[-6.60367,53.385013],[-6.603777,53.384979]],"type":"LineString"},"properties":{"hex_id":"89182c1a323ffff","service":"Fitness","dest_id":"1","dest_name":"Maynooth University Gym","walk_min":10.86,"distance_m":905}},{"type":"Feature","geometry":{"coordinates":[[-6.596955,53.369682],[-6.597576,53.369775],[-6.597759,53.369806],[-6.597952,53.369839],[-6.597933,53.3701],[-6.597887,53.370325],[-6.59804,53.370337],[-6.598034,53.370516],[-6.598023,53.370529],[-6.597886,53.370852],[-6.597818,53.37103],[-6.597737,53.371139],[-6.597768,53.371144],[-6.598596,53.371257],[-6.598484,53.371445],[-6.59835,53.371686],[-6.598269,53.37182],[-6.598143,53.372001],[-6.598045,53.372134],[-6.597934,53.37231],[-6.59777,53.372551],[-6.597699,53.372683],[-6.597678,53.372719],[-6.597658,53.372757],[-6.597492,53.373087],[-6.597438,53.373191],[-6.597365,53.373358],[-6.597312,53.373468],[-6.59697,53.374154],[-6.596904,53.374327],[-6.596844,53.374542],[-6.596815,53.374652],[-6.596792,53.374758],[-6.596776,53.374847],[-6.596771,53.374868],[-6.596664,53.374943],[-6.596598,53.3753],[-6.596609,53.375533],[-6.596588,53.375778],[-6.596558,53.376021],[-6.59653,53.376155],[-6.596516,53.376204],[-6.596416,53.376515],[-6.596412,53.376529],[-6.596336,53.376665],[-6.596327,53.376683],[-6.596322,53.376694],[-6.596258,53.376684],[-6.596197,53.376686],[-6.596181,53.376689],[-6.595975,53.376738],[-6.595924,53.376742],[-6.595562,53.376823],[-6.595236,53.37691],[-6.594723,53.377044],[-6.594401,53.377145],[-6.593794,53.377334],[-6.593519,53.37742],[-6.593349,53.377484],[-6.592292,53.377845],[-6.591948,53.377952],[-6.591764,53.378016],[-6.59158,53.378062],[-6.591479,53.378092],[-6.591403,53.378117],[-6.591302,53.378159],[-6.591236,53.37819],[-6.591159,53.37822],[-6.591048,53.378318],[-6.590948,53.378416],[-6.590905,53.378492],[-6.590868,53.378586],[-6.59087,53.378676],[-6.590888,53.378759],[-6.590948,53.378921],[-6.590978,53.37896],[-6.590999,53.378987],[-6.590925,53.379009],[-6.591174,53.37934],[-6.59123,53.379399],[-6.591294,53.379472],[-6.591065,53.379542],[-6.590482,53.379749],[-6.589636,53.380136],[-6.589519,53.380187],[-6.589412,53.380231],[-6.589385,53.380212],[-6.589363,53.380196],[-6.589345,53.380183],[-6.58928,53.380213],[-6.589253,53.380224],[-6.589271,53.380241],[-6.589278,53.380263],[-6.589269,53.38028],[-6.589256,53.38029],[-6.589235,53.380307],[-6.589198,53.380312],[-6.589167,53.380309],[-6.589131,53.380294],[-6.589104,53.380266],[-6.588999,53.380287],[-6.588962,53.380215],[-6.588931,53.380164],[-6.588909,53.380138],[-6.588866,53.380112],[-6.58883,53.380109],[-6.58878,53.380109],[-6.588749,53.38011],[-6.588699,53.380114],[-6.588578,53.38013],[-6.588502,53.380142],[-6.588229,53.380188],[-6.588106,53.380207],[-6.587955,53.380231],[-6.587859,53.380246],[-6.587717,53.380229],[-6.587691,53.380198],[-6.587672,53.380176],[-6.587494,53.379964],[-6.587453,53.379959],[-6.587422,53.379969],[-6.587396,53.379978],[-6.587339,53.379993],[-6.587319,53.379995],[-6.587241,53.379977],[-6.587265,53.380003],[-6.587093,53.380052],[-6.586703,53.379599],[-6.586871,53.379543],[-6.586584,53.379169],[-6.586511,53.379131],[-6.586864,53.379042],[-6.586961,53.379063],[-6.587082,53.379231],[-6.587187,53.379358],[-6.587288,53.379459]],"type":"LineString"},"properties":{"hex_id":"89182c1ae4fffff","service":"Fitness","dest_id":"2","dest_name":"Glenroyal Gym","walk_min":24.29,"distance_m":2019}},{"type":"Feature","geometry":{"coordinates":[[-6.603595,53.37268],[-6.603595,53.37268],[-6.603664,53.372736],[-6.603674,53.37276],[-6.603667,53.37278],[-6.603624,53.372807],[-6.603587,53.37283],[-6.603654,53.373024],[-6.603717,53.373256],[-6.60378,53.373506],[-6.603708,53.373534],[-6.60425,53.37393],[-6.604536,53.374006],[-6.604645,53.374248],[-6.604667,53.374348],[-6.604814,53.37469],[-6.604611,53.374729],[-6.604303,53.374779],[-6.604147,53.3748],[-6.60399,53.374819],[-6.603898,53.374829],[-6.603337,53.374896],[-6.603286,53.374937],[-6.603093,53.374954],[-6.602882,53.37499],[-6.602841,53.374999],[-6.602646,53.375051],[-6.602426,53.375119],[-6.602275,53.375172],[-6.602107,53.375231],[-6.601975,53.375276],[-6.601795,53.37533],[-6.601501,53.375398],[-6.601255,53.375434],[-6.600891,53.375457],[-6.60059,53.375475],[-6.60042,53.375491],[-6.60025,53.375498],[-6.600186,53.375502],[-6.599997,53.37551],[-6.599851,53.375514],[-6.599775,53.375516],[-6.599617,53.37552],[-6.599303,53.375539],[-6.599247,53.375542],[-6.599085,53.375554],[-6.59899,53.375574],[-6.598749,53.375602],[-6.598599,53.375625],[-6.597823,53.375719],[-6.597725,53.375723],[-6.597651,53.375726],[-6.597606,53.375734],[-6.597555,53.375743],[-6.597474,53.375757],[-6.597108,53.375732],[-6.596905,53.375713],[-6.59672,53.375794],[-6.596696,53.375914],[-6.596676,53.376072],[-6.596661,53.376177],[-6.596653,53.376216],[-6.596558,53.376485],[-6.596542,53.376516],[-6.596466,53.376512],[-6.596416,53.376515],[-6.596412,53.376529],[-6.596336,53.376665],[-6.596327,53.376683],[-6.596322,53.376694],[-6.596258,53.376684],[-6.596197,53.376686],[-6.596181,53.376689],[-6.595975,53.376738],[-6.595924,53.376742],[-6.595562,53.376823],[-6.595236,53.37691],[-6.594723,53.377044],[-6.594401,53.377145],[-6.593794,53.377334],[-6.593519,53.37742],[-6.593349,53.377484],[-6.592292,53.377845],[-6.591948,53.377952],[-6.591764,53.378016],[-6.59158,53.378062],[-6.591479,53.378092],[-6.591403,53.378117],[-6.591302,53.378159],[-6.591236,53.37819],[-6.591159,53.37822],[-6.591048,53.378318],[-6.590948,53.378416],[-6.590905,53.378492],[-6.590868,53.378586],[-6.59087,53.378676],[-6.590888,53.378759],[-6.590948,53.378921],[-6.590978,53.37896],[-6.590999,53.378987],[-6.590925,53.379009],[-6.591174,53.37934],[-6.59123,53.379399],[-6.591294,53.379472],[-6.591065,53.379542],[-6.590482,53.379749],[-6.589636,53.380136],[-6.589519,53.380187],[-6.589412,53.380231],[-6.589385,53.380212],[-6.589363,53.380196],[-6.589345,53.380183],[-6.58928,53.380213],[-6.589253,53.380224],[-6.589271,53.380241],[-6.589278,53.380263],[-6.589269,53.38028],[-6.589256,53.38029],[-6.589235,53.380307],[-6.589198,53.380312],[-6.589167,53.380309],[-6.589131,53.380294],[-6.589104,53.380266],[-6.588999,53.380287],[-6.588962,53.380215],[-6.588931,53.380164],[-6.588909,53.380138],[-6.588866,53.380112],[-6.58883,53.380109],[-6.58878,53.380109],[-6.588749,53.38011],[-6.588699,53.380114],[-6.588578,53.38013],[-6.588502,53.380142],[-6.588229,53.380188],[-6.588106,53.380207],[-6.587955,53.380231],[-6.587859,53.380246],[-6.587717,53.380229],[-6.587691,53.380198],[-6.587672,53.380176],[-6.587494,53.379964],[-6.587453,53.379959],[-6.587422,53.379969],[-6.587396,53.379978],[-6.587339,53.379993],[-6.587319,53.379995],[-6.587241,53.379977],[-6.587265,53.380003],[-6.587093,53.380052],[-6.586703,53.379599],[-6.586871,53.379543],[-6.586584,53.379169],[-6.586511,53.379131],[-6.586864,53.379042],[-6.586961,53.379063],[-6.587082,53.379231],[-6.587187,53.379358],[-6.587288,53.379459]],"type":"LineString"},"properties":{"hex_id":"89182c18587ffff","service":"Fitness","dest_id":"2","dest_name":"Glenroyal Gym","walk_min":24.44,"distance_m":2037}},{"type":"Feature","geometry":{"coordinates":[[-6.57378,53.377653],[-6.574201,53.377797],[-6.575293,53.378194],[-6.575875,53.378401],[-6.57653,53.378546],[-6.577773,53.378827],[-6.578077,53.378805],[-6.578379,53.378767],[-6.578655,53.378728],[-6.579673,53.378595],[-6.580136,53.378524],[-6.580291,53.378502],[-6.580642,53.378454],[-6.581206,53.378376],[-6.581836,53.378295],[-6.581898,53.378287],[-6.5824,53.378222],[-6.582736,53.37818],[-6.582899,53.378159],[-6.583506,53.378079],[-6.583559,53.378072],[-6.583908,53.378031],[-6.584789,53.377936],[-6.585229,53.377891],[-6.585783,53.377844],[-6.586366,53.377825],[-6.586573,53.377821],[-6.587073,53.377813],[-6.587414,53.377807],[-6.587449,53.377806],[-6.587531,53.378021],[-6.587616,53.378218],[-6.587658,53.378319],[-6.587719,53.378437],[-6.588001,53.378907],[-6.588066,53.379],[-6.588023,53.379],[-6.588028,53.37903],[-6.588349,53.37946],[-6.588428,53.379539],[-6.588481,53.379637],[-6.588788,53.379929],[-6.588763,53.379938],[-6.588697,53.3799],[-6.588633,53.379931],[-6.588604,53.379946],[-6.58864,53.379977],[-6.588424,53.380107],[-6.588317,53.38012],[-6.588248,53.380122],[-6.588173,53.380115],[-6.588106,53.380119],[-6.588041,53.380136],[-6.58795,53.380142],[-6.587832,53.380163],[-6.587691,53.380198],[-6.587672,53.380176],[-6.587494,53.379964],[-6.587453,53.379959],[-6.587422,53.379969],[-6.587396,53.379978],[-6.587339,53.379993],[-6.587319,53.379995],[-6.587241,53.379977],[-6.587265,53.380003],[-6.587093,53.380052],[-6.586703,53.379599],[-6.586871,53.379543],[-6.586584,53.379169],[-6.586511,53.379131],[-6.586864,53.379042],[-6.586961,53.379063],[-6.587082,53.379231],[-6.587187,53.379358],[-6.587288,53.379459]],"type":"LineString"},"properties":{"hex_id":"89182c1ae83ffff","service":"Fitness","dest_id":"2","dest_name":"Glenroyal Gym","walk_min":18.82,"distance_m":1569}},{"type":"Feature","geometry":{"coordinates":[[-6.612369,53.376647],[-6.61233,53.376563],[-6.612295,53.376551],[-6.612244,53.376397],[-6.612229,53.37636],[-6.611862,53.376416],[-6.611521,53.376514],[-6.611177,53.376669],[-6.611038,53.376744],[-6.610886,53.376824],[-6.610674,53.376923],[-6.610547,53.376982],[-6.610237,53.377061],[-6.609953,53.377117],[-6.609918,53.377124],[-6.609843,53.377138],[-6.609354,53.377222],[-6.609263,53.377231],[-6.609091,53.37724],[-6.60891,53.377248],[-6.608752,53.377242],[-6.608608,53.377235],[-6.608461,53.377218],[-6.608299,53.377193],[-6.6081,53.377154],[-6.607923,53.377094],[-6.607855,53.377066],[-6.607797,53.377041],[-6.607661,53.376949],[-6.607541,53.376855],[-6.607427,53.376764],[-6.607195,53.376551],[-6.607099,53.376469],[-6.606784,53.376255],[-6.606709,53.376194],[-6.606633,53.376106],[-6.606597,53.376008],[-6.6066,53.375901],[-6.606664,53.375745],[-6.60667,53.375712],[-6.606672,53.375676],[-6.606637,53.375591],[-6.606542,53.375441],[-6.606282,53.375482],[-6.60615,53.375505],[-6.606037,53.375531],[-6.605949,53.375565],[-6.605493,53.375844],[-6.605308,53.375967],[-6.605005,53.375774],[-6.604723,53.375587],[-6.604423,53.375391],[-6.604284,53.375304],[-6.604299,53.375266],[-6.604307,53.375244],[-6.604299,53.375221],[-6.604279,53.3752],[-6.604248,53.375178],[-6.60416,53.375131],[-6.604031,53.375057],[-6.603986,53.375016],[-6.603913,53.374907],[-6.603903,53.37487],[-6.603595,53.374908],[-6.603286,53.374937],[-6.603093,53.374954],[-6.602882,53.37499],[-6.602841,53.374999],[-6.602646,53.375051],[-6.602426,53.375119],[-6.602275,53.375172],[-6.602107,53.375231],[-6.601975,53.375276],[-6.601795,53.37533],[-6.601501,53.375398],[-6.601255,53.375434],[-6.600891,53.375457],[-6.60059,53.375475],[-6.60042,53.375491],[-6.60025,53.375498],[-6.600186,53.375502],[-6.599997,53.37551],[-6.599851,53.375514],[-6.599775,53.375516],[-6.599617,53.37552],[-6.599303,53.375539],[-6.599247,53.375542],[-6.599085,53.375554],[-6.59899,53.375574],[-6.598749,53.375602],[-6.598599,53.375625],[-6.597823,53.375719],[-6.597725,53.375723],[-6.597651,53.375726],[-6.597606,53.375734],[-6.597555,53.375743],[-6.597474,53.375757],[-6.597108,53.375732],[-6.596905,53.375713],[-6.59672,53.375794],[-6.596696,53.375914],[-6.596676,53.376072],[-6.596661,53.376177],[-6.596653,53.376216],[-6.596558,53.376485],[-6.596542,53.376516],[-6.596466,53.376512],[-6.596416,53.376515],[-6.596412,53.376529],[-6.596336,53.376665],[-6.596327,53.376683],[-6.596322,53.376694],[-6.596258,53.376684],[-6.596197,53.376686],[-6.596181,53.376689],[-6.595975,53.376738],[-6.595924,53.376742],[-6.595562,53.376823],[-6.595236,53.37691],[-6.594723,53.377044],[-6.594401,53.377145],[-6.593794,53.377334],[-6.593519,53.37742],[-6.593349,53.377484],[-6.592292,53.377845],[-6.591948,53.377952],[-6.591764,53.378016],[-6.59158,53.378062],[-6.591479,53.378092],[-6.591403,53.378117],[-6.591302,53.378159],[-6.591236,53.37819],[-6.591159,53.37822],[-6.591048,53.378318],[-6.590948,53.378416],[-6.590905,53.378492],[-6.590868,53.378586],[-6.59087,53.378676],[-6.590888,53.378759],[-6.590948,53.378921],[-6.590978,53.37896],[-6.590999,53.378987],[-6.590925,53.379009],[-6.591174,53.37934],[-6.59123,53.379399],[-6.591294,53.379472],[-6.591065,53.379542],[-6.590482,53.379749],[-6.589636,53.380136],[-6.589519,53.380187],[-6.589412,53.380231],[-6.589385,53.380212],[-6.589363,53.380196],[-6.589345,53.380183],[-6.58928,53.380213],[-6.589253,53.380224],[-6.589271,53.380241],[-6.589278,53.380263],[-6.589269,53.38028],[-6.589256,53.38029],[-6.589235,53.380307],[-6.589198,53.380312],[-6.589167,53.380309],[-6.589131,53.380294],[-6.589104,53.380266],[-6.588999,53.380287],[-6.588962,53.380215],[-6.588931,53.380164],[-6.588909,53.380138],[-6.588866,53.380112],[-6.58883,53.380109],[-6.58878,53.380109],[-6.588749,53.38011],[-6.588699,53.380114],[-6.588578,53.38013],[-6.588502,53.380142],[-6.588229,53.380188],[-6.588106,53.380207],[-6.587955,53.380231],[-6.587859,53.380246],[-6.587717,53.380229],[-6.587691,53.380198],[-6.587672,53.380176],[-6.587494,53.379964],[-6.587453,53.379959],[-6.587422,53.379969],[-6.587396,53.379978],[-6.587339,53.379993],[-6.587319,53.379995],[-6.587241,53.379977],[-6.587265,53.380003],[-6.587093,53.380052],[-6.586703,53.379599],[-6.586871,53.379543],[-6.586584,53.379169],[-6.586511,53.379131],[-6.586864,53.379042],[-6.586961,53.379063],[-6.587082,53.379231],[-6.587187,53.379358],[-6.587288,53.379459]],"type":"LineString"},"properties":{"hex_id":"89182c1859bffff","service":"Fitness","dest_id":"2","dest_name":"Glenroyal Gym","walk_min":30.5,"distance_m":2542}},{"type":"Feature","geometry":{"coordinates":[[-6.60414,53.382798],[-6.604086,53.382717],[-6.603773,53.382809],[-6.603516,53.382888],[-6.603465,53.382923],[-6.603395,53.382954],[-6.603491,53.38309],[-6.603583,53.383173],[-6.603545,53.383222],[-6.603511,53.383266],[-6.603511,53.383278],[-6.603537,53.383318],[-6.603564,53.383358],[-6.603484,53.383382],[-6.603539,53.383451],[-6.603661,53.383595],[-6.603682,53.383628],[-6.603757,53.383721],[-6.603792,53.383743],[-6.603754,53.383794],[-6.60388,53.383784],[-6.603961,53.383794],[-6.604047,53.383878],[-6.604292,53.384208],[-6.604426,53.384425],[-6.604447,53.384462],[-6.604476,53.384512],[-6.604491,53.384538],[-6.604506,53.384563],[-6.60459,53.384683],[-6.604616,53.384723],[-6.604498,53.384759],[-6.604436,53.384778],[-6.604392,53.384791],[-6.604252,53.384834],[-6.604128,53.384869],[-6.604045,53.384894],[-6.603974,53.384918],[-6.603777,53.384979]],"type":"LineString"},"properties":{"hex_id":"89182c1a33bffff","service":"Fitness","dest_id":"1","dest_name":"Maynooth University Gym","walk_min":4.31,"distance_m":359}},{"type":"Feature","geometry":{"coordinates":[[-6.596343,53.3884],[-6.596754,53.388346],[-6.597079,53.388288],[-6.596926,53.387989],[-6.596915,53.387966],[-6.596513,53.387286],[-6.596235,53.386752],[-6.595918,53.386174],[-6.595774,53.385889],[-6.59573,53.385851],[-6.595682,53.38577],[-6.595587,53.385607],[-6.595518,53.38549],[-6.595462,53.38539],[-6.595181,53.384892],[-6.595028,53.384616],[-6.594915,53.384439],[-6.594666,53.383991],[-6.594609,53.383893],[-6.594445,53.383613],[-6.594386,53.383469],[-6.594162,53.383085],[-6.594131,53.383031],[-6.594189,53.383022],[-6.594345,53.382995],[-6.594538,53.382959],[-6.594673,53.382874],[-6.595044,53.382789],[-6.595241,53.382717],[-6.595827,53.382585],[-6.595842,53.382601],[-6.595925,53.382629],[-6.596004,53.38264],[-6.596176,53.382691],[-6.59645,53.382734],[-6.596665,53.382767],[-6.596739,53.382797],[-6.596847,53.382842],[-6.597035,53.382909],[-6.597307,53.382983],[-6.597432,53.38302],[-6.597556,53.383077],[-6.59766,53.383062],[-6.597811,53.383018],[-6.598074,53.38308],[-6.598301,53.383047],[-6.598494,53.382998],[-6.598586,53.382972],[-6.598653,53.382952],[-6.598738,53.382938],[-6.598839,53.382934],[-6.598917,53.383026],[-6.598862,53.383039],[-6.598881,53.383064],[-6.598935,53.383132],[-6.598944,53.383143],[-6.598975,53.383134],[-6.599054,53.383113],[-6.599126,53.383094],[-6.599194,53.383074],[-6.5997,53.383176],[-6.599805,53.383205],[-6.599971,53.383399],[-6.600134,53.383466],[-6.600221,53.383488],[-6.600459,53.383547],[-6.600576,53.383579],[-6.600777,53.383846],[-6.600827,53.383909],[-6.600844,53.383931],[-6.600893,53.383991],[-6.601188,53.384376],[-6.601222,53.384371],[-6.601421,53.384419],[-6.601557,53.384452],[-6.601682,53.384471],[-6.601773,53.384448],[-6.602086,53.384365],[-6.602232,53.384322],[-6.602374,53.384281],[-6.602446,53.384267],[-6.602482,53.384257],[-6.602611,53.384239],[-6.602757,53.384264],[-6.602789,53.38427],[-6.602898,53.384366],[-6.602907,53.384378],[-6.602921,53.384395],[-6.60294,53.384417],[-6.602962,53.384448],[-6.602988,53.384483],[-6.603027,53.384533],[-6.60322,53.384792],[-6.603251,53.384835],[-6.60339,53.385017],[-6.603426,53.38506],[-6.60354,53.385048],[-6.6036,53.385034],[-6.60367,53.385013],[-6.603777,53.384979]],"type":"LineString"},"properties":{"hex_id":"89182c1a3bbffff","service":"Fitness","dest_id":"1","dest_name":"Maynooth University Gym","walk_min":18.09,"distance_m":1507}},{"type":"Feature","geometry":{"coordinates":[[-6.598579,53.394064],[-6.597507,53.394354],[-6.597314,53.39443],[-6.597494,53.394677],[-6.597633,53.394868],[-6.597821,53.395122],[-6.598442,53.395232],[-6.598981,53.395329],[-6.599019,53.395313],[-6.599259,53.395249],[-6.60022,53.395021],[-6.600291,53.394978],[-6.600304,53.394971],[-6.600269,53.394939],[-6.600194,53.394839],[-6.600173,53.394796],[-6.600135,53.394747],[-6.600134,53.394712],[-6.600147,53.394689],[-6.600179,53.394661],[-6.600233,53.39463],[-6.600309,53.394564],[-6.600319,53.394536],[-6.600321,53.394507],[-6.600294,53.39446],[-6.600221,53.394414],[-6.600155,53.394363],[-6.600125,53.394337],[-6.600028,53.394213],[-6.600004,53.394168],[-6.599976,53.39411],[-6.59998,53.39402],[-6.599995,53.393897],[-6.599976,53.39386],[-6.599924,53.393824],[-6.599773,53.393775],[-6.599526,53.393733],[-6.599395,53.393714],[-6.599171,53.393671],[-6.599119,53.393664],[-6.598938,53.393648],[-6.598965,53.393428],[-6.599644,53.393204],[-6.599601,53.393147],[-6.599549,53.393083],[-6.599587,53.393068],[-6.599601,53.393059],[-6.599607,53.393048],[-6.599612,53.393036],[-6.599617,53.393023],[-6.599594,53.392941],[-6.5994,53.392506],[-6.599344,53.392425],[-6.599167,53.3921],[-6.598825,53.391447],[-6.598797,53.391404],[-6.598582,53.391073],[-6.598364,53.390666],[-6.598215,53.390388],[-6.59792,53.389841],[-6.597633,53.389262],[-6.597544,53.389108],[-6.597416,53.388885],[-6.597346,53.388763],[-6.597235,53.388595],[-6.597134,53.388398],[-6.597079,53.388288],[-6.596926,53.387989],[-6.596915,53.387966],[-6.596513,53.387286],[-6.596235,53.386752],[-6.595918,53.386174],[-6.595774,53.385889],[-6.59573,53.385851],[-6.595682,53.38577],[-6.595587,53.385607],[-6.595518,53.38549],[-6.595462,53.38539],[-6.595181,53.384892],[-6.595028,53.384616],[-6.594915,53.384439],[-6.594666,53.383991],[-6.594609,53.383893],[-6.594445,53.383613],[-6.594386,53.383469],[-6.594162,53.383085],[-6.594131,53.383031],[-6.594189,53.383022],[-6.594345,53.382995],[-6.594538,53.382959],[-6.594673,53.382874],[-6.595044,53.382789],[-6.595241,53.382717],[-6.595827,53.382585],[-6.595842,53.382601],[-6.595925,53.382629],[-6.596004,53.38264],[-6.596176,53.382691],[-6.59645,53.382734],[-6.596665,53.382767],[-6.596739,53.382797],[-6.596847,53.382842],[-6.597035,53.382909],[-6.597307,53.382983],[-6.597432,53.38302],[-6.597556,53.383077],[-6.59766,53.383062],[-6.597811,53.383018],[-6.598074,53.38308],[-6.598301,53.383047],[-6.598494,53.382998],[-6.598586,53.382972],[-6.598653,53.382952],[-6.598738,53.382938],[-6.598839,53.382934],[-6.598917,53.383026],[-6.598862,53.383039],[-6.598881,53.383064],[-6.598935,53.383132],[-6.598944,53.383143],[-6.598975,53.383134],[-6.599054,53.383113],[-6.599126,53.383094],[-6.599194,53.383074],[-6.5997,53.383176],[-6.599805,53.383205],[-6.599971,53.383399],[-6.600134,53.383466],[-6.600221,53.383488],[-6.600459,53.383547],[-6.600576,53.383579],[-6.600777,53.383846],[-6.600827,53.383909],[-6.600844,53.383931],[-6.600893,53.383991],[-6.601188,53.384376],[-6.601222,53.384371],[-6.601421,53.384419],[-6.601557,53.384452],[-6.601682,53.384471],[-6.601773,53.384448],[-6.602086,53.384365],[-6.602232,53.384322],[-6.602374,53.384281],[-6.602446,53.384267],[-6.602482,53.384257],[-6.602611,53.384239],[-6.602757,53.384264],[-6.602789,53.38427],[-6.602898,53.384366],[-6.602907,53.384378],[-6.602921,53.384395],[-6.60294,53.384417],[-6.602962,53.384448],[-6.602988,53.384483],[-6.603027,53.384533],[-6.60322,53.384792],[-6.603251,53.384835],[-6.60339,53.385017],[-6.603426,53.38506],[-6.60354,53.385048],[-6.6036,53.385034],[-6.60367,53.385013],[-6.603777,53.384979]],"type":"LineString"},"properties":{"hex_id":"89182c1a383ffff","service":"Fitness","dest_id":"1","dest_name":"Maynooth University Gym","walk_min":32.12,"distance_m":2676}},{"type":"Feature","geometry":{"coordinates":[[-6.593484,53.394299],[-6.59356,53.394284],[-6.593897,53.394213],[-6.593862,53.394144],[-6.593786,53.394034],[-6.593719,53.393842],[-6.593705,53.393739],[-6.594448,53.393617],[-6.5945,53.393608],[-6.594404,53.393382],[-6.594298,53.393252],[-6.59429,53.393236],[-6.594148,53.392935],[-6.594142,53.392862],[-6.594117,53.392546],[-6.594114,53.392526],[-6.594098,53.392365],[-6.593985,53.392069],[-6.593966,53.392008],[-6.593968,53.391905],[-6.593956,53.391874],[-6.593955,53.3918],[-6.593954,53.391691],[-6.593999,53.391401],[-6.593994,53.39135],[-6.594101,53.390924],[-6.594072,53.390869],[-6.594081,53.390817],[-6.594076,53.390641],[-6.594074,53.390544],[-6.594008,53.390316],[-6.593924,53.390113],[-6.593873,53.389991],[-6.593751,53.389801],[-6.593613,53.389619],[-6.593496,53.389501],[-6.5933,53.389319],[-6.593591,53.389167],[-6.59384,53.38906],[-6.594144,53.388954],[-6.594177,53.388943],[-6.594243,53.388919],[-6.594279,53.388911],[-6.594582,53.388851],[-6.595142,53.388715],[-6.595332,53.388657],[-6.595563,53.388584],[-6.595704,53.388533],[-6.595855,53.388485],[-6.596064,53.388437],[-6.596754,53.388346],[-6.597079,53.388288],[-6.596926,53.387989],[-6.596915,53.387966],[-6.596513,53.387286],[-6.596235,53.386752],[-6.595918,53.386174],[-6.595774,53.385889],[-6.59573,53.385851],[-6.595682,53.38577],[-6.595587,53.385607],[-6.595518,53.38549],[-6.595462,53.38539],[-6.595181,53.384892],[-6.595028,53.384616],[-6.594915,53.384439],[-6.594666,53.383991],[-6.594609,53.383893],[-6.594445,53.383613],[-6.594386,53.383469],[-6.594162,53.383085],[-6.594131,53.383031],[-6.594189,53.383022],[-6.594345,53.382995],[-6.594538,53.382959],[-6.594673,53.382874],[-6.595044,53.382789],[-6.595241,53.382717],[-6.595827,53.382585],[-6.595842,53.382601],[-6.595925,53.382629],[-6.596004,53.38264],[-6.596176,53.382691],[-6.59645,53.382734],[-6.596665,53.382767],[-6.596739,53.382797],[-6.596847,53.382842],[-6.597035,53.382909],[-6.597307,53.382983],[-6.597432,53.38302],[-6.597556,53.383077],[-6.59766,53.383062],[-6.597811,53.383018],[-6.598074,53.38308],[-6.598301,53.383047],[-6.598494,53.382998],[-6.598586,53.382972],[-6.598653,53.382952],[-6.598738,53.382938],[-6.598839,53.382934],[-6.598917,53.383026],[-6.598862,53.383039],[-6.598881,53.383064],[-6.598935,53.383132],[-6.598944,53.383143],[-6.598975,53.383134],[-6.599054,53.383113],[-6.599126,53.383094],[-6.599194,53.383074],[-6.5997,53.383176],[-6.599805,53.383205],[-6.599971,53.383399],[-6.600134,53.383466],[-6.600221,53.383488],[-6.600459,53.383547],[-6.600576,53.383579],[-6.600777,53.383846],[-6.600827,53.383909],[-6.600844,53.383931],[-6.600893,53.383991],[-6.601188,53.384376],[-6.601222,53.384371],[-6.601421,53.384419],[-6.601557,53.384452],[-6.601682,53.384471],[-6.601773,53.384448],[-6.602086,53.384365],[-6.602232,53.384322],[-6.602374,53.384281],[-6.602446,53.384267],[-6.602482,53.384257],[-6.602611,53.384239],[-6.602757,53.384264],[-6.602789,53.38427],[-6.602898,53.384366],[-6.602907,53.384378],[-6.602921,53.384395],[-6.60294,53.384417],[-6.602962,53.384448],[-6.602988,53.384483],[-6.603027,53.384533],[-6.60322,53.384792],[-6.603251,53.384835],[-6.60339,53.385017],[-6.603426,53.38506],[-6.60354,53.385048],[-6.6036,53.385034],[-6.60367,53.385013],[-6.603777,53.384979]],"type":"LineString"},"properties":{"hex_id":"89182c1a397ffff","service":"Fitness","dest_id":"1","dest_name":"Maynooth University Gym","walk_min":28.43,"distance_m":2369}},{"type":"Feature","geometry":{"coordinates":[[-6.57448,53.3681],[-6.576137,53.368564],[-6.577226,53.368866],[-6.577593,53.368968],[-6.577924,53.36906],[-6.578873,53.369323],[-6.579422,53.369476],[-6.579633,53.369537],[-6.579694,53.369554],[-6.579787,53.369581],[-6.579877,53.369605],[-6.579905,53.369613],[-6.580014,53.369642],[-6.580281,53.369713],[-6.580514,53.369783],[-6.580725,53.369846],[-6.580801,53.369876],[-6.58094,53.369931],[-6.581101,53.370009],[-6.581186,53.370056],[-6.581284,53.370112],[-6.58133,53.370139],[-6.581384,53.37017],[-6.581752,53.370418],[-6.581926,53.370553],[-6.582131,53.370708],[-6.582514,53.370994],[-6.58369,53.371912],[-6.583998,53.372152],[-6.584367,53.372455],[-6.584468,53.37253],[-6.584789,53.37277],[-6.585108,53.373033],[-6.585232,53.373135],[-6.586314,53.373963],[-6.58638,53.374014],[-6.586485,53.374095],[-6.586529,53.374128],[-6.58755,53.374913],[-6.587695,53.374993],[-6.58779,53.375029],[-6.587895,53.375055],[-6.587825,53.37517],[-6.587792,53.375237],[-6.58775,53.375318],[-6.587701,53.375495],[-6.587634,53.375618],[-6.58745,53.376106],[-6.587381,53.376391],[-6.587358,53.376609],[-6.587348,53.376878],[-6.587345,53.377193],[-6.587361,53.377298],[-6.587417,53.377646],[-6.587449,53.377806],[-6.587531,53.378021],[-6.587616,53.378218],[-6.587658,53.378319],[-6.587719,53.378437],[-6.588001,53.378907],[-6.588066,53.379],[-6.588023,53.379],[-6.588028,53.37903],[-6.588349,53.37946],[-6.588428,53.379539],[-6.588481,53.379637],[-6.588788,53.379929],[-6.588763,53.379938],[-6.588697,53.3799],[-6.588633,53.379931],[-6.588604,53.379946],[-6.58864,53.379977],[-6.588424,53.380107],[-6.588317,53.38012],[-6.588248,53.380122],[-6.588173,53.380115],[-6.588106,53.380119],[-6.588041,53.380136],[-6.58795,53.380142],[-6.587832,53.380163],[-6.587691,53.380198],[-6.587672,53.380176],[-6.587494,53.379964],[-6.587453,53.379959],[-6.587422,53.379969],[-6.587396,53.379978],[-6.587339,53.379993],[-6.587319,53.379995],[-6.587241,53.379977],[-6.587265,53.380003],[-6.587093,53.380052],[-6.586703,53.379599],[-6.586871,53.379543],[-6.586584,53.379169],[-6.586511,53.379131],[-6.586864,53.379042],[-6.586961,53.379063],[-6.587082,53.379231],[-6.587187,53.379358],[-6.587288,53.379459]],"type":"LineString"},"properties":{"hex_id":"89182c1aeabffff","service":"Fitness","dest_id":"2","dest_name":"Glenroyal Gym","walk_min":25.7,"distance_m":2139}},{"type":"Feature","geometry":{"coordinates":[[-6.609751,53.38553],[-6.609623,53.384981],[-6.609515,53.384877],[-6.609074,53.384796],[-6.608869,53.384704],[-6.608195,53.383569],[-6.60816,53.383425],[-6.60832,53.382832],[-6.60837,53.382526],[-6.608484,53.38213],[-6.608506,53.382041],[-6.608521,53.381954],[-6.608527,53.381924],[-6.608594,53.381733],[-6.608601,53.381665],[-6.608029,53.381644],[-6.607472,53.38161],[-6.60652,53.381542],[-6.60616,53.381529],[-6.605703,53.381523],[-6.605678,53.381523],[-6.605651,53.381524],[-6.60563,53.381524],[-6.605138,53.381538],[-6.604679,53.38157],[-6.604512,53.381587],[-6.603872,53.381653],[-6.603332,53.38172],[-6.602779,53.381783],[-6.602574,53.38181],[-6.601772,53.381892],[-6.601532,53.381916],[-6.601527,53.381951],[-6.601504,53.381984],[-6.601467,53.382011],[-6.601417,53.382031],[-6.60136,53.382041],[-6.601374,53.38208],[-6.601398,53.382181],[-6.60149,53.382373],[-6.601635,53.382435],[-6.601692,53.382453],[-6.60187,53.382459],[-6.602263,53.382429],[-6.602427,53.382437],[-6.602555,53.382463],[-6.602654,53.382504],[-6.602729,53.382552],[-6.602846,53.382693],[-6.602958,53.382821],[-6.603115,53.383027],[-6.603245,53.383179],[-6.603324,53.383276],[-6.603426,53.383398],[-6.603579,53.383611],[-6.603624,53.38367],[-6.603651,53.383706],[-6.603678,53.38374],[-6.603699,53.383767],[-6.603716,53.383783],[-6.603754,53.383794],[-6.60388,53.383784],[-6.603961,53.383794],[-6.604047,53.383878],[-6.604292,53.384208],[-6.604426,53.384425],[-6.604447,53.384462],[-6.604476,53.384512],[-6.604491,53.384538],[-6.604506,53.384563],[-6.60459,53.384683],[-6.604616,53.384723],[-6.604498,53.384759],[-6.604436,53.384778],[-6.604392,53.384791],[-6.604252,53.384834],[-6.604128,53.384869],[-6.604045,53.384894],[-6.603974,53.384918],[-6.603777,53.384979]],"type":"LineString"},"properties":{"hex_id":"89182c1a30bffff","service":"Fitness","dest_id":"1","dest_name":"Maynooth University Gym","walk_min":17.25,"distance_m":1438}},{"type":"Feature","geometry":{"coordinates":[[-6.601629,53.387277],[-6.601003,53.387033],[-6.600894,53.387122],[-6.600859,53.387146],[-6.600777,53.387176],[-6.600573,53.387153],[-6.60043,53.387111],[-6.600165,53.386994],[-6.599954,53.386919],[-6.599085,53.386606],[-6.599123,53.386565],[-6.599147,53.386551],[-6.599243,53.386468],[-6.599257,53.386454],[-6.599346,53.386371],[-6.599385,53.386332],[-6.599564,53.38618],[-6.599791,53.386247],[-6.599802,53.386243],[-6.599814,53.386241],[-6.599827,53.386241],[-6.59984,53.386242],[-6.599936,53.386173],[-6.599952,53.386176],[-6.599969,53.386173],[-6.599979,53.386166],[-6.599983,53.386157],[-6.59998,53.386148],[-6.59997,53.386141],[-6.6002,53.38595],[-6.600217,53.385952],[-6.600233,53.385949],[-6.600244,53.385942],[-6.600247,53.385933],[-6.600243,53.385924],[-6.600233,53.385917],[-6.600294,53.385879],[-6.600321,53.385853],[-6.600428,53.385752],[-6.600459,53.385654],[-6.600683,53.385669],[-6.601159,53.385707],[-6.601289,53.385717],[-6.601359,53.385722],[-6.601508,53.385734],[-6.601892,53.385751],[-6.601943,53.385752],[-6.602024,53.385755],[-6.602093,53.385755],[-6.602221,53.385756],[-6.602375,53.385757],[-6.602521,53.385755],[-6.602706,53.385752],[-6.602721,53.385681],[-6.602517,53.385415],[-6.602656,53.385369],[-6.602763,53.385336],[-6.602983,53.385273],[-6.603223,53.385207],[-6.603452,53.385157],[-6.603451,53.385079],[-6.603426,53.38506],[-6.60354,53.385048],[-6.6036,53.385034],[-6.60367,53.385013],[-6.603777,53.384979]],"type":"LineString"},"properties":{"hex_id":"89182c1a313ffff","service":"Fitness","dest_id":"1","dest_name":"Maynooth University Gym","walk_min":8.09,"distance_m":658}},{"type":"Feature","geometry":{"coordinates":[[-6.578268,53.369155],[-6.578873,53.369323],[-6.579422,53.369476],[-6.579633,53.369537],[-6.579694,53.369554],[-6.579787,53.369581],[-6.579877,53.369605],[-6.579905,53.369613],[-6.580014,53.369642],[-6.580281,53.369713],[-6.580514,53.369783],[-6.580725,53.369846],[-6.580801,53.369876],[-6.58094,53.369931],[-6.581101,53.370009],[-6.581186,53.370056],[-6.581284,53.370112],[-6.58133,53.370139],[-6.581384,53.37017],[-6.581752,53.370418],[-6.581926,53.370553],[-6.582131,53.370708],[-6.582514,53.370994],[-6.58369,53.371912],[-6.583998,53.372152],[-6.584367,53.372455],[-6.584468,53.37253],[-6.584789,53.37277],[-6.585108,53.373033],[-6.585232,53.373135],[-6.586314,53.373963],[-6.58638,53.374014],[-6.586485,53.374095],[-6.586529,53.374128],[-6.58755,53.374913],[-6.587695,53.374993],[-6.58779,53.375029],[-6.587895,53.375055],[-6.587825,53.37517],[-6.587792,53.375237],[-6.58775,53.375318],[-6.587701,53.375495],[-6.587634,53.375618],[-6.58745,53.376106],[-6.587381,53.376391],[-6.587358,53.376609],[-6.587348,53.376878],[-6.587345,53.377193],[-6.587361,53.377298],[-6.587417,53.377646],[-6.587449,53.377806],[-6.587531,53.378021],[-6.587616,53.378218],[-6.587658,53.378319],[-6.587719,53.378437],[-6.588001,53.378907],[-6.588066,53.379],[-6.588023,53.379],[-6.588028,53.37903],[-6.588349,53.37946],[-6.588428,53.379539],[-6.588481,53.379637],[-6.588788,53.379929],[-6.588763,53.379938],[-6.588697,53.3799],[-6.588633,53.379931],[-6.588604,53.379946],[-6.58864,53.379977],[-6.588424,53.380107],[-6.588317,53.38012],[-6.588248,53.380122],[-6.588173,53.380115],[-6.588106,53.380119],[-6.588041,53.380136],[-6.58795,53.380142],[-6.587832,53.380163],[-6.587691,53.380198],[-6.587672,53.380176],[-6.587494,53.379964],[-6.587453,53.379959],[-6.587422,53.379969],[-6.587396,53.379978],[-6.587339,53.379993],[-6.587319,53.379995],[-6.587241,53.379977],[-6.587265,53.380003],[-6.587093,53.380052],[-6.586703,53.379599],[-6.586871,53.379543],[-6.586584,53.379169],[-6.586511,53.379131],[-6.586864,53.379042],[-6.586961,53.379063],[-6.587082,53.379231],[-6.587187,53.379358],[-6.587288,53.379459]],"type":"LineString"},"properties":{"hex_id":"89182c1ae07ffff","service":"Fitness","dest_id":"2","dest_name":"Glenroyal Gym","walk_min":22.37,"distance_m":1861}},{"type":"Feature","geometry":{"coordinates":[[-6.590175,53.365278],[-6.590121,53.365452],[-6.59011,53.365493],[-6.590089,53.365565],[-6.589952,53.36576],[-6.589741,53.365968],[-6.589493,53.365985],[-6.588994,53.365973],[-6.588904,53.365989],[-6.588859,53.366029],[-6.588841,53.366158],[-6.588838,53.366202],[-6.588948,53.366204],[-6.589058,53.366232],[-6.589128,53.366234],[-6.589215,53.366237],[-6.589287,53.366221],[-6.589353,53.366222],[-6.589511,53.36621],[-6.58981,53.366136],[-6.589968,53.366047],[-6.590249,53.365806],[-6.590386,53.365596],[-6.590431,53.365553],[-6.590621,53.365562],[-6.59075,53.365603],[-6.590804,53.365642],[-6.59089,53.365675],[-6.590991,53.365688],[-6.591107,53.365725],[-6.591257,53.36581],[-6.591299,53.365914],[-6.591323,53.366122],[-6.591277,53.366683],[-6.591274,53.366796],[-6.591251,53.367314],[-6.591217,53.367553],[-6.591211,53.367656],[-6.591165,53.368273],[-6.591132,53.368544],[-6.590931,53.369334],[-6.590907,53.369468],[-6.590897,53.369528],[-6.590783,53.369918],[-6.590722,53.370082],[-6.590625,53.370293],[-6.590588,53.370363],[-6.590516,53.370469],[-6.590511,53.370479],[-6.59043,53.370645],[-6.590355,53.370799],[-6.590298,53.370913],[-6.590192,53.37094],[-6.589631,53.371959],[-6.589482,53.372252],[-6.589414,53.37232],[-6.589376,53.372353],[-6.589315,53.372467],[-6.589302,53.372515],[-6.589294,53.372598],[-6.588636,53.373772],[-6.58852,53.373983],[-6.588467,53.374068],[-6.588285,53.374406],[-6.588197,53.374577],[-6.588105,53.374748],[-6.588016,53.374902],[-6.58793,53.374986],[-6.587895,53.375055],[-6.587825,53.37517],[-6.587792,53.375237],[-6.58775,53.375318],[-6.587701,53.375495],[-6.587634,53.375618],[-6.58745,53.376106],[-6.587381,53.376391],[-6.587358,53.376609],[-6.587348,53.376878],[-6.587345,53.377193],[-6.587361,53.377298],[-6.587417,53.377646],[-6.587449,53.377806],[-6.587531,53.378021],[-6.587616,53.378218],[-6.587658,53.378319],[-6.587719,53.378437],[-6.588001,53.378907],[-6.588066,53.379],[-6.588023,53.379],[-6.588028,53.37903],[-6.588349,53.37946],[-6.588428,53.379539],[-6.588481,53.379637],[-6.588788,53.379929],[-6.588763,53.379938],[-6.588697,53.3799],[-6.588633,53.379931],[-6.588604,53.379946],[-6.58864,53.379977],[-6.588424,53.380107],[-6.588317,53.38012],[-6.588248,53.380122],[-6.588173,53.380115],[-6.588106,53.380119],[-6.588041,53.380136],[-6.58795,53.380142],[-6.587832,53.380163],[-6.587691,53.380198],[-6.587672,53.380176],[-6.587494,53.379964],[-6.587453,53.379959],[-6.587422,53.379969],[-6.587396,53.379978],[-6.587339,53.379993],[-6.587319,53.379995],[-6.587241,53.379977],[-6.587265,53.380003],[-6.587093,53.380052],[-6.586703,53.379599],[-6.586871,53.379543],[-6.586584,53.379169],[-6.586511,53.379131],[-6.586864,53.379042],[-6.586961,53.379063],[-6.587082,53.379231],[-6.587187,53.379358],[-6.587288,53.379459]],"type":"LineString"},"properties":{"hex_id":"89182c1ae63ffff","service":"Fitness","dest_id":"2","dest_name":"Glenroyal Gym","walk_min":28.47,"distance_m":2367}},{"type":"Feature","geometry":{"coordinates":[[-6.59745,53.39617],[-6.59745,53.39617],[-6.597405,53.396158],[-6.597367,53.39614],[-6.597337,53.396116],[-6.597319,53.396089],[-6.597313,53.39606],[-6.597319,53.396031],[-6.597339,53.396003],[-6.59737,53.395979],[-6.597412,53.39596],[-6.597459,53.395949],[-6.597518,53.395946],[-6.597644,53.395927],[-6.597919,53.395847],[-6.597934,53.395842],[-6.598042,53.39581],[-6.598287,53.395741],[-6.598546,53.395672],[-6.598779,53.395612],[-6.598951,53.395563],[-6.599181,53.395509],[-6.599193,53.395436],[-6.599214,53.395369],[-6.599259,53.395249],[-6.60022,53.395021],[-6.600291,53.394978],[-6.600304,53.394971],[-6.600269,53.394939],[-6.600194,53.394839],[-6.600173,53.394796],[-6.600135,53.394747],[-6.600134,53.394712],[-6.600147,53.394689],[-6.600179,53.394661],[-6.600233,53.39463],[-6.600309,53.394564],[-6.600319,53.394536],[-6.600321,53.394507],[-6.600294,53.39446],[-6.600221,53.394414],[-6.600155,53.394363],[-6.600125,53.394337],[-6.600028,53.394213],[-6.600004,53.394168],[-6.599976,53.39411],[-6.59998,53.39402],[-6.599995,53.393897],[-6.599976,53.39386],[-6.599924,53.393824],[-6.599773,53.393775],[-6.599526,53.393733],[-6.599395,53.393714],[-6.599171,53.393671],[-6.599119,53.393664],[-6.598938,53.393648],[-6.598965,53.393428],[-6.599644,53.393204],[-6.599601,53.393147],[-6.599549,53.393083],[-6.599587,53.393068],[-6.599601,53.393059],[-6.599607,53.393048],[-6.599612,53.393036],[-6.599617,53.393023],[-6.599594,53.392941],[-6.5994,53.392506],[-6.599344,53.392425],[-6.599167,53.3921],[-6.598825,53.391447],[-6.598797,53.391404],[-6.598582,53.391073],[-6.598364,53.390666],[-6.598215,53.390388],[-6.59792,53.389841],[-6.597633,53.389262],[-6.597544,53.389108],[-6.597416,53.388885],[-6.597346,53.388763],[-6.597235,53.388595],[-6.597134,53.388398],[-6.597079,53.388288],[-6.596926,53.387989],[-6.596915,53.387966],[-6.596513,53.387286],[-6.596235,53.386752],[-6.595918,53.386174],[-6.595774,53.385889],[-6.59573,53.385851],[-6.595682,53.38577],[-6.595587,53.385607],[-6.595518,53.38549],[-6.595462,53.38539],[-6.595181,53.384892],[-6.595028,53.384616],[-6.594915,53.384439],[-6.594666,53.383991],[-6.594609,53.383893],[-6.594445,53.383613],[-6.594386,53.383469],[-6.594162,53.383085],[-6.594131,53.383031],[-6.594189,53.383022],[-6.594345,53.382995],[-6.594538,53.382959],[-6.594673,53.382874],[-6.595044,53.382789],[-6.595241,53.382717],[-6.595827,53.382585],[-6.595842,53.382601],[-6.595925,53.382629],[-6.596004,53.38264],[-6.596176,53.382691],[-6.59645,53.382734],[-6.596665,53.382767],[-6.596739,53.382797],[-6.596847,53.382842],[-6.597035,53.382909],[-6.597307,53.382983],[-6.597432,53.38302],[-6.597556,53.383077],[-6.59766,53.383062],[-6.597811,53.383018],[-6.598074,53.38308],[-6.598301,53.383047],[-6.598494,53.382998],[-6.598586,53.382972],[-6.598653,53.382952],[-6.598738,53.382938],[-6.598839,53.382934],[-6.598917,53.383026],[-6.598862,53.383039],[-6.598881,53.383064],[-6.598935,53.383132],[-6.598944,53.383143],[-6.598975,53.383134],[-6.599054,53.383113],[-6.599126,53.383094],[-6.599194,53.383074],[-6.5997,53.383176],[-6.599805,53.383205],[-6.599971,53.383399],[-6.600134,53.383466],[-6.600221,53.383488],[-6.600459,53.383547],[-6.600576,53.383579],[-6.600777,53.383846],[-6.600827,53.383909],[-6.600844,53.383931],[-6.600893,53.383991],[-6.601188,53.384376],[-6.601222,53.384371],[-6.601421,53.384419],[-6.601557,53.384452],[-6.601682,53.384471],[-6.601773,53.384448],[-6.602086,53.384365],[-6.602232,53.384322],[-6.602374,53.384281],[-6.602446,53.384267],[-6.602482,53.384257],[-6.602611,53.384239],[-6.602757,53.384264],[-6.602789,53.38427],[-6.602898,53.384366],[-6.602907,53.384378],[-6.602921,53.384395],[-6.60294,53.384417],[-6.602962,53.384448],[-6.602988,53.384483],[-6.603027,53.384533],[-6.60322,53.384792],[-6.603251,53.384835],[-6.60339,53.385017],[-6.603426,53.38506],[-6.60354,53.385048],[-6.6036,53.385034],[-6.60367,53.385013],[-6.603777,53.384979]],"type":"LineString"},"properties":{"hex_id":"89182c1a393ffff","service":"Fitness","dest_id":"1","dest_name":"Maynooth University Gym","walk_min":31.02,"distance_m":2585}},{"type":"Feature","geometry":{"coordinates":[[-6.599459,53.383127],[-6.5997,53.383176],[-6.599805,53.383205],[-6.599971,53.383399],[-6.600134,53.383466],[-6.600221,53.383488],[-6.600459,53.383547],[-6.600576,53.383579],[-6.600777,53.383846],[-6.600827,53.383909],[-6.600844,53.383931],[-6.600893,53.383991],[-6.601188,53.384376],[-6.601222,53.384371],[-6.601421,53.384419],[-6.601557,53.384452],[-6.601682,53.384471],[-6.601773,53.384448],[-6.602086,53.384365],[-6.602232,53.384322],[-6.602374,53.384281],[-6.602446,53.384267],[-6.602482,53.384257],[-6.602611,53.384239],[-6.602757,53.384264],[-6.602789,53.38427],[-6.602898,53.384366],[-6.602907,53.384378],[-6.602921,53.384395],[-6.60294,53.384417],[-6.602962,53.384448],[-6.602988,53.384483],[-6.603027,53.384533],[-6.60322,53.384792],[-6.603251,53.384835],[-6.60339,53.385017],[-6.603426,53.38506],[-6.60354,53.385048],[-6.6036,53.385034],[-6.60367,53.385013],[-6.603777,53.384979]],"type":"LineString"},"properties":{"hex_id":"89182c1a333ffff","service":"Fitness","dest_id":"1","dest_name":"Maynooth University Gym","walk_min":5.15,"distance_m":429}},{"type":"Feature","geometry":{"coordinates":[[-6.581677,53.36354],[-6.581897,53.363569],[-6.582143,53.363672],[-6.582133,53.364093],[-6.582097,53.364324],[-6.582078,53.364449],[-6.582528,53.364581],[-6.583056,53.364697],[-6.583418,53.364755],[-6.583737,53.364807],[-6.584107,53.364809],[-6.584657,53.364697],[-6.585012,53.364626],[-6.585365,53.364599],[-6.585787,53.364586],[-6.587501,53.364556],[-6.588145,53.364552],[-6.589129,53.36452],[-6.589334,53.364537],[-6.589491,53.364564],[-6.590147,53.364678],[-6.590623,53.36476],[-6.590924,53.364814],[-6.590968,53.364822],[-6.591256,53.36485],[-6.59134,53.364848],[-6.591423,53.364846],[-6.591427,53.364911],[-6.59142,53.365042],[-6.59138,53.365147],[-6.591223,53.365385],[-6.591262,53.365416],[-6.59129,53.365451],[-6.591304,53.365489],[-6.591303,53.365536],[-6.591282,53.365581],[-6.591241,53.365621],[-6.59126,53.365686],[-6.591259,53.365748],[-6.591257,53.36581],[-6.591299,53.365914],[-6.591323,53.366122],[-6.591277,53.366683],[-6.591274,53.366796],[-6.591251,53.367314],[-6.591217,53.367553],[-6.591211,53.367656],[-6.591165,53.368273],[-6.591132,53.368544],[-6.590931,53.369334],[-6.590907,53.369468],[-6.590897,53.369528],[-6.590783,53.369918],[-6.590722,53.370082],[-6.590625,53.370293],[-6.590588,53.370363],[-6.590516,53.370469],[-6.590511,53.370479],[-6.59043,53.370645],[-6.590355,53.370799],[-6.590298,53.370913],[-6.590192,53.37094],[-6.589631,53.371959],[-6.589482,53.372252],[-6.589414,53.37232],[-6.589376,53.372353],[-6.589315,53.372467],[-6.589302,53.372515],[-6.589294,53.372598],[-6.588636,53.373772],[-6.58852,53.373983],[-6.588467,53.374068],[-6.588285,53.374406],[-6.588197,53.374577],[-6.588105,53.374748],[-6.588016,53.374902],[-6.58793,53.374986],[-6.587895,53.375055],[-6.587825,53.37517],[-6.587792,53.375237],[-6.58775,53.375318],[-6.587701,53.375495],[-6.587634,53.375618],[-6.58745,53.376106],[-6.587381,53.376391],[-6.587358,53.376609],[-6.587348,53.376878],[-6.587345,53.377193],[-6.587361,53.377298],[-6.587417,53.377646],[-6.587449,53.377806],[-6.587531,53.378021],[-6.587616,53.378218],[-6.587658,53.378319],[-6.587719,53.378437],[-6.588001,53.378907],[-6.588066,53.379],[-6.588023,53.379],[-6.588028,53.37903],[-6.588349,53.37946],[-6.588428,53.379539],[-6.588481,53.379637],[-6.588788,53.379929],[-6.588763,53.379938],[-6.588697,53.3799],[-6.588633,53.379931],[-6.588604,53.379946],[-6.58864,53.379977],[-6.588424,53.380107],[-6.588317,53.38012],[-6.588248,53.380122],[-6.588173,53.380115],[-6.588106,53.380119],[-6.588041,53.380136],[-6.58795,53.380142],[-6.587832,53.380163],[-6.587691,53.380198],[-6.587672,53.380176],[-6.587494,53.379964],[-6.587453,53.379959],[-6.587422,53.379969],[-6.587396,53.379978],[-6.587339,53.379993],[-6.587319,53.379995],[-6.587241,53.379977],[-6.587265,53.380003],[-6.587093,53.380052],[-6.586703,53.379599],[-6.586871,53.379543],[-6.586584,53.379169],[-6.586511,53.379131],[-6.586864,53.379042],[-6.586961,53.379063],[-6.587082,53.379231],[-6.587187,53.379358],[-6.587288,53.379459]],"type":"LineString"},"properties":{"hex_id":"89182c1ae2bffff","service":"Fitness","dest_id":"2","dest_name":"Glenroyal Gym","walk_min":34.45,"distance_m":2865}},{"type":"Feature","geometry":{"coordinates":[[-6.604904,53.385955],[-6.604609,53.385975],[-6.604351,53.385971],[-6.604242,53.38596],[-6.604249,53.385916],[-6.604236,53.385887],[-6.604225,53.385877],[-6.603644,53.385179],[-6.60354,53.385048],[-6.6036,53.385034],[-6.60367,53.385013],[-6.603777,53.384979]],"type":"LineString"},"properties":{"hex_id":"89182c1a31bffff","service":"Fitness","dest_id":"1","dest_name":"Maynooth University Gym","walk_min":2.09,"distance_m":174}},{"type":"Feature","geometry":{"coordinates":[[-6.574671,53.385375],[-6.574469,53.385124],[-6.574064,53.384628],[-6.57415,53.384608],[-6.578291,53.383391],[-6.580905,53.382625],[-6.581554,53.382443],[-6.581587,53.382414],[-6.581971,53.382322],[-6.582078,53.382301],[-6.582247,53.382282],[-6.582349,53.382267],[-6.582439,53.382239],[-6.582487,53.382207],[-6.58253,53.382182],[-6.582554,53.382141],[-6.582563,53.382115],[-6.582581,53.382055],[-6.582611,53.382055],[-6.582659,53.382052],[-6.582704,53.382041],[-6.582742,53.382023],[-6.582768,53.382003],[-6.582786,53.381981],[-6.582794,53.381956],[-6.582793,53.381931],[-6.582783,53.381907],[-6.582764,53.381885],[-6.582741,53.381869],[-6.582713,53.381855],[-6.582685,53.381824],[-6.582657,53.381783],[-6.582622,53.381728],[-6.582606,53.381646],[-6.582603,53.381592],[-6.582621,53.381582],[-6.582633,53.38157],[-6.58264,53.381556],[-6.58264,53.381541],[-6.582892,53.38153],[-6.583317,53.381531],[-6.583815,53.381526],[-6.584005,53.381536],[-6.58393,53.381328],[-6.583903,53.381259],[-6.58388,53.381117],[-6.583879,53.380971],[-6.583873,53.380876],[-6.583864,53.380754],[-6.58386,53.380723],[-6.583803,53.380673],[-6.583729,53.380614],[-6.583717,53.380582],[-6.583705,53.380471],[-6.583698,53.380329],[-6.583768,53.38032],[-6.583768,53.380201],[-6.583767,53.380163],[-6.583767,53.380163]],"type":"LineString"},"properties":{"hex_id":"89182c1a177ffff","service":"Fitness","dest_id":"3","dest_name":"Anytime Fitness Gym","walk_min":12.66,"distance_m":1056}},{"type":"Feature","geometry":{"coordinates":[[-6.578126,53.387843],[-6.57832,53.38791],[-6.578168,53.388064],[-6.57811,53.388125],[-6.57808,53.388158],[-6.578014,53.388141],[-6.577967,53.388142],[-6.577825,53.388209],[-6.577766,53.38822],[-6.577708,53.388221],[-6.577587,53.388185],[-6.57749,53.388143],[-6.577439,53.388113],[-6.577362,53.388034],[-6.577285,53.387979],[-6.577173,53.387948],[-6.577036,53.387943],[-6.576947,53.387938],[-6.576802,53.387886],[-6.57671,53.387809],[-6.576164,53.387131],[-6.575399,53.386173],[-6.577023,53.385682],[-6.577468,53.385554],[-6.578466,53.385268],[-6.580431,53.384687],[-6.58099,53.384518],[-6.581785,53.384292],[-6.582691,53.38403],[-6.583201,53.383883],[-6.583674,53.383739],[-6.583518,53.383484],[-6.583493,53.383438],[-6.583306,53.383185],[-6.583148,53.383029],[-6.58297,53.382785],[-6.582731,53.382499],[-6.582623,53.382372],[-6.582565,53.382274],[-6.582487,53.382207],[-6.58253,53.382182],[-6.582554,53.382141],[-6.582563,53.382115],[-6.582581,53.382055],[-6.582611,53.382055],[-6.582659,53.382052],[-6.582704,53.382041],[-6.582742,53.382023],[-6.582768,53.382003],[-6.582786,53.381981],[-6.582794,53.381956],[-6.582793,53.381931],[-6.582783,53.381907],[-6.582764,53.381885],[-6.582741,53.381869],[-6.582713,53.381855],[-6.582685,53.381824],[-6.582657,53.381783],[-6.582622,53.381728],[-6.582606,53.381646],[-6.582603,53.381592],[-6.582621,53.381582],[-6.582633,53.38157],[-6.58264,53.381556],[-6.58264,53.381541],[-6.582892,53.38153],[-6.583317,53.381531],[-6.583815,53.381526],[-6.584005,53.381536],[-6.58393,53.381328],[-6.583903,53.381259],[-6.58388,53.381117],[-6.583879,53.380971],[-6.583873,53.380876],[-6.583864,53.380754],[-6.58386,53.380723],[-6.583803,53.380673],[-6.583729,53.380614],[-6.583717,53.380582],[-6.583705,53.380471],[-6.583698,53.380329],[-6.583768,53.38032],[-6.583768,53.380201],[-6.583767,53.380163],[-6.583767,53.380163]],"type":"LineString"},"properties":{"hex_id":"89182c1a173ffff","service":"Fitness","dest_id":"3","dest_name":"Anytime Fitness Gym","walk_min":18.04,"distance_m":1504}},{"type":"Feature","geometry":{"coordinates":[[-6.615305,53.379816],[-6.616235,53.380023],[-6.618941,53.380634],[-6.620887,53.381081],[-6.621073,53.38112],[-6.621234,53.381151],[-6.62129,53.381162],[-6.621331,53.381171],[-6.621136,53.38125],[-6.620958,53.381368],[-6.620892,53.381516],[-6.620811,53.381789],[-6.620742,53.382068],[-6.620666,53.382371],[-6.620654,53.382401],[-6.620589,53.382609],[-6.619802,53.38238],[-6.618786,53.382099],[-6.618454,53.382004],[-6.618265,53.381954],[-6.618076,53.381904],[-6.617207,53.381705],[-6.616325,53.38156],[-6.615595,53.381469],[-6.614652,53.381396],[-6.613948,53.381376],[-6.613262,53.381375],[-6.613197,53.381379],[-6.613023,53.381387],[-6.611475,53.381511],[-6.610401,53.381616],[-6.609939,53.38164],[-6.608601,53.381665],[-6.608029,53.381644],[-6.607472,53.38161],[-6.60652,53.381542],[-6.60616,53.381529],[-6.605703,53.381523],[-6.605678,53.381523],[-6.605651,53.381524],[-6.60563,53.381524],[-6.605138,53.381538],[-6.604679,53.38157],[-6.604512,53.381587],[-6.603872,53.381653],[-6.603332,53.38172],[-6.602779,53.381783],[-6.602574,53.38181],[-6.601772,53.381892],[-6.601532,53.381916],[-6.601527,53.381951],[-6.601504,53.381984],[-6.601467,53.382011],[-6.601417,53.382031],[-6.60136,53.382041],[-6.601374,53.38208],[-6.601398,53.382181],[-6.60149,53.382373],[-6.601635,53.382435],[-6.601692,53.382453],[-6.60187,53.382459],[-6.602263,53.382429],[-6.602427,53.382437],[-6.602555,53.382463],[-6.602654,53.382504],[-6.602729,53.382552],[-6.602846,53.382693],[-6.602958,53.382821],[-6.603115,53.383027],[-6.603245,53.383179],[-6.603324,53.383276],[-6.603426,53.383398],[-6.603579,53.383611],[-6.603624,53.38367],[-6.603651,53.383706],[-6.603678,53.38374],[-6.603699,53.383767],[-6.603716,53.383783],[-6.603754,53.383794],[-6.60388,53.383784],[-6.603961,53.383794],[-6.604047,53.383878],[-6.604292,53.384208],[-6.604426,53.384425],[-6.604447,53.384462],[-6.604476,53.384512],[-6.604491,53.384538],[-6.604506,53.384563],[-6.60459,53.384683],[-6.604616,53.384723],[-6.604498,53.384759],[-6.604436,53.384778],[-6.604392,53.384791],[-6.604252,53.384834],[-6.604128,53.384869],[-6.604045,53.384894],[-6.603974,53.384918],[-6.603777,53.384979]],"type":"LineString"},"properties":{"hex_id":"89182c1a36fffff","service":"Fitness","dest_id":"1","dest_name":"Maynooth University Gym","walk_min":28.82,"distance_m":2394}},{"type":"Feature","geometry":{"coordinates":[[-6.601987,53.397003],[-6.601903,53.396863],[-6.601472,53.396091],[-6.60145,53.39605],[-6.60127,53.395722],[-6.60092,53.395059],[-6.600571,53.394453],[-6.600025,53.393506],[-6.599935,53.393346],[-6.599818,53.393149],[-6.599788,53.39309],[-6.59965,53.393131],[-6.599601,53.393147],[-6.599549,53.393083],[-6.599587,53.393068],[-6.599601,53.393059],[-6.599607,53.393048],[-6.599612,53.393036],[-6.599617,53.393023],[-6.599594,53.392941],[-6.5994,53.392506],[-6.599344,53.392425],[-6.599167,53.3921],[-6.598825,53.391447],[-6.598797,53.391404],[-6.598582,53.391073],[-6.598364,53.390666],[-6.598215,53.390388],[-6.59792,53.389841],[-6.597633,53.389262],[-6.597544,53.389108],[-6.597416,53.388885],[-6.597346,53.388763],[-6.597235,53.388595],[-6.597134,53.388398],[-6.597079,53.388288],[-6.596926,53.387989],[-6.596915,53.387966],[-6.596513,53.387286],[-6.596235,53.386752],[-6.595918,53.386174],[-6.595774,53.385889],[-6.59573,53.385851],[-6.595682,53.38577],[-6.595587,53.385607],[-6.595518,53.38549],[-6.595462,53.38539],[-6.595181,53.384892],[-6.595028,53.384616],[-6.594915,53.384439],[-6.594666,53.383991],[-6.594609,53.383893],[-6.594445,53.383613],[-6.594386,53.383469],[-6.594162,53.383085],[-6.594131,53.383031],[-6.594189,53.383022],[-6.594345,53.382995],[-6.594538,53.382959],[-6.594673,53.382874],[-6.595044,53.382789],[-6.595241,53.382717],[-6.595827,53.382585],[-6.595842,53.382601],[-6.595925,53.382629],[-6.596004,53.38264],[-6.596176,53.382691],[-6.59645,53.382734],[-6.596665,53.382767],[-6.596739,53.382797],[-6.596847,53.382842],[-6.597035,53.382909],[-6.597307,53.382983],[-6.597432,53.38302],[-6.597556,53.383077],[-6.59766,53.383062],[-6.597811,53.383018],[-6.598074,53.38308],[-6.598301,53.383047],[-6.598494,53.382998],[-6.598586,53.382972],[-6.598653,53.382952],[-6.598738,53.382938],[-6.598839,53.382934],[-6.598917,53.383026],[-6.598862,53.383039],[-6.598881,53.383064],[-6.598935,53.383132],[-6.598944,53.383143],[-6.598975,53.383134],[-6.599054,53.383113],[-6.599126,53.383094],[-6.599194,53.383074],[-6.5997,53.383176],[-6.599805,53.383205],[-6.599971,53.383399],[-6.600134,53.383466],[-6.600221,53.383488],[-6.600459,53.383547],[-6.600576,53.383579],[-6.600777,53.383846],[-6.600827,53.383909],[-6.600844,53.383931],[-6.600893,53.383991],[-6.601188,53.384376],[-6.601222,53.384371],[-6.601421,53.384419],[-6.601557,53.384452],[-6.601682,53.384471],[-6.601773,53.384448],[-6.602086,53.384365],[-6.602232,53.384322],[-6.602374,53.384281],[-6.602446,53.384267],[-6.602482,53.384257],[-6.602611,53.384239],[-6.602757,53.384264],[-6.602789,53.38427],[-6.602898,53.384366],[-6.602907,53.384378],[-6.602921,53.384395],[-6.60294,53.384417],[-6.602962,53.384448],[-6.602988,53.384483],[-6.603027,53.384533],[-6.60322,53.384792],[-6.603251,53.384835],[-6.60339,53.385017],[-6.603426,53.38506],[-6.60354,53.385048],[-6.6036,53.385034],[-6.60367,53.385013],[-6.603777,53.384979]],"type":"LineString"},"properties":{"hex_id":"89182c1a3d7ffff","service":"Fitness","dest_id":"1","dest_name":"Maynooth University Gym","walk_min":30.05,"distance_m":2500}},{"type":"Feature","geometry":{"coordinates":[[-6.604904,53.385955],[-6.604609,53.385975],[-6.604351,53.385971],[-6.604242,53.38596],[-6.604249,53.385916],[-6.604236,53.385887],[-6.604225,53.385877],[-6.603644,53.385179],[-6.60354,53.385048],[-6.6036,53.385034],[-6.60367,53.385013],[-6.603777,53.384979]],"type":"LineString"},"properties":{"hex_id":"89182c1a303ffff","service":"Fitness","dest_id":"1","dest_name":"Maynooth University Gym","walk_min":2.09,"distance_m":174}},{"type":"Feature","geometry":{"coordinates":[[-6.588173,53.368029],[-6.588189,53.36799],[-6.588258,53.367797],[-6.588217,53.367737],[-6.587705,53.367722],[-6.587415,53.367701],[-6.587098,53.367685],[-6.586998,53.367746],[-6.586916,53.367836],[-6.586824,53.367936],[-6.586692,53.368029],[-6.586547,53.368162],[-6.586892,53.368499],[-6.587178,53.368673],[-6.587493,53.368804],[-6.588038,53.368969],[-6.588284,53.369036],[-6.588363,53.369049],[-6.589788,53.369284],[-6.590835,53.369456],[-6.590817,53.369514],[-6.590897,53.369528],[-6.590783,53.369918],[-6.590722,53.370082],[-6.590625,53.370293],[-6.590588,53.370363],[-6.590516,53.370469],[-6.590511,53.370479],[-6.59043,53.370645],[-6.590355,53.370799],[-6.590298,53.370913],[-6.590192,53.37094],[-6.589631,53.371959],[-6.589482,53.372252],[-6.589414,53.37232],[-6.589376,53.372353],[-6.589315,53.372467],[-6.589302,53.372515],[-6.589294,53.372598],[-6.588636,53.373772],[-6.58852,53.373983],[-6.588467,53.374068],[-6.588285,53.374406],[-6.588197,53.374577],[-6.588105,53.374748],[-6.588016,53.374902],[-6.58793,53.374986],[-6.587895,53.375055],[-6.587825,53.37517],[-6.587792,53.375237],[-6.58775,53.375318],[-6.587701,53.375495],[-6.587634,53.375618],[-6.58745,53.376106],[-6.587381,53.376391],[-6.587358,53.376609],[-6.587348,53.376878],[-6.587345,53.377193],[-6.587361,53.377298],[-6.587417,53.377646],[-6.587449,53.377806],[-6.587531,53.378021],[-6.587616,53.378218],[-6.587658,53.378319],[-6.587719,53.378437],[-6.588001,53.378907],[-6.588066,53.379],[-6.588023,53.379],[-6.588028,53.37903],[-6.588349,53.37946],[-6.588428,53.379539],[-6.588481,53.379637],[-6.588788,53.379929],[-6.588763,53.379938],[-6.588697,53.3799],[-6.588633,53.379931],[-6.588604,53.379946],[-6.58864,53.379977],[-6.588424,53.380107],[-6.588317,53.38012],[-6.588248,53.380122],[-6.588173,53.380115],[-6.588106,53.380119],[-6.588041,53.380136],[-6.58795,53.380142],[-6.587832,53.380163],[-6.587691,53.380198],[-6.587672,53.380176],[-6.587494,53.379964],[-6.587453,53.379959],[-6.587422,53.379969],[-6.587396,53.379978],[-6.587339,53.379993],[-6.587319,53.379995],[-6.587241,53.379977],[-6.587265,53.380003],[-6.587093,53.380052],[-6.586703,53.379599],[-6.586871,53.379543],[-6.586584,53.379169],[-6.586511,53.379131],[-6.586864,53.379042],[-6.586961,53.379063],[-6.587082,53.379231],[-6.587187,53.379358],[-6.587288,53.379459]],"type":"LineString"},"properties":{"hex_id":"89182c1ae73ffff","service":"Fitness","dest_id":"2","dest_name":"Glenroyal Gym","walk_min":25.17,"distance_m":2095}},{"type":"Feature","geometry":{"coordinates":[[-6.567742,53.361618],[-6.567318,53.361765],[-6.567027,53.361877],[-6.566947,53.361931],[-6.567134,53.362122],[-6.566726,53.362341],[-6.566516,53.362479],[-6.566326,53.362667],[-6.566111,53.363192],[-6.56613,53.363736],[-6.566097,53.364479],[-6.566075,53.364763],[-6.566048,53.365417],[-6.565996,53.366692],[-6.565991,53.366834],[-6.565997,53.366889],[-6.56604,53.366948],[-6.566102,53.366978],[-6.566183,53.366993],[-6.567038,53.367023],[-6.567547,53.367041],[-6.567762,53.367048],[-6.568705,53.367081],[-6.569815,53.367118],[-6.570872,53.367149],[-6.571138,53.367186],[-6.571245,53.367206],[-6.571755,53.367337],[-6.576137,53.368564],[-6.577226,53.368866],[-6.577593,53.368968],[-6.577924,53.36906],[-6.578873,53.369323],[-6.579422,53.369476],[-6.579633,53.369537],[-6.579694,53.369554],[-6.579787,53.369581],[-6.579877,53.369605],[-6.579905,53.369613],[-6.580014,53.369642],[-6.580281,53.369713],[-6.580514,53.369783],[-6.580725,53.369846],[-6.580801,53.369876],[-6.58094,53.369931],[-6.581101,53.370009],[-6.581186,53.370056],[-6.581284,53.370112],[-6.58133,53.370139],[-6.581384,53.37017],[-6.581752,53.370418],[-6.581926,53.370553],[-6.582131,53.370708],[-6.582514,53.370994],[-6.58369,53.371912],[-6.583998,53.372152],[-6.584367,53.372455],[-6.584468,53.37253],[-6.584789,53.37277],[-6.585108,53.373033],[-6.585232,53.373135],[-6.586314,53.373963],[-6.58638,53.374014],[-6.586485,53.374095],[-6.586529,53.374128],[-6.58755,53.374913],[-6.587695,53.374993],[-6.58779,53.375029],[-6.587895,53.375055],[-6.587825,53.37517],[-6.587792,53.375237],[-6.58775,53.375318],[-6.587701,53.375495],[-6.587634,53.375618],[-6.58745,53.376106],[-6.587381,53.376391],[-6.587358,53.376609],[-6.587348,53.376878],[-6.587345,53.377193],[-6.587361,53.377298],[-6.587417,53.377646],[-6.587449,53.377806],[-6.587531,53.378021],[-6.587616,53.378218],[-6.587658,53.378319],[-6.587719,53.378437],[-6.588001,53.378907],[-6.588066,53.379],[-6.588023,53.379],[-6.588028,53.37903],[-6.588349,53.37946],[-6.588428,53.379539],[-6.588481,53.379637],[-6.588788,53.379929],[-6.588763,53.379938],[-6.588697,53.3799],[-6.588633,53.379931],[-6.588604,53.379946],[-6.58864,53.379977],[-6.588424,53.380107],[-6.588317,53.38012],[-6.588248,53.380122],[-6.588173,53.380115],[-6.588106,53.380119],[-6.588041,53.380136],[-6.58795,53.380142],[-6.587832,53.380163],[-6.587691,53.380198],[-6.587672,53.380176],[-6.587494,53.379964],[-6.587453,53.379959],[-6.587422,53.379969],[-6.587396,53.379978],[-6.587339,53.379993],[-6.587319,53.379995],[-6.587241,53.379977],[-6.587265,53.380003],[-6.587093,53.380052],[-6.586703,53.379599],[-6.586871,53.379543],[-6.586584,53.379169],[-6.586511,53.379131],[-6.586864,53.379042],[-6.586961,53.379063],[-6.587082,53.379231],[-6.587187,53.379358],[-6.587288,53.379459]],"type":"LineString"},"properties":{"hex_id":"89182c1a8cbffff","service":"Fitness","dest_id":"2","dest_name":"Glenroyal Gym","walk_min":40.53,"distance_m":3375}},{"type":"Feature","geometry":{"coordinates":[[-6.567796,53.386378],[-6.567807,53.386391],[-6.567885,53.386647],[-6.567893,53.386841],[-6.567771,53.387167],[-6.567894,53.387242],[-6.568041,53.387304],[-6.568121,53.387336],[-6.568511,53.387386],[-6.568984,53.387388],[-6.569312,53.387389],[-6.569656,53.387392],[-6.569867,53.38738],[-6.570305,53.387339],[-6.570484,53.387318],[-6.570596,53.387308],[-6.571064,53.387238],[-6.571607,53.387146],[-6.572107,53.387043],[-6.572707,53.386914],[-6.573289,53.386758],[-6.573734,53.38663],[-6.574247,53.386485],[-6.574769,53.386335],[-6.575206,53.386232],[-6.575328,53.386194],[-6.575399,53.386173],[-6.577023,53.385682],[-6.577468,53.385554],[-6.578466,53.385268],[-6.580431,53.384687],[-6.58099,53.384518],[-6.581785,53.384292],[-6.582691,53.38403],[-6.583201,53.383883],[-6.583674,53.383739],[-6.583518,53.383484],[-6.583493,53.383438],[-6.583306,53.383185],[-6.583148,53.383029],[-6.58297,53.382785],[-6.582731,53.382499],[-6.582623,53.382372],[-6.582565,53.382274],[-6.582487,53.382207],[-6.58253,53.382182],[-6.582554,53.382141],[-6.582563,53.382115],[-6.582581,53.382055],[-6.582611,53.382055],[-6.582659,53.382052],[-6.582704,53.382041],[-6.582742,53.382023],[-6.582768,53.382003],[-6.582786,53.381981],[-6.582794,53.381956],[-6.582793,53.381931],[-6.582783,53.381907],[-6.582764,53.381885],[-6.582741,53.381869],[-6.582713,53.381855],[-6.582685,53.381824],[-6.582657,53.381783],[-6.582622,53.381728],[-6.582606,53.381646],[-6.582603,53.381592],[-6.582621,53.381582],[-6.582633,53.38157],[-6.58264,53.381556],[-6.58264,53.381541],[-6.582892,53.38153],[-6.583317,53.381531],[-6.583815,53.381526],[-6.584005,53.381536],[-6.58393,53.381328],[-6.583903,53.381259],[-6.58388,53.381117],[-6.583879,53.380971],[-6.583873,53.380876],[-6.583864,53.380754],[-6.58386,53.380723],[-6.583803,53.380673],[-6.583729,53.380614],[-6.583717,53.380582],[-6.583705,53.380471],[-6.583698,53.380329],[-6.583768,53.38032],[-6.583768,53.380201],[-6.583767,53.380163],[-6.583767,53.380163]],"type":"LineString"},"properties":{"hex_id":"89182c1a13bffff","service":"Fitness","dest_id":"3","dest_name":"Anytime Fitness Gym","walk_min":21.26,"distance_m":1772}},{"type":"Feature","geometry":{"coordinates":[[-6.579557,53.384945],[-6.580431,53.384687],[-6.58099,53.384518],[-6.581785,53.384292],[-6.582691,53.38403],[-6.583201,53.383883],[-6.583674,53.383739],[-6.583518,53.383484],[-6.583493,53.383438],[-6.583306,53.383185],[-6.583148,53.383029],[-6.58297,53.382785],[-6.582731,53.382499],[-6.582623,53.382372],[-6.582565,53.382274],[-6.582487,53.382207],[-6.58253,53.382182],[-6.582554,53.382141],[-6.582563,53.382115],[-6.582581,53.382055],[-6.582611,53.382055],[-6.582659,53.382052],[-6.582704,53.382041],[-6.582742,53.382023],[-6.582768,53.382003],[-6.582786,53.381981],[-6.582794,53.381956],[-6.582793,53.381931],[-6.582783,53.381907],[-6.582764,53.381885],[-6.582741,53.381869],[-6.582713,53.381855],[-6.582685,53.381824],[-6.582657,53.381783],[-6.582622,53.381728],[-6.582606,53.381646],[-6.582603,53.381592],[-6.582621,53.381582],[-6.582633,53.38157],[-6.58264,53.381556],[-6.58264,53.381541],[-6.582892,53.38153],[-6.583317,53.381531],[-6.583815,53.381526],[-6.584005,53.381536],[-6.58393,53.381328],[-6.583903,53.381259],[-6.58388,53.381117],[-6.583879,53.380971],[-6.583873,53.380876],[-6.583864,53.380754],[-6.58386,53.380723],[-6.583803,53.380673],[-6.583729,53.380614],[-6.583717,53.380582],[-6.583705,53.380471],[-6.583698,53.380329],[-6.583768,53.38032],[-6.583768,53.380201],[-6.583767,53.380163],[-6.583767,53.380163]],"type":"LineString"},"properties":{"hex_id":"89182c1a163ffff","service":"Fitness","dest_id":"3","dest_name":"Anytime Fitness Gym","walk_min":9.99,"distance_m":834}},{"type":"Feature","geometry":{"coordinates":[[-6.565101,53.367451],[-6.5651,53.367433],[-6.565185,53.367356],[-6.565237,53.367358],[-6.565374,53.367408],[-6.565615,53.367186],[-6.565697,53.367064],[-6.565742,53.367015],[-6.56577,53.366986],[-6.565873,53.366987],[-6.56604,53.366948],[-6.566102,53.366978],[-6.566183,53.366993],[-6.567038,53.367023],[-6.567547,53.367041],[-6.567762,53.367048],[-6.568705,53.367081],[-6.569815,53.367118],[-6.570872,53.367149],[-6.571138,53.367186],[-6.571245,53.367206],[-6.571755,53.367337],[-6.576137,53.368564],[-6.577226,53.368866],[-6.577593,53.368968],[-6.577924,53.36906],[-6.578873,53.369323],[-6.579422,53.369476],[-6.579633,53.369537],[-6.579694,53.369554],[-6.579787,53.369581],[-6.579877,53.369605],[-6.579905,53.369613],[-6.580014,53.369642],[-6.580281,53.369713],[-6.580514,53.369783],[-6.580725,53.369846],[-6.580801,53.369876],[-6.58094,53.369931],[-6.581101,53.370009],[-6.581186,53.370056],[-6.581284,53.370112],[-6.58133,53.370139],[-6.581384,53.37017],[-6.581752,53.370418],[-6.581926,53.370553],[-6.582131,53.370708],[-6.582514,53.370994],[-6.58369,53.371912],[-6.583998,53.372152],[-6.584367,53.372455],[-6.584468,53.37253],[-6.584789,53.37277],[-6.585108,53.373033],[-6.585232,53.373135],[-6.586314,53.373963],[-6.58638,53.374014],[-6.586485,53.374095],[-6.586529,53.374128],[-6.58755,53.374913],[-6.587695,53.374993],[-6.58779,53.375029],[-6.587895,53.375055],[-6.587825,53.37517],[-6.587792,53.375237],[-6.58775,53.375318],[-6.587701,53.375495],[-6.587634,53.375618],[-6.58745,53.376106],[-6.587381,53.376391],[-6.587358,53.376609],[-6.587348,53.376878],[-6.587345,53.377193],[-6.587361,53.377298],[-6.587417,53.377646],[-6.587449,53.377806],[-6.587531,53.378021],[-6.587616,53.378218],[-6.587658,53.378319],[-6.587719,53.378437],[-6.588001,53.378907],[-6.588066,53.379],[-6.588023,53.379],[-6.588028,53.37903],[-6.588349,53.37946],[-6.588428,53.379539],[-6.588481,53.379637],[-6.588788,53.379929],[-6.588763,53.379938],[-6.588697,53.3799],[-6.588633,53.379931],[-6.588604,53.379946],[-6.58864,53.379977],[-6.588424,53.380107],[-6.588317,53.38012],[-6.588248,53.380122],[-6.588173,53.380115],[-6.588106,53.380119],[-6.588041,53.380136],[-6.58795,53.380142],[-6.587832,53.380163],[-6.587691,53.380198],[-6.587672,53.380176],[-6.587494,53.379964],[-6.587453,53.379959],[-6.587422,53.379969],[-6.587396,53.379978],[-6.587339,53.379993],[-6.587319,53.379995],[-6.587241,53.379977],[-6.587265,53.380003],[-6.587093,53.380052],[-6.586703,53.379599],[-6.586871,53.379543],[-6.586584,53.379169],[-6.586511,53.379131],[-6.586864,53.379042],[-6.586961,53.379063],[-6.587082,53.379231],[-6.587187,53.379358],[-6.587288,53.379459]],"type":"LineString"},"properties":{"hex_id":"89182c1aea7ffff","service":"Fitness","dest_id":"2","dest_name":"Glenroyal Gym","walk_min":33.93,"distance_m":2825}},{"type":"Feature","geometry":{"coordinates":[[-6.607474,53.377206],[-6.607737,53.377072],[-6.607797,53.377041],[-6.607661,53.376949],[-6.607541,53.376855],[-6.607427,53.376764],[-6.607195,53.376551],[-6.607099,53.376469],[-6.606784,53.376255],[-6.606709,53.376194],[-6.606633,53.376106],[-6.606597,53.376008],[-6.6066,53.375901],[-6.606664,53.375745],[-6.60667,53.375712],[-6.606672,53.375676],[-6.606637,53.375591],[-6.606542,53.375441],[-6.606282,53.375482],[-6.60615,53.375505],[-6.606037,53.375531],[-6.605949,53.375565],[-6.605493,53.375844],[-6.605308,53.375967],[-6.605005,53.375774],[-6.604723,53.375587],[-6.604423,53.375391],[-6.604284,53.375304],[-6.604299,53.375266],[-6.604307,53.375244],[-6.604299,53.375221],[-6.604279,53.3752],[-6.604248,53.375178],[-6.60416,53.375131],[-6.604031,53.375057],[-6.603986,53.375016],[-6.603913,53.374907],[-6.603903,53.37487],[-6.603595,53.374908],[-6.603286,53.374937],[-6.603093,53.374954],[-6.602882,53.37499],[-6.602841,53.374999],[-6.602646,53.375051],[-6.602426,53.375119],[-6.602275,53.375172],[-6.602107,53.375231],[-6.601975,53.375276],[-6.601795,53.37533],[-6.601501,53.375398],[-6.601255,53.375434],[-6.600891,53.375457],[-6.60059,53.375475],[-6.60042,53.375491],[-6.60025,53.375498],[-6.600186,53.375502],[-6.599997,53.37551],[-6.599851,53.375514],[-6.599775,53.375516],[-6.599617,53.37552],[-6.599303,53.375539],[-6.599247,53.375542],[-6.599085,53.375554],[-6.59899,53.375574],[-6.598749,53.375602],[-6.598599,53.375625],[-6.597823,53.375719],[-6.597725,53.375723],[-6.597651,53.375726],[-6.597606,53.375734],[-6.597555,53.375743],[-6.597474,53.375757],[-6.597108,53.375732],[-6.596905,53.375713],[-6.59672,53.375794],[-6.596696,53.375914],[-6.596676,53.376072],[-6.596661,53.376177],[-6.596653,53.376216],[-6.596558,53.376485],[-6.596542,53.376516],[-6.596466,53.376512],[-6.596416,53.376515],[-6.596412,53.376529],[-6.596336,53.376665],[-6.596327,53.376683],[-6.596322,53.376694],[-6.596258,53.376684],[-6.596197,53.376686],[-6.596181,53.376689],[-6.595975,53.376738],[-6.595924,53.376742],[-6.595562,53.376823],[-6.595236,53.37691],[-6.594723,53.377044],[-6.594401,53.377145],[-6.593794,53.377334],[-6.593519,53.37742],[-6.593349,53.377484],[-6.592292,53.377845],[-6.591948,53.377952],[-6.591764,53.378016],[-6.59158,53.378062],[-6.591479,53.378092],[-6.591403,53.378117],[-6.591302,53.378159],[-6.591236,53.37819],[-6.591159,53.37822],[-6.591048,53.378318],[-6.590948,53.378416],[-6.590905,53.378492],[-6.590868,53.378586],[-6.59087,53.378676],[-6.590888,53.378759],[-6.590948,53.378921],[-6.590978,53.37896],[-6.590999,53.378987],[-6.590925,53.379009],[-6.591174,53.37934],[-6.59123,53.379399],[-6.591294,53.379472],[-6.591065,53.379542],[-6.590482,53.379749],[-6.589636,53.380136],[-6.589519,53.380187],[-6.589412,53.380231],[-6.589385,53.380212],[-6.589363,53.380196],[-6.589345,53.380183],[-6.58928,53.380213],[-6.589253,53.380224],[-6.589271,53.380241],[-6.589278,53.380263],[-6.589269,53.38028],[-6.589256,53.38029],[-6.589235,53.380307],[-6.589198,53.380312],[-6.589167,53.380309],[-6.589131,53.380294],[-6.589104,53.380266],[-6.588999,53.380287],[-6.588962,53.380215],[-6.588931,53.380164],[-6.588909,53.380138],[-6.588866,53.380112],[-6.58883,53.380109],[-6.58878,53.380109],[-6.588749,53.38011],[-6.588699,53.380114],[-6.588578,53.38013],[-6.588502,53.380142],[-6.588229,53.380188],[-6.588106,53.380207],[-6.587955,53.380231],[-6.587859,53.380246],[-6.587717,53.380229],[-6.587691,53.380198],[-6.587672,53.380176],[-6.587494,53.379964],[-6.587453,53.379959],[-6.587422,53.379969],[-6.587396,53.379978],[-6.587339,53.379993],[-6.587319,53.379995],[-6.587241,53.379977],[-6.587265,53.380003],[-6.587093,53.380052],[-6.586703,53.379599],[-6.586871,53.379543],[-6.586584,53.379169],[-6.586511,53.379131],[-6.586864,53.379042],[-6.586961,53.379063],[-6.587082,53.379231],[-6.587187,53.379358],[-6.587288,53.379459]],"type":"LineString"},"properties":{"hex_id":"89182c18593ffff","service":"Fitness","dest_id":"2","dest_name":"Glenroyal Gym","walk_min":26.52,"distance_m":2210}},{"type":"Feature","geometry":{"coordinates":[[-6.599085,53.375554],[-6.59899,53.375574],[-6.598749,53.375602],[-6.598599,53.375625],[-6.597823,53.375719],[-6.597725,53.375723],[-6.597651,53.375726],[-6.597606,53.375734],[-6.597555,53.375743],[-6.597474,53.375757],[-6.597108,53.375732],[-6.596905,53.375713],[-6.59672,53.375794],[-6.596696,53.375914],[-6.596676,53.376072],[-6.596661,53.376177],[-6.596653,53.376216],[-6.596558,53.376485],[-6.596542,53.376516],[-6.596466,53.376512],[-6.596416,53.376515],[-6.596412,53.376529],[-6.596336,53.376665],[-6.596327,53.376683],[-6.596322,53.376694],[-6.596258,53.376684],[-6.596197,53.376686],[-6.596181,53.376689],[-6.595975,53.376738],[-6.595924,53.376742],[-6.595562,53.376823],[-6.595236,53.37691],[-6.594723,53.377044],[-6.594401,53.377145],[-6.593794,53.377334],[-6.593519,53.37742],[-6.593349,53.377484],[-6.592292,53.377845],[-6.591948,53.377952],[-6.591764,53.378016],[-6.59158,53.378062],[-6.591479,53.378092],[-6.591403,53.378117],[-6.591302,53.378159],[-6.591236,53.37819],[-6.591159,53.37822],[-6.591048,53.378318],[-6.590948,53.378416],[-6.590905,53.378492],[-6.590868,53.378586],[-6.59087,53.378676],[-6.590888,53.378759],[-6.590948,53.378921],[-6.590978,53.37896],[-6.590999,53.378987],[-6.590925,53.379009],[-6.591174,53.37934],[-6.59123,53.379399],[-6.591294,53.379472],[-6.591065,53.379542],[-6.590482,53.379749],[-6.589636,53.380136],[-6.589519,53.380187],[-6.589412,53.380231],[-6.589385,53.380212],[-6.589363,53.380196],[-6.589345,53.380183],[-6.58928,53.380213],[-6.589253,53.380224],[-6.589271,53.380241],[-6.589278,53.380263],[-6.589269,53.38028],[-6.589256,53.38029],[-6.589235,53.380307],[-6.589198,53.380312],[-6.589167,53.380309],[-6.589131,53.380294],[-6.589104,53.380266],[-6.588999,53.380287],[-6.588962,53.380215],[-6.588931,53.380164],[-6.588909,53.380138],[-6.588866,53.380112],[-6.58883,53.380109],[-6.58878,53.380109],[-6.588749,53.38011],[-6.588699,53.380114],[-6.588578,53.38013],[-6.588502,53.380142],[-6.588229,53.380188],[-6.588106,53.380207],[-6.587955,53.380231],[-6.587859,53.380246],[-6.587717,53.380229],[-6.587691,53.380198],[-6.587672,53.380176],[-6.587494,53.379964],[-6.587453,53.379959],[-6.587422,53.379969],[-6.587396,53.379978],[-6.587339,53.379993],[-6.587319,53.379995],[-6.587241,53.379977],[-6.587265,53.380003],[-6.587093,53.380052],[-6.586703,53.379599],[-6.586871,53.379543],[-6.586584,53.379169],[-6.586511,53.379131],[-6.586864,53.379042],[-6.586961,53.379063],[-6.587082,53.379231],[-6.587187,53.379358],[-6.587288,53.379459]],"type":"LineString"},"properties":{"hex_id":"89182c1ae5bffff","service":"Fitness","dest_id":"2","dest_name":"Glenroyal Gym","walk_min":16.55,"distance_m":1380}},{"type":"Feature","geometry":{"coordinates":[[-6.581079,53.381996],[-6.581193,53.38201],[-6.581215,53.381943],[-6.582316,53.382058],[-6.582316,53.382021],[-6.582309,53.381972],[-6.582298,53.381929],[-6.582358,53.381918],[-6.582454,53.381891],[-6.582464,53.381882],[-6.582501,53.381796],[-6.582657,53.381783],[-6.582622,53.381728],[-6.582606,53.381646],[-6.582603,53.381592],[-6.582621,53.381582],[-6.582633,53.38157],[-6.58264,53.381556],[-6.58264,53.381541],[-6.582892,53.38153],[-6.583317,53.381531],[-6.583815,53.381526],[-6.584005,53.381536],[-6.58393,53.381328],[-6.583903,53.381259],[-6.58388,53.381117],[-6.583879,53.380971],[-6.583873,53.380876],[-6.583864,53.380754],[-6.58386,53.380723],[-6.583803,53.380673],[-6.583729,53.380614],[-6.583717,53.380582],[-6.583705,53.380471],[-6.583698,53.380329],[-6.583768,53.38032],[-6.583768,53.380201],[-6.583767,53.380163],[-6.583767,53.380163]],"type":"LineString"},"properties":{"hex_id":"89182c1a16fffff","service":"Fitness","dest_id":"3","dest_name":"Anytime Fitness Gym","walk_min":5.0,"distance_m":416}},{"type":"Feature","geometry":{"coordinates":[[-6.585627,53.373596],[-6.585729,53.373673],[-6.586249,53.374074],[-6.58638,53.374014],[-6.586485,53.374095],[-6.586529,53.374128],[-6.58755,53.374913],[-6.587695,53.374993],[-6.58779,53.375029],[-6.587895,53.375055],[-6.587825,53.37517],[-6.587792,53.375237],[-6.58775,53.375318],[-6.587701,53.375495],[-6.587634,53.375618],[-6.58745,53.376106],[-6.587381,53.376391],[-6.587358,53.376609],[-6.587348,53.376878],[-6.587345,53.377193],[-6.587361,53.377298],[-6.587417,53.377646],[-6.587449,53.377806],[-6.587531,53.378021],[-6.587616,53.378218],[-6.587658,53.378319],[-6.587719,53.378437],[-6.588001,53.378907],[-6.588066,53.379],[-6.588023,53.379],[-6.588028,53.37903],[-6.588349,53.37946],[-6.588428,53.379539],[-6.588481,53.379637],[-6.588788,53.379929],[-6.588763,53.379938],[-6.588697,53.3799],[-6.588633,53.379931],[-6.588604,53.379946],[-6.58864,53.379977],[-6.588424,53.380107],[-6.588317,53.38012],[-6.588248,53.380122],[-6.588173,53.380115],[-6.588106,53.380119],[-6.588041,53.380136],[-6.58795,53.380142],[-6.587832,53.380163],[-6.587691,53.380198],[-6.587672,53.380176],[-6.587494,53.379964],[-6.587453,53.379959],[-6.587422,53.379969],[-6.587396,53.379978],[-6.587339,53.379993],[-6.587319,53.379995],[-6.587241,53.379977],[-6.587265,53.380003],[-6.587093,53.380052],[-6.586703,53.379599],[-6.586871,53.379543],[-6.586584,53.379169],[-6.586511,53.379131],[-6.586864,53.379042],[-6.586961,53.379063],[-6.587082,53.379231],[-6.587187,53.379358],[-6.587288,53.379459]],"type":"LineString"},"properties":{"hex_id":"89182c1ae1bffff","service":"Fitness","dest_id":"2","dest_name":"Glenroyal Gym","walk_min":13.92,"distance_m":1160}},{"type":"Feature","geometry":{"coordinates":[[-6.592174,53.378716],[-6.592174,53.378716],[-6.592136,53.378802],[-6.592064,53.378957],[-6.591997,53.379101],[-6.591927,53.379081],[-6.591867,53.379197],[-6.591826,53.379185],[-6.591807,53.379228],[-6.591793,53.379261],[-6.59179,53.379289],[-6.591848,53.379386],[-6.591792,53.3794],[-6.591763,53.379409],[-6.591601,53.379457],[-6.591554,53.379472],[-6.59146,53.379509],[-6.591423,53.379537],[-6.591381,53.379572],[-6.591294,53.379472],[-6.591065,53.379542],[-6.590482,53.379749],[-6.589636,53.380136],[-6.589519,53.380187],[-6.589412,53.380231],[-6.589385,53.380212],[-6.589363,53.380196],[-6.589345,53.380183],[-6.58928,53.380213],[-6.589253,53.380224],[-6.589271,53.380241],[-6.589278,53.380263],[-6.589269,53.38028],[-6.589256,53.38029],[-6.589235,53.380307],[-6.589198,53.380312],[-6.589167,53.380309],[-6.589131,53.380294],[-6.589104,53.380266],[-6.588999,53.380287],[-6.588962,53.380215],[-6.588931,53.380164],[-6.588909,53.380138],[-6.588866,53.380112],[-6.58883,53.380109],[-6.58878,53.380109],[-6.588749,53.38011],[-6.588699,53.380114],[-6.588578,53.38013],[-6.588502,53.380142],[-6.588229,53.380188],[-6.588106,53.380207],[-6.587955,53.380231],[-6.587859,53.380246],[-6.587717,53.380229],[-6.587691,53.380198],[-6.587672,53.380176],[-6.587494,53.379964],[-6.587453,53.379959],[-6.587422,53.379969],[-6.587396,53.379978],[-6.587339,53.379993],[-6.587319,53.379995],[-6.587241,53.379977],[-6.587265,53.380003],[-6.587093,53.380052],[-6.586703,53.379599],[-6.586871,53.379543],[-6.586584,53.379169],[-6.586511,53.379131],[-6.586864,53.379042],[-6.586961,53.379063],[-6.587082,53.379231],[-6.587187,53.379358],[-6.587288,53.379459]],"type":"LineString"},"properties":{"hex_id":"89182c1aecbffff","service":"Fitness","dest_id":"2","dest_name":"Glenroyal Gym","walk_min":8.47,"distance_m":706}},{"type":"Feature","geometry":{"coordinates":[[-6.579453,53.377031],[-6.579458,53.377021],[-6.579536,53.376967],[-6.579605,53.376965],[-6.579689,53.377],[-6.579749,53.377071],[-6.579919,53.377595],[-6.580004,53.377586],[-6.580047,53.377721],[-6.580467,53.377681],[-6.580879,53.377635],[-6.581475,53.37756],[-6.581642,53.377979],[-6.581631,53.37807],[-6.581743,53.378054],[-6.581836,53.378295],[-6.581898,53.378287],[-6.5824,53.378222],[-6.582736,53.37818],[-6.582899,53.378159],[-6.583506,53.378079],[-6.583559,53.378072],[-6.583908,53.378031],[-6.584789,53.377936],[-6.585229,53.377891],[-6.585783,53.377844],[-6.586366,53.377825],[-6.586573,53.377821],[-6.587073,53.377813],[-6.587414,53.377807],[-6.587449,53.377806],[-6.587531,53.378021],[-6.587616,53.378218],[-6.587658,53.378319],[-6.587719,53.378437],[-6.588001,53.378907],[-6.588066,53.379],[-6.588023,53.379],[-6.588028,53.37903],[-6.588349,53.37946],[-6.588428,53.379539],[-6.588481,53.379637],[-6.588788,53.379929],[-6.588763,53.379938],[-6.588697,53.3799],[-6.588633,53.379931],[-6.588604,53.379946],[-6.58864,53.379977],[-6.588424,53.380107],[-6.588317,53.38012],[-6.588248,53.380122],[-6.588173,53.380115],[-6.588106,53.380119],[-6.588041,53.380136],[-6.58795,53.380142],[-6.587832,53.380163],[-6.587691,53.380198],[-6.587672,53.380176],[-6.587494,53.379964],[-6.587453,53.379959],[-6.587422,53.379969],[-6.587396,53.379978],[-6.587339,53.379993],[-6.587319,53.379995],[-6.587241,53.379977],[-6.587265,53.380003],[-6.587093,53.380052],[-6.586703,53.379599],[-6.586871,53.379543],[-6.586584,53.379169],[-6.586511,53.379131],[-6.586864,53.379042],[-6.586961,53.379063],[-6.587082,53.379231],[-6.587187,53.379358],[-6.587288,53.379459]],"type":"LineString"},"properties":{"hex_id":"89182c1ae8bffff","service":"Fitness","dest_id":"2","dest_name":"Glenroyal Gym","walk_min":15.53,"distance_m":1294}},{"type":"Feature","geometry":{"coordinates":[[-6.580681,53.365944],[-6.580744,53.36588],[-6.580809,53.365825],[-6.580997,53.365685],[-6.580869,53.36552],[-6.580737,53.36534],[-6.58064,53.365371],[-6.580634,53.365325],[-6.580672,53.365227],[-6.580729,53.365186],[-6.580801,53.365179],[-6.580799,53.365232],[-6.58247,53.365237],[-6.582469,53.365221],[-6.58266,53.36522],[-6.582657,53.365082],[-6.582803,53.365082],[-6.582801,53.365143],[-6.582929,53.36515],[-6.583009,53.365154],[-6.582985,53.365242],[-6.582946,53.365382],[-6.582918,53.365485],[-6.582895,53.365567],[-6.582863,53.365682],[-6.582975,53.365693],[-6.583552,53.365748],[-6.584128,53.365803],[-6.584226,53.365813],[-6.584161,53.366067],[-6.584159,53.366112],[-6.585525,53.366146],[-6.586916,53.366171],[-6.587917,53.366186],[-6.588838,53.366202],[-6.588948,53.366204],[-6.589058,53.366232],[-6.589128,53.366234],[-6.589215,53.366237],[-6.589287,53.366221],[-6.589353,53.366222],[-6.589511,53.36621],[-6.58981,53.366136],[-6.589968,53.366047],[-6.590249,53.365806],[-6.590386,53.365596],[-6.590431,53.365553],[-6.590621,53.365562],[-6.59075,53.365603],[-6.590804,53.365642],[-6.59089,53.365675],[-6.590991,53.365688],[-6.591107,53.365725],[-6.591257,53.36581],[-6.591299,53.365914],[-6.591323,53.366122],[-6.591277,53.366683],[-6.591274,53.366796],[-6.591251,53.367314],[-6.591217,53.367553],[-6.591211,53.367656],[-6.591165,53.368273],[-6.591132,53.368544],[-6.590931,53.369334],[-6.590907,53.369468],[-6.590897,53.369528],[-6.590783,53.369918],[-6.590722,53.370082],[-6.590625,53.370293],[-6.590588,53.370363],[-6.590516,53.370469],[-6.590511,53.370479],[-6.59043,53.370645],[-6.590355,53.370799],[-6.590298,53.370913],[-6.590192,53.37094],[-6.589631,53.371959],[-6.589482,53.372252],[-6.589414,53.37232],[-6.589376,53.372353],[-6.589315,53.372467],[-6.589302,53.372515],[-6.589294,53.372598],[-6.588636,53.373772],[-6.58852,53.373983],[-6.588467,53.374068],[-6.588285,53.374406],[-6.588197,53.374577],[-6.588105,53.374748],[-6.588016,53.374902],[-6.58793,53.374986],[-6.587895,53.375055],[-6.587825,53.37517],[-6.587792,53.375237],[-6.58775,53.375318],[-6.587701,53.375495],[-6.587634,53.375618],[-6.58745,53.376106],[-6.587381,53.376391],[-6.587358,53.376609],[-6.587348,53.376878],[-6.587345,53.377193],[-6.587361,53.377298],[-6.587417,53.377646],[-6.587449,53.377806],[-6.587531,53.378021],[-6.587616,53.378218],[-6.587658,53.378319],[-6.587719,53.378437],[-6.588001,53.378907],[-6.588066,53.379],[-6.588023,53.379],[-6.588028,53.37903],[-6.588349,53.37946],[-6.588428,53.379539],[-6.588481,53.379637],[-6.588788,53.379929],[-6.588763,53.379938],[-6.588697,53.3799],[-6.588633,53.379931],[-6.588604,53.379946],[-6.58864,53.379977],[-6.588424,53.380107],[-6.588317,53.38012],[-6.588248,53.380122],[-6.588173,53.380115],[-6.588106,53.380119],[-6.588041,53.380136],[-6.58795,53.380142],[-6.587832,53.380163],[-6.587691,53.380198],[-6.587672,53.380176],[-6.587494,53.379964],[-6.587453,53.379959],[-6.587422,53.379969],[-6.587396,53.379978],[-6.587339,53.379993],[-6.587319,53.379995],[-6.587241,53.379977],[-6.587265,53.380003],[-6.587093,53.380052],[-6.586703,53.379599],[-6.586871,53.379543],[-6.586584,53.379169],[-6.586511,53.379131],[-6.586864,53.379042],[-6.586961,53.379063],[-6.587082,53.379231],[-6.587187,53.379358],[-6.587288,53.379459]],"type":"LineString"},"properties":{"hex_id":"89182c1ae3bffff","service":"Fitness","dest_id":"2","dest_name":"Glenroyal Gym","walk_min":35.95,"distance_m":2989}},{"type":"Feature","geometry":{"coordinates":[[-6.576762,53.377115],[-6.576368,53.377575],[-6.575875,53.378401],[-6.57653,53.378546],[-6.577773,53.378827],[-6.578077,53.378805],[-6.578379,53.378767],[-6.578655,53.378728],[-6.579673,53.378595],[-6.580136,53.378524],[-6.580291,53.378502],[-6.580642,53.378454],[-6.581206,53.378376],[-6.581836,53.378295],[-6.581898,53.378287],[-6.5824,53.378222],[-6.582736,53.37818],[-6.582899,53.378159],[-6.583506,53.378079],[-6.583559,53.378072],[-6.583908,53.378031],[-6.584789,53.377936],[-6.585229,53.377891],[-6.585783,53.377844],[-6.586366,53.377825],[-6.586573,53.377821],[-6.587073,53.377813],[-6.587414,53.377807],[-6.587449,53.377806],[-6.587531,53.378021],[-6.587616,53.378218],[-6.587658,53.378319],[-6.587719,53.378437],[-6.588001,53.378907],[-6.588066,53.379],[-6.588023,53.379],[-6.588028,53.37903],[-6.588349,53.37946],[-6.588428,53.379539],[-6.588481,53.379637],[-6.588788,53.379929],[-6.588763,53.379938],[-6.588697,53.3799],[-6.588633,53.379931],[-6.588604,53.379946],[-6.58864,53.379977],[-6.588424,53.380107],[-6.588317,53.38012],[-6.588248,53.380122],[-6.588173,53.380115],[-6.588106,53.380119],[-6.588041,53.380136],[-6.58795,53.380142],[-6.587832,53.380163],[-6.587691,53.380198],[-6.587672,53.380176],[-6.587494,53.379964],[-6.587453,53.379959],[-6.587422,53.379969],[-6.587396,53.379978],[-6.587339,53.379993],[-6.587319,53.379995],[-6.587241,53.379977],[-6.587265,53.380003],[-6.587093,53.380052],[-6.586703,53.379599],[-6.586871,53.379543],[-6.586584,53.379169],[-6.586511,53.379131],[-6.586864,53.379042],[-6.586961,53.379063],[-6.587082,53.379231],[-6.587187,53.379358],[-6.587288,53.379459]],"type":"LineString"},"properties":{"hex_id":"89182c1ae8fffff","service":"Fitness","dest_id":"2","dest_name":"Glenroyal Gym","walk_min":18.73,"distance_m":1561}},{"type":"Feature","geometry":{"coordinates":[[-6.60993,53.379494],[-6.60994,53.379675],[-6.609722,53.380012],[-6.609577,53.380236],[-6.609503,53.380327],[-6.609381,53.380537],[-6.609268,53.38069],[-6.609181,53.380813],[-6.609037,53.381095],[-6.608984,53.381185],[-6.608939,53.381278],[-6.6089,53.38134],[-6.608895,53.381349],[-6.60888,53.381371],[-6.608822,53.381535],[-6.6088,53.381597],[-6.608746,53.381754],[-6.608737,53.381811],[-6.608729,53.381846],[-6.60872,53.381923],[-6.608643,53.382005],[-6.608506,53.382041],[-6.608521,53.381954],[-6.608527,53.381924],[-6.608594,53.381733],[-6.608601,53.381665],[-6.608029,53.381644],[-6.607472,53.38161],[-6.60652,53.381542],[-6.60616,53.381529],[-6.605703,53.381523],[-6.605678,53.381523],[-6.605651,53.381524],[-6.60563,53.381524],[-6.605138,53.381538],[-6.604679,53.38157],[-6.604512,53.381587],[-6.603872,53.381653],[-6.603332,53.38172],[-6.602779,53.381783],[-6.602574,53.38181],[-6.601772,53.381892],[-6.601532,53.381916],[-6.601527,53.381951],[-6.601504,53.381984],[-6.601467,53.382011],[-6.601417,53.382031],[-6.60136,53.382041],[-6.601374,53.38208],[-6.601398,53.382181],[-6.60149,53.382373],[-6.601635,53.382435],[-6.601692,53.382453],[-6.60187,53.382459],[-6.602263,53.382429],[-6.602427,53.382437],[-6.602555,53.382463],[-6.602654,53.382504],[-6.602729,53.382552],[-6.602846,53.382693],[-6.602958,53.382821],[-6.603115,53.383027],[-6.603245,53.383179],[-6.603324,53.383276],[-6.603426,53.383398],[-6.603579,53.383611],[-6.603624,53.38367],[-6.603651,53.383706],[-6.603678,53.38374],[-6.603699,53.383767],[-6.603716,53.383783],[-6.603754,53.383794],[-6.60388,53.383784],[-6.603961,53.383794],[-6.604047,53.383878],[-6.604292,53.384208],[-6.604426,53.384425],[-6.604447,53.384462],[-6.604476,53.384512],[-6.604491,53.384538],[-6.604506,53.384563],[-6.60459,53.384683],[-6.604616,53.384723],[-6.604498,53.384759],[-6.604436,53.384778],[-6.604392,53.384791],[-6.604252,53.384834],[-6.604128,53.384869],[-6.604045,53.384894],[-6.603974,53.384918],[-6.603777,53.384979]],"type":"LineString"},"properties":{"hex_id":"89182c1a367ffff","service":"Fitness","dest_id":"1","dest_name":"Maynooth University Gym","walk_min":15.75,"distance_m":1313}},{"type":"Feature","geometry":{"coordinates":[[-6.605825,53.379615],[-6.605155,53.379644],[-6.604877,53.379661],[-6.604569,53.379671],[-6.604046,53.379729],[-6.602044,53.37998],[-6.601744,53.380029],[-6.601536,53.380075],[-6.601499,53.380081],[-6.601329,53.380127],[-6.601154,53.380173],[-6.600807,53.380293],[-6.600595,53.38035],[-6.599999,53.380508],[-6.599781,53.380565],[-6.59961,53.380628],[-6.599471,53.380665],[-6.599372,53.380692],[-6.599353,53.380698],[-6.599179,53.380743],[-6.599134,53.380753],[-6.599056,53.380773],[-6.598889,53.380817],[-6.598762,53.380856],[-6.598629,53.380893],[-6.598557,53.380888],[-6.598491,53.380873],[-6.598447,53.380856],[-6.598376,53.380826],[-6.598538,53.381018],[-6.598569,53.381053],[-6.598591,53.381082],[-6.598713,53.381237],[-6.598828,53.3814],[-6.599003,53.381526],[-6.599219,53.381795],[-6.59925,53.381834],[-6.599339,53.381945],[-6.599378,53.381994],[-6.599402,53.382023],[-6.599204,53.382035],[-6.599217,53.382098],[-6.599222,53.382137],[-6.599224,53.382175],[-6.599229,53.382208],[-6.599194,53.382253],[-6.599146,53.38234],[-6.599125,53.382437],[-6.599174,53.382542],[-6.599251,53.382604],[-6.599345,53.382609],[-6.599366,53.382639],[-6.599385,53.382666],[-6.599468,53.382781],[-6.599506,53.382822],[-6.599612,53.382962],[-6.599805,53.383205],[-6.599971,53.383399],[-6.600134,53.383466],[-6.600221,53.383488],[-6.600459,53.383547],[-6.600576,53.383579],[-6.600777,53.383846],[-6.600827,53.383909],[-6.600844,53.383931],[-6.600893,53.383991],[-6.601188,53.384376],[-6.601222,53.384371],[-6.601421,53.384419],[-6.601557,53.384452],[-6.601682,53.384471],[-6.601773,53.384448],[-6.602086,53.384365],[-6.602232,53.384322],[-6.602374,53.384281],[-6.602446,53.384267],[-6.602482,53.384257],[-6.602611,53.384239],[-6.602757,53.384264],[-6.602789,53.38427],[-6.602898,53.384366],[-6.602907,53.384378],[-6.602921,53.384395],[-6.60294,53.384417],[-6.602962,53.384448],[-6.602988,53.384483],[-6.603027,53.384533],[-6.60322,53.384792],[-6.603251,53.384835],[-6.60339,53.385017],[-6.603426,53.38506],[-6.60354,53.385048],[-6.6036,53.385034],[-6.60367,53.385013],[-6.603777,53.384979]],"type":"LineString"},"properties":{"hex_id":"89182c1a32bffff","service":"Fitness","dest_id":"1","dest_name":"Maynooth University Gym","walk_min":14.85,"distance_m":1238}},{"type":"Feature","geometry":{"coordinates":[[-6.595927,53.380807],[-6.595893,53.380851],[-6.595979,53.380892],[-6.596076,53.380919],[-6.59629,53.380917],[-6.596407,53.38091],[-6.596459,53.380883],[-6.59647,53.380856],[-6.596472,53.380739],[-6.596466,53.380714],[-6.59647,53.380649],[-6.5967,53.380638],[-6.59695,53.380621],[-6.597096,53.380617],[-6.597549,53.380593],[-6.597596,53.380589],[-6.597713,53.380579],[-6.597812,53.380572],[-6.597942,53.380563],[-6.598131,53.380554],[-6.598198,53.380633],[-6.598305,53.380754],[-6.598376,53.380826],[-6.598538,53.381018],[-6.598569,53.381053],[-6.598591,53.381082],[-6.598713,53.381237],[-6.598828,53.3814],[-6.599003,53.381526],[-6.599219,53.381795],[-6.59925,53.381834],[-6.599339,53.381945],[-6.599378,53.381994],[-6.599402,53.382023],[-6.599204,53.382035],[-6.599217,53.382098],[-6.599222,53.382137],[-6.599224,53.382175],[-6.599229,53.382208],[-6.599194,53.382253],[-6.599146,53.38234],[-6.599125,53.382437],[-6.599174,53.382542],[-6.599251,53.382604],[-6.599345,53.382609],[-6.599366,53.382639],[-6.599385,53.382666],[-6.599468,53.382781],[-6.599506,53.382822],[-6.599612,53.382962],[-6.599805,53.383205],[-6.599971,53.383399],[-6.600134,53.383466],[-6.600221,53.383488],[-6.600459,53.383547],[-6.600576,53.383579],[-6.600777,53.383846],[-6.600827,53.383909],[-6.600844,53.383931],[-6.600893,53.383991],[-6.601188,53.384376],[-6.601222,53.384371],[-6.601421,53.384419],[-6.601557,53.384452],[-6.601682,53.384471],[-6.601773,53.384448],[-6.602086,53.384365],[-6.602232,53.384322],[-6.602374,53.384281],[-6.602446,53.384267],[-6.602482,53.384257],[-6.602611,53.384239],[-6.602757,53.384264],[-6.602789,53.38427],[-6.602898,53.384366],[-6.602907,53.384378],[-6.602921,53.384395],[-6.60294,53.384417],[-6.602962,53.384448],[-6.602988,53.384483],[-6.603027,53.384533],[-6.60322,53.384792],[-6.603251,53.384835],[-6.60339,53.385017],[-6.603426,53.38506],[-6.60354,53.385048],[-6.6036,53.385034],[-6.60367,53.385013],[-6.603777,53.384979]],"type":"LineString"},"properties":{"hex_id":"89182c1a337ffff","service":"Fitness","dest_id":"1","dest_name":"Maynooth University Gym","walk_min":11.19,"distance_m":932}},{"type":"Feature","geometry":{"coordinates":[[-6.587031,53.370763],[-6.587553,53.37099],[-6.587692,53.371039],[-6.587801,53.371031],[-6.587895,53.370981],[-6.58834,53.370629],[-6.588898,53.370868],[-6.58862,53.37139],[-6.588626,53.371439],[-6.58863,53.37147],[-6.588697,53.371535],[-6.58914,53.371735],[-6.589265,53.371966],[-6.589297,53.372021],[-6.589221,53.372212],[-6.588259,53.373849],[-6.588416,53.373945],[-6.58852,53.373983],[-6.588467,53.374068],[-6.588285,53.374406],[-6.588197,53.374577],[-6.588105,53.374748],[-6.588016,53.374902],[-6.58793,53.374986],[-6.587895,53.375055],[-6.587825,53.37517],[-6.587792,53.375237],[-6.58775,53.375318],[-6.587701,53.375495],[-6.587634,53.375618],[-6.58745,53.376106],[-6.587381,53.376391],[-6.587358,53.376609],[-6.587348,53.376878],[-6.587345,53.377193],[-6.587361,53.377298],[-6.587417,53.377646],[-6.587449,53.377806],[-6.587531,53.378021],[-6.587616,53.378218],[-6.587658,53.378319],[-6.587719,53.378437],[-6.588001,53.378907],[-6.588066,53.379],[-6.588023,53.379],[-6.588028,53.37903],[-6.588349,53.37946],[-6.588428,53.379539],[-6.588481,53.379637],[-6.588788,53.379929],[-6.588763,53.379938],[-6.588697,53.3799],[-6.588633,53.379931],[-6.588604,53.379946],[-6.58864,53.379977],[-6.588424,53.380107],[-6.588317,53.38012],[-6.588248,53.380122],[-6.588173,53.380115],[-6.588106,53.380119],[-6.588041,53.380136],[-6.58795,53.380142],[-6.587832,53.380163],[-6.587691,53.380198],[-6.587672,53.380176],[-6.587494,53.379964],[-6.587453,53.379959],[-6.587422,53.379969],[-6.587396,53.379978],[-6.587339,53.379993],[-6.587319,53.379995],[-6.587241,53.379977],[-6.587265,53.380003],[-6.587093,53.380052],[-6.586703,53.379599],[-6.586871,53.379543],[-6.586584,53.379169],[-6.586511,53.379131],[-6.586864,53.379042],[-6.586961,53.379063],[-6.587082,53.379231],[-6.587187,53.379358],[-6.587288,53.379459]],"type":"LineString"},"properties":{"hex_id":"89182c1ae0bffff","service":"Fitness","dest_id":"2","dest_name":"Glenroyal Gym","walk_min":19.25,"distance_m":1604}},{"type":"Feature","geometry":{"coordinates":[[-6.601629,53.387277],[-6.601003,53.387033],[-6.600894,53.387122],[-6.600859,53.387146],[-6.600777,53.387176],[-6.600573,53.387153],[-6.60043,53.387111],[-6.600165,53.386994],[-6.599954,53.386919],[-6.599085,53.386606],[-6.599123,53.386565],[-6.599147,53.386551],[-6.599243,53.386468],[-6.599257,53.386454],[-6.599346,53.386371],[-6.599385,53.386332],[-6.599564,53.38618],[-6.599791,53.386247],[-6.599802,53.386243],[-6.599814,53.386241],[-6.599827,53.386241],[-6.59984,53.386242],[-6.599936,53.386173],[-6.599952,53.386176],[-6.599969,53.386173],[-6.599979,53.386166],[-6.599983,53.386157],[-6.59998,53.386148],[-6.59997,53.386141],[-6.6002,53.38595],[-6.600217,53.385952],[-6.600233,53.385949],[-6.600244,53.385942],[-6.600247,53.385933],[-6.600243,53.385924],[-6.600233,53.385917],[-6.600294,53.385879],[-6.600321,53.385853],[-6.600428,53.385752],[-6.600459,53.385654],[-6.600683,53.385669],[-6.601159,53.385707],[-6.601289,53.385717],[-6.601359,53.385722],[-6.601508,53.385734],[-6.601892,53.385751],[-6.601943,53.385752],[-6.602024,53.385755],[-6.602093,53.385755],[-6.602221,53.385756],[-6.602375,53.385757],[-6.602521,53.385755],[-6.602706,53.385752],[-6.602721,53.385681],[-6.602517,53.385415],[-6.602656,53.385369],[-6.602763,53.385336],[-6.602983,53.385273],[-6.603223,53.385207],[-6.603452,53.385157],[-6.603451,53.385079],[-6.603426,53.38506],[-6.60354,53.385048],[-6.6036,53.385034],[-6.60367,53.385013],[-6.603777,53.384979]],"type":"LineString"},"properties":{"hex_id":"89182c1a3c7ffff","service":"Fitness","dest_id":"1","dest_name":"Maynooth University Gym","walk_min":8.09,"distance_m":658}},{"type":"Feature","geometry":{"coordinates":[[-6.593697,53.375922],[-6.593697,53.375922],[-6.593176,53.3761],[-6.593105,53.376142],[-6.593079,53.376184],[-6.593095,53.376235],[-6.593234,53.376328],[-6.593034,53.376464],[-6.592793,53.37658],[-6.592665,53.376626],[-6.592251,53.376747],[-6.591837,53.376883],[-6.591749,53.376912],[-6.59111,53.377102],[-6.590576,53.377269],[-6.590175,53.377393],[-6.589986,53.377447],[-6.589497,53.377599],[-6.589386,53.377616],[-6.589258,53.377624],[-6.589006,53.377589],[-6.588327,53.37761],[-6.588092,53.377579],[-6.587904,53.377527],[-6.587699,53.377506],[-6.587625,53.377507],[-6.587674,53.377764],[-6.587731,53.37793],[-6.587822,53.378189],[-6.587882,53.378322],[-6.587935,53.378422],[-6.587943,53.378437],[-6.58803,53.378601],[-6.588051,53.378638],[-6.588192,53.378866],[-6.588177,53.378869],[-6.588097,53.378886],[-6.588022,53.378903],[-6.588001,53.378907],[-6.588066,53.379],[-6.588023,53.379],[-6.588028,53.37903],[-6.588349,53.37946],[-6.588428,53.379539],[-6.588481,53.379637],[-6.588788,53.379929],[-6.588763,53.379938],[-6.588697,53.3799],[-6.588633,53.379931],[-6.588604,53.379946],[-6.58864,53.379977],[-6.588424,53.380107],[-6.588317,53.38012],[-6.588248,53.380122],[-6.588173,53.380115],[-6.588106,53.380119],[-6.588041,53.380136],[-6.58795,53.380142],[-6.587832,53.380163],[-6.587691,53.380198],[-6.587672,53.380176],[-6.587494,53.379964],[-6.587453,53.379959],[-6.587422,53.379969],[-6.587396,53.379978],[-6.587339,53.379993],[-6.587319,53.379995],[-6.587241,53.379977],[-6.587265,53.380003],[-6.587093,53.380052],[-6.586703,53.379599],[-6.586871,53.379543],[-6.586584,53.379169],[-6.586511,53.379131],[-6.586864,53.379042],[-6.586961,53.379063],[-6.587082,53.379231],[-6.587187,53.379358],[-6.587288,53.379459]],"type":"LineString"},"properties":{"hex_id":"89182c1ae53ffff","service":"Fitness","dest_id":"2","dest_name":"Glenroyal Gym","walk_min":13.73,"distance_m":1144}},{"type":"Feature","geometry":{"coordinates":[[-6.59122,53.389547],[-6.590885,53.389353],[-6.589787,53.388723],[-6.589709,53.388664],[-6.589619,53.388588],[-6.589532,53.388516],[-6.589195,53.38866],[-6.58825,53.387902],[-6.587855,53.387676],[-6.587889,53.387627],[-6.588049,53.387454],[-6.588141,53.38732],[-6.588161,53.387291],[-6.588189,53.387251],[-6.588123,53.387233],[-6.588056,53.387207],[-6.587591,53.386922],[-6.587506,53.386875],[-6.587553,53.386827],[-6.586805,53.38642],[-6.586789,53.386356],[-6.586714,53.386317],[-6.586784,53.386262],[-6.587161,53.385943],[-6.587483,53.385663],[-6.587974,53.385227],[-6.588003,53.385201],[-6.587833,53.385138],[-6.587704,53.385027],[-6.587202,53.384851],[-6.586781,53.384703],[-6.585915,53.38438],[-6.58526,53.38411],[-6.58513,53.3841],[-6.58501,53.38411],[-6.584886,53.384053],[-6.584756,53.383984],[-6.584621,53.383924],[-6.58453,53.38388],[-6.58435,53.3838],[-6.5843,53.38378],[-6.5843,53.38373],[-6.58428,53.3837],[-6.584245,53.383565],[-6.583674,53.383739],[-6.583518,53.383484],[-6.583493,53.383438],[-6.583306,53.383185],[-6.583148,53.383029],[-6.58297,53.382785],[-6.582731,53.382499],[-6.582623,53.382372],[-6.582565,53.382274],[-6.582487,53.382207],[-6.58253,53.382182],[-6.582554,53.382141],[-6.582563,53.382115],[-6.582581,53.382055],[-6.582611,53.382055],[-6.582659,53.382052],[-6.582704,53.382041],[-6.582742,53.382023],[-6.582768,53.382003],[-6.582786,53.381981],[-6.582794,53.381956],[-6.582793,53.381931],[-6.582783,53.381907],[-6.582764,53.381885],[-6.582741,53.381869],[-6.582713,53.381855],[-6.582685,53.381824],[-6.582657,53.381783],[-6.582622,53.381728],[-6.582606,53.381646],[-6.582603,53.381592],[-6.582621,53.381582],[-6.582633,53.38157],[-6.58264,53.381556],[-6.58264,53.381541],[-6.582892,53.38153],[-6.583317,53.381531],[-6.583815,53.381526],[-6.584005,53.381536],[-6.58393,53.381328],[-6.583903,53.381259],[-6.58388,53.381117],[-6.583879,53.380971],[-6.583873,53.380876],[-6.583864,53.380754],[-6.58386,53.380723],[-6.583803,53.380673],[-6.583729,53.380614],[-6.583717,53.380582],[-6.583705,53.380471],[-6.583698,53.380329],[-6.583768,53.38032],[-6.583768,53.380201],[-6.583767,53.380163],[-6.583767,53.380163]],"type":"LineString"},"properties":{"hex_id":"89182c1a3b3ffff","service":"Fitness","dest_id":"3","dest_name":"Anytime Fitness Gym","walk_min":18.9,"distance_m":1576}},{"type":"Feature","geometry":{"coordinates":[[-6.57229,53.382774],[-6.572318,53.382806],[-6.572374,53.382877],[-6.572432,53.382971],[-6.572562,53.383141],[-6.572624,53.383221],[-6.572659,53.383265],[-6.572743,53.383369],[-6.572847,53.383502],[-6.572931,53.383616],[-6.572989,53.383676],[-6.573082,53.38377],[-6.573149,53.38384],[-6.573276,53.383977],[-6.573367,53.384079],[-6.573421,53.38414],[-6.573505,53.384233],[-6.573585,53.384294],[-6.573654,53.384359],[-6.573816,53.38455],[-6.573971,53.384742],[-6.574086,53.384882],[-6.57417,53.384984],[-6.574263,53.385098],[-6.574356,53.385221],[-6.574431,53.385338],[-6.574496,53.385465],[-6.574509,53.385575],[-6.574509,53.385623],[-6.574477,53.385656],[-6.574444,53.385723],[-6.574362,53.385866],[-6.574461,53.385936],[-6.574606,53.386107],[-6.574769,53.386335],[-6.575206,53.386232],[-6.575328,53.386194],[-6.575399,53.386173],[-6.577023,53.385682],[-6.577468,53.385554],[-6.578466,53.385268],[-6.580431,53.384687],[-6.58099,53.384518],[-6.581785,53.384292],[-6.582691,53.38403],[-6.583201,53.383883],[-6.583674,53.383739],[-6.583518,53.383484],[-6.583493,53.383438],[-6.583306,53.383185],[-6.583148,53.383029],[-6.58297,53.382785],[-6.582731,53.382499],[-6.582623,53.382372],[-6.582565,53.382274],[-6.582487,53.382207],[-6.58253,53.382182],[-6.582554,53.382141],[-6.582563,53.382115],[-6.582581,53.382055],[-6.582611,53.382055],[-6.582659,53.382052],[-6.582704,53.382041],[-6.582742,53.382023],[-6.582768,53.382003],[-6.582786,53.381981],[-6.582794,53.381956],[-6.582793,53.381931],[-6.582783,53.381907],[-6.582764,53.381885],[-6.582741,53.381869],[-6.582713,53.381855],[-6.582685,53.381824],[-6.582657,53.381783],[-6.582622,53.381728],[-6.582606,53.381646],[-6.582603,53.381592],[-6.582621,53.381582],[-6.582633,53.38157],[-6.58264,53.381556],[-6.58264,53.381541],[-6.582892,53.38153],[-6.583317,53.381531],[-6.583815,53.381526],[-6.584005,53.381536],[-6.58393,53.381328],[-6.583903,53.381259],[-6.58388,53.381117],[-6.583879,53.380971],[-6.583873,53.380876],[-6.583864,53.380754],[-6.58386,53.380723],[-6.583803,53.380673],[-6.583729,53.380614],[-6.583717,53.380582],[-6.583705,53.380471],[-6.583698,53.380329],[-6.583768,53.38032],[-6.583768,53.380201],[-6.583767,53.380163],[-6.583767,53.380163]],"type":"LineString"},"properties":{"hex_id":"89182c1a12bffff","service":"Fitness","dest_id":"3","dest_name":"Anytime Fitness Gym","walk_min":19.53,"distance_m":1628}},{"type":"Feature","geometry":{"coordinates":[[-6.588048,53.386921],[-6.588278,53.386879],[-6.588369,53.386852],[-6.588437,53.386819],[-6.588504,53.386767],[-6.588775,53.386609],[-6.588887,53.386569],[-6.589168,53.386528],[-6.589262,53.386511],[-6.589374,53.38646],[-6.58926,53.386239],[-6.589101,53.386039],[-6.588936,53.385964],[-6.588708,53.385988],[-6.588566,53.386079],[-6.588361,53.386229],[-6.58836,53.386258],[-6.588293,53.386352],[-6.587685,53.386672],[-6.587619,53.386761],[-6.587553,53.386827],[-6.586805,53.38642],[-6.586789,53.386356],[-6.586714,53.386317],[-6.586784,53.386262],[-6.587161,53.385943],[-6.587483,53.385663],[-6.587974,53.385227],[-6.588003,53.385201],[-6.587833,53.385138],[-6.587704,53.385027],[-6.587202,53.384851],[-6.586781,53.384703],[-6.585915,53.38438],[-6.58526,53.38411],[-6.58513,53.3841],[-6.58501,53.38411],[-6.584886,53.384053],[-6.584756,53.383984],[-6.584621,53.383924],[-6.58453,53.38388],[-6.58435,53.3838],[-6.5843,53.38378],[-6.5843,53.38373],[-6.58428,53.3837],[-6.584245,53.383565],[-6.583674,53.383739],[-6.583518,53.383484],[-6.583493,53.383438],[-6.583306,53.383185],[-6.583148,53.383029],[-6.58297,53.382785],[-6.582731,53.382499],[-6.582623,53.382372],[-6.582565,53.382274],[-6.582487,53.382207],[-6.58253,53.382182],[-6.582554,53.382141],[-6.582563,53.382115],[-6.582581,53.382055],[-6.582611,53.382055],[-6.582659,53.382052],[-6.582704,53.382041],[-6.582742,53.382023],[-6.582768,53.382003],[-6.582786,53.381981],[-6.582794,53.381956],[-6.582793,53.381931],[-6.582783,53.381907],[-6.582764,53.381885],[-6.582741,53.381869],[-6.582713,53.381855],[-6.582685,53.381824],[-6.582657,53.381783],[-6.582622,53.381728],[-6.582606,53.381646],[-6.582603,53.381592],[-6.582621,53.381582],[-6.582633,53.38157],[-6.58264,53.381556],[-6.58264,53.381541],[-6.582892,53.38153],[-6.583317,53.381531],[-6.583815,53.381526],[-6.584005,53.381536],[-6.58393,53.381328],[-6.583903,53.381259],[-6.58388,53.381117],[-6.583879,53.380971],[-6.583873,53.380876],[-6.583864,53.380754],[-6.58386,53.380723],[-6.583803,53.380673],[-6.583729,53.380614],[-6.583717,53.380582],[-6.583705,53.380471],[-6.583698,53.380329],[-6.583768,53.38032],[-6.583768,53.380201],[-6.583767,53.380163],[-6.583767,53.380163]],"type":"LineString"},"properties":{"hex_id":"89182c1a3b7ffff","service":"Fitness","dest_id":"3","dest_name":"Anytime Fitness Gym","walk_min":17.18,"distance_m":1432}},{"type":"Feature","geometry":{"coordinates":[[-6.582861,53.387571],[-6.583042,53.387624],[-6.582939,53.387761],[-6.582894,53.387832],[-6.582893,53.387901],[-6.582946,53.38801],[-6.582985,53.38807],[-6.583008,53.388108],[-6.583127,53.388274],[-6.583141,53.388294],[-6.58317,53.38833],[-6.58324,53.388309],[-6.583277,53.388316],[-6.583498,53.388239],[-6.583675,53.388169],[-6.583853,53.388085],[-6.584224,53.387895],[-6.584285,53.387936],[-6.584675,53.38773],[-6.584839,53.387632],[-6.585257,53.387317],[-6.585584,53.387106],[-6.585766,53.386988],[-6.585825,53.386946],[-6.5862,53.386686],[-6.58648,53.38649],[-6.586608,53.386401],[-6.586714,53.386317],[-6.586784,53.386262],[-6.587161,53.385943],[-6.587483,53.385663],[-6.587974,53.385227],[-6.588003,53.385201],[-6.587833,53.385138],[-6.587704,53.385027],[-6.587202,53.384851],[-6.586781,53.384703],[-6.585915,53.38438],[-6.58526,53.38411],[-6.58513,53.3841],[-6.58501,53.38411],[-6.584886,53.384053],[-6.584756,53.383984],[-6.584621,53.383924],[-6.58453,53.38388],[-6.58435,53.3838],[-6.5843,53.38378],[-6.5843,53.38373],[-6.58428,53.3837],[-6.584245,53.383565],[-6.583674,53.383739],[-6.583518,53.383484],[-6.583493,53.383438],[-6.583306,53.383185],[-6.583148,53.383029],[-6.58297,53.382785],[-6.582731,53.382499],[-6.582623,53.382372],[-6.582565,53.382274],[-6.582487,53.382207],[-6.58253,53.382182],[-6.582554,53.382141],[-6.582563,53.382115],[-6.582581,53.382055],[-6.582611,53.382055],[-6.582659,53.382052],[-6.582704,53.382041],[-6.582742,53.382023],[-6.582768,53.382003],[-6.582786,53.381981],[-6.582794,53.381956],[-6.582793,53.381931],[-6.582783,53.381907],[-6.582764,53.381885],[-6.582741,53.381869],[-6.582713,53.381855],[-6.582685,53.381824],[-6.582657,53.381783],[-6.582622,53.381728],[-6.582606,53.381646],[-6.582603,53.381592],[-6.582621,53.381582],[-6.582633,53.38157],[-6.58264,53.381556],[-6.58264,53.381541],[-6.582892,53.38153],[-6.583317,53.381531],[-6.583815,53.381526],[-6.584005,53.381536],[-6.58393,53.381328],[-6.583903,53.381259],[-6.58388,53.381117],[-6.583879,53.380971],[-6.583873,53.380876],[-6.583864,53.380754],[-6.58386,53.380723],[-6.583803,53.380673],[-6.583729,53.380614],[-6.583717,53.380582],[-6.583705,53.380471],[-6.583698,53.380329],[-6.583768,53.38032],[-6.583768,53.380201],[-6.583767,53.380163],[-6.583767,53.380163]],"type":"LineString"},"properties":{"hex_id":"89182c1a17bffff","service":"Fitness","dest_id":"3","dest_name":"Anytime Fitness Gym","walk_min":17.74,"distance_m":1476}},{"type":"Feature","geometry":{"coordinates":[[-6.602937,53.385551],[-6.602763,53.385336],[-6.602983,53.385273],[-6.603223,53.385207],[-6.603452,53.385157],[-6.603451,53.385079],[-6.603426,53.38506],[-6.60354,53.385048],[-6.6036,53.385034],[-6.60367,53.385013],[-6.603777,53.384979]],"type":"LineString"},"properties":{"hex_id":"89182c1a307ffff","service":"Fitness","dest_id":"1","dest_name":"Maynooth University Gym","walk_min":1.36,"distance_m":113}},{"type":"Feature","geometry":{"coordinates":[[-6.592994,53.386364],[-6.59309,53.386363],[-6.593188,53.386366],[-6.593524,53.38589],[-6.593558,53.385842],[-6.593655,53.385866],[-6.593711,53.385787],[-6.593855,53.385585],[-6.59389,53.385537],[-6.594133,53.385593],[-6.594177,53.385532],[-6.59436,53.38556],[-6.594566,53.385566],[-6.594703,53.385571],[-6.594855,53.385566],[-6.595208,53.385492],[-6.595394,53.385454],[-6.595427,53.385396],[-6.595462,53.38539],[-6.595181,53.384892],[-6.595028,53.384616],[-6.594915,53.384439],[-6.594666,53.383991],[-6.594609,53.383893],[-6.594445,53.383613],[-6.594386,53.383469],[-6.594162,53.383085],[-6.594131,53.383031],[-6.594189,53.383022],[-6.594345,53.382995],[-6.594538,53.382959],[-6.594673,53.382874],[-6.595044,53.382789],[-6.595241,53.382717],[-6.595827,53.382585],[-6.595842,53.382601],[-6.595925,53.382629],[-6.596004,53.38264],[-6.596176,53.382691],[-6.59645,53.382734],[-6.596665,53.382767],[-6.596739,53.382797],[-6.596847,53.382842],[-6.597035,53.382909],[-6.597307,53.382983],[-6.597432,53.38302],[-6.597556,53.383077],[-6.59766,53.383062],[-6.597811,53.383018],[-6.598074,53.38308],[-6.598301,53.383047],[-6.598494,53.382998],[-6.598586,53.382972],[-6.598653,53.382952],[-6.598738,53.382938],[-6.598839,53.382934],[-6.598917,53.383026],[-6.598862,53.383039],[-6.598881,53.383064],[-6.598935,53.383132],[-6.598944,53.383143],[-6.598975,53.383134],[-6.599054,53.383113],[-6.599126,53.383094],[-6.599194,53.383074],[-6.5997,53.383176],[-6.599805,53.383205],[-6.599971,53.383399],[-6.600134,53.383466],[-6.600221,53.383488],[-6.600459,53.383547],[-6.600576,53.383579],[-6.600777,53.383846],[-6.600827,53.383909],[-6.600844,53.383931],[-6.600893,53.383991],[-6.601188,53.384376],[-6.601222,53.384371],[-6.601421,53.384419],[-6.601557,53.384452],[-6.601682,53.384471],[-6.601773,53.384448],[-6.602086,53.384365],[-6.602232,53.384322],[-6.602374,53.384281],[-6.602446,53.384267],[-6.602482,53.384257],[-6.602611,53.384239],[-6.602757,53.384264],[-6.602789,53.38427],[-6.602898,53.384366],[-6.602907,53.384378],[-6.602921,53.384395],[-6.60294,53.384417],[-6.602962,53.384448],[-6.602988,53.384483],[-6.603027,53.384533],[-6.60322,53.384792],[-6.603251,53.384835],[-6.60339,53.385017],[-6.603426,53.38506],[-6.60354,53.385048],[-6.6036,53.385034],[-6.60367,53.385013],[-6.603777,53.384979]],"type":"LineString"},"properties":{"hex_id":"89182c1a3a3ffff","service":"Fitness","dest_id":"1","dest_name":"Maynooth University Gym","walk_min":16.29,"distance_m":1357}},{"type":"Feature","geometry":{"coordinates":[[-6.584848,53.365748],[-6.584888,53.365752],[-6.58552,53.365813],[-6.585601,53.36582],[-6.585528,53.366083],[-6.585525,53.366146],[-6.586916,53.366171],[-6.587917,53.366186],[-6.588838,53.366202],[-6.588948,53.366204],[-6.589058,53.366232],[-6.589128,53.366234],[-6.589215,53.366237],[-6.589287,53.366221],[-6.589353,53.366222],[-6.589511,53.36621],[-6.58981,53.366136],[-6.589968,53.366047],[-6.590249,53.365806],[-6.590386,53.365596],[-6.590431,53.365553],[-6.590621,53.365562],[-6.59075,53.365603],[-6.590804,53.365642],[-6.59089,53.365675],[-6.590991,53.365688],[-6.591107,53.365725],[-6.591257,53.36581],[-6.591299,53.365914],[-6.591323,53.366122],[-6.591277,53.366683],[-6.591274,53.366796],[-6.591251,53.367314],[-6.591217,53.367553],[-6.591211,53.367656],[-6.591165,53.368273],[-6.591132,53.368544],[-6.590931,53.369334],[-6.590907,53.369468],[-6.590897,53.369528],[-6.590783,53.369918],[-6.590722,53.370082],[-6.590625,53.370293],[-6.590588,53.370363],[-6.590516,53.370469],[-6.590511,53.370479],[-6.59043,53.370645],[-6.590355,53.370799],[-6.590298,53.370913],[-6.590192,53.37094],[-6.589631,53.371959],[-6.589482,53.372252],[-6.589414,53.37232],[-6.589376,53.372353],[-6.589315,53.372467],[-6.589302,53.372515],[-6.589294,53.372598],[-6.588636,53.373772],[-6.58852,53.373983],[-6.588467,53.374068],[-6.588285,53.374406],[-6.588197,53.374577],[-6.588105,53.374748],[-6.588016,53.374902],[-6.58793,53.374986],[-6.587895,53.375055],[-6.587825,53.37517],[-6.587792,53.375237],[-6.58775,53.375318],[-6.587701,53.375495],[-6.587634,53.375618],[-6.58745,53.376106],[-6.587381,53.376391],[-6.587358,53.376609],[-6.587348,53.376878],[-6.587345,53.377193],[-6.587361,53.377298],[-6.587417,53.377646],[-6.587449,53.377806],[-6.587531,53.378021],[-6.587616,53.378218],[-6.587658,53.378319],[-6.587719,53.378437],[-6.588001,53.378907],[-6.588066,53.379],[-6.588023,53.379],[-6.588028,53.37903],[-6.588349,53.37946],[-6.588428,53.379539],[-6.588481,53.379637],[-6.588788,53.379929],[-6.588763,53.379938],[-6.588697,53.3799],[-6.588633,53.379931],[-6.588604,53.379946],[-6.58864,53.379977],[-6.588424,53.380107],[-6.588317,53.38012],[-6.588248,53.380122],[-6.588173,53.380115],[-6.588106,53.380119],[-6.588041,53.380136],[-6.58795,53.380142],[-6.587832,53.380163],[-6.587691,53.380198],[-6.587672,53.380176],[-6.587494,53.379964],[-6.587453,53.379959],[-6.587422,53.379969],[-6.587396,53.379978],[-6.587339,53.379993],[-6.587319,53.379995],[-6.587241,53.379977],[-6.587265,53.380003],[-6.587093,53.380052],[-6.586703,53.379599],[-6.586871,53.379543],[-6.586584,53.379169],[-6.586511,53.379131],[-6.586864,53.379042],[-6.586961,53.379063],[-6.587082,53.379231],[-6.587187,53.379358],[-6.587288,53.379459]],"type":"LineString"},"properties":{"hex_id":"89182c1ae77ffff","service":"Fitness","dest_id":"2","dest_name":"Glenroyal Gym","walk_min":30.2,"distance_m":2511}},{"type":"Feature","geometry":{"coordinates":[[-6.590601,53.373271],[-6.590609,53.373247],[-6.590647,53.373046],[-6.590705,53.372829],[-6.590546,53.372824],[-6.590087,53.372793],[-6.589889,53.372768],[-6.589698,53.372745],[-6.589466,53.372702],[-6.589159,53.373256],[-6.589052,53.373448],[-6.588958,53.373618],[-6.58893,53.373666],[-6.588808,53.373894],[-6.58879,53.373927],[-6.588595,53.374296],[-6.58855,53.374369],[-6.588231,53.374943],[-6.588042,53.375288],[-6.587883,53.375588],[-6.587822,53.375731],[-6.587736,53.375988],[-6.587669,53.376173],[-6.587624,53.376341],[-6.587576,53.376668],[-6.587566,53.376876],[-6.587582,53.377111],[-6.587589,53.377297],[-6.587625,53.377507],[-6.587674,53.377764],[-6.587731,53.37793],[-6.587822,53.378189],[-6.587882,53.378322],[-6.587935,53.378422],[-6.587943,53.378437],[-6.58803,53.378601],[-6.588051,53.378638],[-6.588192,53.378866],[-6.588177,53.378869],[-6.588097,53.378886],[-6.588022,53.378903],[-6.588001,53.378907],[-6.588066,53.379],[-6.588023,53.379],[-6.588028,53.37903],[-6.588349,53.37946],[-6.588428,53.379539],[-6.588481,53.379637],[-6.588788,53.379929],[-6.588763,53.379938],[-6.588697,53.3799],[-6.588633,53.379931],[-6.588604,53.379946],[-6.58864,53.379977],[-6.588424,53.380107],[-6.588317,53.38012],[-6.588248,53.380122],[-6.588173,53.380115],[-6.588106,53.380119],[-6.588041,53.380136],[-6.58795,53.380142],[-6.587832,53.380163],[-6.587691,53.380198],[-6.587672,53.380176],[-6.587494,53.379964],[-6.587453,53.379959],[-6.587422,53.379969],[-6.587396,53.379978],[-6.587339,53.379993],[-6.587319,53.379995],[-6.587241,53.379977],[-6.587265,53.380003],[-6.587093,53.380052],[-6.586703,53.379599],[-6.586871,53.379543],[-6.586584,53.379169],[-6.586511,53.379131],[-6.586864,53.379042],[-6.586961,53.379063],[-6.587082,53.379231],[-6.587187,53.379358],[-6.587288,53.379459]],"type":"LineString"},"properties":{"hex_id":"89182c1ae57ffff","service":"Fitness","dest_id":"2","dest_name":"Glenroyal Gym","walk_min":16.14,"distance_m":1345}},{"type":"Feature","geometry":{"coordinates":[[-6.588834,53.395704],[-6.588703,53.395718],[-6.588437,53.395717],[-6.584715,53.395353],[-6.583417,53.395224],[-6.582527,53.395136],[-6.582058,53.395096],[-6.581799,53.395063],[-6.581653,53.395022],[-6.581547,53.39498],[-6.581454,53.394937],[-6.581192,53.394785],[-6.580931,53.394685],[-6.58,53.394369],[-6.578823,53.393964],[-6.577176,53.393389],[-6.575613,53.392868],[-6.575542,53.392845],[-6.575588,53.392782],[-6.575631,53.392686],[-6.575735,53.392355],[-6.575842,53.392043],[-6.575934,53.39177],[-6.576041,53.391471],[-6.576258,53.390831],[-6.57631,53.390667],[-6.576491,53.390095],[-6.576745,53.389099],[-6.576806,53.388824],[-6.576902,53.388457],[-6.576947,53.388357],[-6.576943,53.388217],[-6.576903,53.388187],[-6.57688,53.388151],[-6.576736,53.387926],[-6.576561,53.387732],[-6.576095,53.387152],[-6.576085,53.38714],[-6.575453,53.386349],[-6.575328,53.386194],[-6.575399,53.386173],[-6.577023,53.385682],[-6.577468,53.385554],[-6.578466,53.385268],[-6.580431,53.384687],[-6.58099,53.384518],[-6.581785,53.384292],[-6.582691,53.38403],[-6.583201,53.383883],[-6.583674,53.383739],[-6.583518,53.383484],[-6.583493,53.383438],[-6.583306,53.383185],[-6.583148,53.383029],[-6.58297,53.382785],[-6.582731,53.382499],[-6.582623,53.382372],[-6.582565,53.382274],[-6.582487,53.382207],[-6.58253,53.382182],[-6.582554,53.382141],[-6.582563,53.382115],[-6.582581,53.382055],[-6.582611,53.382055],[-6.582659,53.382052],[-6.582704,53.382041],[-6.582742,53.382023],[-6.582768,53.382003],[-6.582786,53.381981],[-6.582794,53.381956],[-6.582793,53.381931],[-6.582783,53.381907],[-6.582764,53.381885],[-6.582741,53.381869],[-6.582713,53.381855],[-6.582685,53.381824],[-6.582657,53.381783],[-6.582622,53.381728],[-6.582606,53.381646],[-6.582603,53.381592],[-6.582621,53.381582],[-6.582633,53.38157],[-6.58264,53.381556],[-6.58264,53.381541],[-6.582892,53.38153],[-6.583317,53.381531],[-6.583815,53.381526],[-6.584005,53.381536],[-6.58393,53.381328],[-6.583903,53.381259],[-6.58388,53.381117],[-6.583879,53.380971],[-6.583873,53.380876],[-6.583864,53.380754],[-6.58386,53.380723],[-6.583803,53.380673],[-6.583729,53.380614],[-6.583717,53.380582],[-6.583705,53.380471],[-6.583698,53.380329],[-6.583768,53.38032],[-6.583768,53.380201],[-6.583767,53.380163],[-6.583767,53.380163]],"type":"LineString"},"properties":{"hex_id":"89182c1a15bffff","service":"Fitness","dest_id":"3","dest_name":"Anytime Fitness Gym","walk_min":34.56,"distance_m":2881}},{"type":"Feature","geometry":{"coordinates":[[-6.60167,53.396446],[-6.601472,53.396091],[-6.60145,53.39605],[-6.60127,53.395722],[-6.60092,53.395059],[-6.600571,53.394453],[-6.600025,53.393506],[-6.599935,53.393346],[-6.599818,53.393149],[-6.599788,53.39309],[-6.59965,53.393131],[-6.599601,53.393147],[-6.599549,53.393083],[-6.599587,53.393068],[-6.599601,53.393059],[-6.599607,53.393048],[-6.599612,53.393036],[-6.599617,53.393023],[-6.599594,53.392941],[-6.5994,53.392506],[-6.599344,53.392425],[-6.599167,53.3921],[-6.598825,53.391447],[-6.598797,53.391404],[-6.598582,53.391073],[-6.598364,53.390666],[-6.598215,53.390388],[-6.59792,53.389841],[-6.597633,53.389262],[-6.597544,53.389108],[-6.597416,53.388885],[-6.597346,53.388763],[-6.597235,53.388595],[-6.597134,53.388398],[-6.597079,53.388288],[-6.596926,53.387989],[-6.596915,53.387966],[-6.596513,53.387286],[-6.596235,53.386752],[-6.595918,53.386174],[-6.595774,53.385889],[-6.59573,53.385851],[-6.595682,53.38577],[-6.595587,53.385607],[-6.595518,53.38549],[-6.595462,53.38539],[-6.595181,53.384892],[-6.595028,53.384616],[-6.594915,53.384439],[-6.594666,53.383991],[-6.594609,53.383893],[-6.594445,53.383613],[-6.594386,53.383469],[-6.594162,53.383085],[-6.594131,53.383031],[-6.594189,53.383022],[-6.594345,53.382995],[-6.594538,53.382959],[-6.594673,53.382874],[-6.595044,53.382789],[-6.595241,53.382717],[-6.595827,53.382585],[-6.595842,53.382601],[-6.595925,53.382629],[-6.596004,53.38264],[-6.596176,53.382691],[-6.59645,53.382734],[-6.596665,53.382767],[-6.596739,53.382797],[-6.596847,53.382842],[-6.597035,53.382909],[-6.597307,53.382983],[-6.597432,53.38302],[-6.597556,53.383077],[-6.59766,53.383062],[-6.597811,53.383018],[-6.598074,53.38308],[-6.598301,53.383047],[-6.598494,53.382998],[-6.598586,53.382972],[-6.598653,53.382952],[-6.598738,53.382938],[-6.598839,53.382934],[-6.598917,53.383026],[-6.598862,53.383039],[-6.598881,53.383064],[-6.598935,53.383132],[-6.598944,53.383143],[-6.598975,53.383134],[-6.599054,53.383113],[-6.599126,53.383094],[-6.599194,53.383074],[-6.5997,53.383176],[-6.599805,53.383205],[-6.599971,53.383399],[-6.600134,53.383466],[-6.600221,53.383488],[-6.600459,53.383547],[-6.600576,53.383579],[-6.600777,53.383846],[-6.600827,53.383909],[-6.600844,53.383931],[-6.600893,53.383991],[-6.601188,53.384376],[-6.601222,53.384371],[-6.601421,53.384419],[-6.601557,53.384452],[-6.601682,53.384471],[-6.601773,53.384448],[-6.602086,53.384365],[-6.602232,53.384322],[-6.602374,53.384281],[-6.602446,53.384267],[-6.602482,53.384257],[-6.602611,53.384239],[-6.602757,53.384264],[-6.602789,53.38427],[-6.602898,53.384366],[-6.602907,53.384378],[-6.602921,53.384395],[-6.60294,53.384417],[-6.602962,53.384448],[-6.602988,53.384483],[-6.603027,53.384533],[-6.60322,53.384792],[-6.603251,53.384835],[-6.60339,53.385017],[-6.603426,53.38506],[-6.60354,53.385048],[-6.6036,53.385034],[-6.60367,53.385013],[-6.603777,53.384979]],"type":"LineString"},"properties":{"hex_id":"89182c1a39bffff","service":"Fitness","dest_id":"1","dest_name":"Maynooth University Gym","walk_min":29.26,"distance_m":2435}},{"type":"Feature","geometry":{"coordinates":[[-6.58256,53.37103],[-6.58369,53.371912],[-6.583998,53.372152],[-6.584367,53.372455],[-6.584468,53.37253],[-6.584789,53.37277],[-6.585108,53.373033],[-6.585232,53.373135],[-6.586314,53.373963],[-6.58638,53.374014],[-6.586485,53.374095],[-6.586529,53.374128],[-6.58755,53.374913],[-6.587695,53.374993],[-6.58779,53.375029],[-6.587895,53.375055],[-6.587825,53.37517],[-6.587792,53.375237],[-6.58775,53.375318],[-6.587701,53.375495],[-6.587634,53.375618],[-6.58745,53.376106],[-6.587381,53.376391],[-6.587358,53.376609],[-6.587348,53.376878],[-6.587345,53.377193],[-6.587361,53.377298],[-6.587417,53.377646],[-6.587449,53.377806],[-6.587531,53.378021],[-6.587616,53.378218],[-6.587658,53.378319],[-6.587719,53.378437],[-6.588001,53.378907],[-6.588066,53.379],[-6.588023,53.379],[-6.588028,53.37903],[-6.588349,53.37946],[-6.588428,53.379539],[-6.588481,53.379637],[-6.588788,53.379929],[-6.588763,53.379938],[-6.588697,53.3799],[-6.588633,53.379931],[-6.588604,53.379946],[-6.58864,53.379977],[-6.588424,53.380107],[-6.588317,53.38012],[-6.588248,53.380122],[-6.588173,53.380115],[-6.588106,53.380119],[-6.588041,53.380136],[-6.58795,53.380142],[-6.587832,53.380163],[-6.587691,53.380198],[-6.587672,53.380176],[-6.587494,53.379964],[-6.587453,53.379959],[-6.587422,53.379969],[-6.587396,53.379978],[-6.587339,53.379993],[-6.587319,53.379995],[-6.587241,53.379977],[-6.587265,53.380003],[-6.587093,53.380052],[-6.586703,53.379599],[-6.586871,53.379543],[-6.586584,53.379169],[-6.586511,53.379131],[-6.586864,53.379042],[-6.586961,53.379063],[-6.587082,53.379231],[-6.587187,53.379358],[-6.587288,53.379459]],"type":"LineString"},"properties":{"hex_id":"89182c1ae03ffff","service":"Fitness","dest_id":"2","dest_name":"Glenroyal Gym","walk_min":18.03,"distance_m":1500}},{"type":"Feature","geometry":{"coordinates":[[-6.567646,53.380274],[-6.567728,53.380278],[-6.568149,53.380327],[-6.568609,53.380398],[-6.568809,53.380438],[-6.569019,53.38049],[-6.569505,53.380555],[-6.569729,53.380618],[-6.569803,53.380639],[-6.569887,53.380671],[-6.569969,53.380692],[-6.570049,53.38071],[-6.570409,53.380813],[-6.570543,53.380872],[-6.570718,53.380943],[-6.570899,53.381019],[-6.57096,53.381077],[-6.57105,53.381153],[-6.571167,53.381289],[-6.571266,53.381396],[-6.571309,53.381445],[-6.571443,53.381606],[-6.571644,53.381856],[-6.571715,53.381953],[-6.571864,53.382138],[-6.57194,53.382219],[-6.572005,53.382287],[-6.572061,53.382367],[-6.572104,53.382425],[-6.572138,53.382486],[-6.57229,53.382774],[-6.572318,53.382806],[-6.572374,53.382877],[-6.572432,53.382971],[-6.572562,53.383141],[-6.572624,53.383221],[-6.572659,53.383265],[-6.572743,53.383369],[-6.572847,53.383502],[-6.572931,53.383616],[-6.572989,53.383676],[-6.573082,53.38377],[-6.573149,53.38384],[-6.573276,53.383977],[-6.573367,53.384079],[-6.573421,53.38414],[-6.573505,53.384233],[-6.573585,53.384294],[-6.573654,53.384359],[-6.573816,53.38455],[-6.573971,53.384742],[-6.574086,53.384882],[-6.57417,53.384984],[-6.574263,53.385098],[-6.574356,53.385221],[-6.574431,53.385338],[-6.574496,53.385465],[-6.574509,53.385575],[-6.574509,53.385623],[-6.574477,53.385656],[-6.574444,53.385723],[-6.574362,53.385866],[-6.574461,53.385936],[-6.574606,53.386107],[-6.574769,53.386335],[-6.575206,53.386232],[-6.575328,53.386194],[-6.575399,53.386173],[-6.577023,53.385682],[-6.577468,53.385554],[-6.578466,53.385268],[-6.580431,53.384687],[-6.58099,53.384518],[-6.581785,53.384292],[-6.582691,53.38403],[-6.583201,53.383883],[-6.583674,53.383739],[-6.583518,53.383484],[-6.583493,53.383438],[-6.583306,53.383185],[-6.583148,53.383029],[-6.58297,53.382785],[-6.582731,53.382499],[-6.582623,53.382372],[-6.582565,53.382274],[-6.582487,53.382207],[-6.58253,53.382182],[-6.582554,53.382141],[-6.582563,53.382115],[-6.582581,53.382055],[-6.582611,53.382055],[-6.582659,53.382052],[-6.582704,53.382041],[-6.582742,53.382023],[-6.582768,53.382003],[-6.582786,53.381981],[-6.582794,53.381956],[-6.582793,53.381931],[-6.582783,53.381907],[-6.582764,53.381885],[-6.582741,53.381869],[-6.582713,53.381855],[-6.582685,53.381824],[-6.582657,53.381783],[-6.582622,53.381728],[-6.582606,53.381646],[-6.582603,53.381592],[-6.582621,53.381582],[-6.582633,53.38157],[-6.58264,53.381556],[-6.58264,53.381541],[-6.582892,53.38153],[-6.583317,53.381531],[-6.583815,53.381526],[-6.584005,53.381536],[-6.58393,53.381328],[-6.583903,53.381259],[-6.58388,53.381117],[-6.583879,53.380971],[-6.583873,53.380876],[-6.583864,53.380754],[-6.58386,53.380723],[-6.583803,53.380673],[-6.583729,53.380614],[-6.583717,53.380582],[-6.583705,53.380471],[-6.583698,53.380329],[-6.583768,53.38032],[-6.583768,53.380201],[-6.583767,53.380163],[-6.583767,53.380163]],"type":"LineString"},"properties":{"hex_id":"89182c1a12fffff","service":"Fitness","dest_id":"3","dest_name":"Anytime Fitness Gym","walk_min":24.95,"distance_m":2079}},{"type":"Feature","geometry":{"coordinates":[[-6.584565,53.384584],[-6.584565,53.384584],[-6.584503,53.384604],[-6.584428,53.384671],[-6.584373,53.384719],[-6.583083,53.384273],[-6.582915,53.384213],[-6.58282,53.384176],[-6.582751,53.384128],[-6.582691,53.38403],[-6.583201,53.383883],[-6.583674,53.383739],[-6.583518,53.383484],[-6.583493,53.383438],[-6.583306,53.383185],[-6.583148,53.383029],[-6.58297,53.382785],[-6.582731,53.382499],[-6.582623,53.382372],[-6.582565,53.382274],[-6.582487,53.382207],[-6.58253,53.382182],[-6.582554,53.382141],[-6.582563,53.382115],[-6.582581,53.382055],[-6.582504,53.382034],[-6.582466,53.382012],[-6.582441,53.381984],[-6.58243,53.381953],[-6.582435,53.381921],[-6.582454,53.381891],[-6.582464,53.381882],[-6.582501,53.381796],[-6.582493,53.381688],[-6.582455,53.381648],[-6.582397,53.381602],[-6.582343,53.38158],[-6.582264,53.381579],[-6.582158,53.381577],[-6.582055,53.381543],[-6.581913,53.381545],[-6.581907,53.381429],[-6.581906,53.381368],[-6.58168,53.381369],[-6.581664,53.381139],[-6.581647,53.380889]],"type":"LineString"},"properties":{"hex_id":"89182c1a16bffff","service":"Supplies","dest_id":"way/30420550","dest_name":"Tesco Extra","walk_min":7.42,"distance_m":619}},{"type":"Feature","geometry":{"coordinates":[[-6.576153,53.382683],[-6.576268,53.382648],[-6.577229,53.382374],[-6.577222,53.382343],[-6.57721,53.382319],[-6.576955,53.382056],[-6.576806,53.381829],[-6.576766,53.381768],[-6.576752,53.381723],[-6.576726,53.381641],[-6.576727,53.381547],[-6.576727,53.381517],[-6.576729,53.381489],[-6.577132,53.381502],[-6.577703,53.381535],[-6.577717,53.381475],[-6.578274,53.38152],[-6.578682,53.381575],[-6.579993,53.381742],[-6.580137,53.381708],[-6.580188,53.381684],[-6.580257,53.381625],[-6.58034,53.381603],[-6.580404,53.381585],[-6.580496,53.381571],[-6.580563,53.381568],[-6.580581,53.381567],[-6.5807,53.381562],[-6.580969,53.381559],[-6.580977,53.381493],[-6.580972,53.381461],[-6.581196,53.381376],[-6.581247,53.381143],[-6.581429,53.381142],[-6.581589,53.381139],[-6.581664,53.381139],[-6.581647,53.380889]],"type":"LineString"},"properties":{"hex_id":"89182c1a167ffff","service":"Supplies","dest_id":"way/30420550","dest_name":"Tesco Extra","walk_min":7.11,"distance_m":593}},{"type":"Feature","geometry":{"coordinates":[[-6.59503,53.391614],[-6.594844,53.391612],[-6.594046,53.391697],[-6.593954,53.391691],[-6.593999,53.391401],[-6.593994,53.39135],[-6.594101,53.390924],[-6.594072,53.390869],[-6.594081,53.390817],[-6.594076,53.390641],[-6.594074,53.390544],[-6.594008,53.390316],[-6.593924,53.390113],[-6.593873,53.389991],[-6.593751,53.389801],[-6.593613,53.389619],[-6.593496,53.389501],[-6.5933,53.389319],[-6.593591,53.389167],[-6.59384,53.38906],[-6.594144,53.388954],[-6.594177,53.388943],[-6.594243,53.388919],[-6.594279,53.388911],[-6.594582,53.388851],[-6.595142,53.388715],[-6.595332,53.388657],[-6.595563,53.388584],[-6.595704,53.388533],[-6.595855,53.388485],[-6.596064,53.388437],[-6.596754,53.388346],[-6.597079,53.388288],[-6.596926,53.387989],[-6.596915,53.387966],[-6.596513,53.387286],[-6.596235,53.386752],[-6.595918,53.386174],[-6.595774,53.385889],[-6.59573,53.385851],[-6.595682,53.38577],[-6.595587,53.385607],[-6.595518,53.38549],[-6.595462,53.38539],[-6.595181,53.384892],[-6.595028,53.384616],[-6.594915,53.384439],[-6.594666,53.383991],[-6.594609,53.383893],[-6.594445,53.383613],[-6.594386,53.383469],[-6.594162,53.383085],[-6.594131,53.383031],[-6.594189,53.383022],[-6.594345,53.382995],[-6.594538,53.382959],[-6.594673,53.382874],[-6.595044,53.382789],[-6.595241,53.382717],[-6.595827,53.382585],[-6.595738,53.382522],[-6.595655,53.382467],[-6.59571,53.382457],[-6.595847,53.382391],[-6.596012,53.382365],[-6.596246,53.382338],[-6.59676,53.382265],[-6.596765,53.382222],[-6.596814,53.382083],[-6.596766,53.38208]],"type":"LineString"},"properties":{"hex_id":"89182c1a387ffff","service":"Supplies","dest_id":"way/30633224","dest_name":"ALDI","walk_min":17.87,"distance_m":1490}},{"type":"Feature","geometry":{"coordinates":[[-6.585873,53.381731],[-6.58589,53.381946],[-6.586238,53.381938],[-6.586431,53.381942],[-6.586608,53.381945],[-6.586854,53.381952],[-6.587898,53.38198],[-6.587991,53.381999],[-6.587994,53.382042],[-6.588266,53.382059],[-6.588381,53.382067],[-6.58859,53.382131],[-6.588678,53.382163],[-6.588746,53.382189],[-6.588887,53.382249],[-6.589443,53.382087],[-6.589874,53.381953],[-6.589911,53.381998],[-6.589943,53.382035]],"type":"LineString"},"properties":{"hex_id":"89182c1aed3ffff","service":"Supplies","dest_id":"node/359968059","dest_name":"Londis","walk_min":3.81,"distance_m":318}},{"type":"Feature","geometry":{"coordinates":[[-6.595097,53.372727],[-6.595163,53.372645],[-6.595273,53.372472],[-6.595332,53.372272],[-6.595692,53.372283],[-6.595827,53.372285],[-6.595926,53.372304],[-6.596391,53.372391],[-6.596358,53.372475],[-6.596716,53.372547],[-6.596962,53.372598],[-6.597068,53.372616],[-6.597231,53.372643],[-6.597459,53.372708],[-6.59758,53.372735],[-6.597602,53.372701],[-6.597678,53.372719],[-6.597699,53.372683],[-6.59777,53.372551],[-6.597934,53.37231],[-6.597996,53.372329],[-6.598403,53.372465],[-6.598592,53.372536],[-6.598701,53.372592],[-6.599059,53.372767],[-6.599226,53.372889]],"type":"LineString"},"properties":{"hex_id":"89182c1ae43ffff","service":"Supplies","dest_id":"node/352674189","dest_name":"Spar","walk_min":4.69,"distance_m":388}},{"type":"Feature","geometry":{"coordinates":[[-6.566085,53.364628],[-6.566075,53.364763],[-6.566048,53.365417],[-6.565996,53.366692],[-6.565991,53.366834],[-6.565997,53.366889],[-6.56604,53.366948],[-6.566102,53.366978],[-6.566183,53.366993],[-6.567038,53.367023],[-6.567547,53.367041],[-6.567762,53.367048],[-6.568705,53.367081],[-6.569815,53.367118],[-6.570872,53.367149],[-6.571138,53.367186],[-6.571245,53.367206],[-6.571755,53.367337],[-6.576137,53.368564],[-6.577226,53.368866],[-6.577593,53.368968],[-6.577924,53.36906],[-6.578873,53.369323],[-6.579422,53.369476],[-6.579633,53.369537],[-6.579694,53.369554],[-6.579787,53.369581],[-6.579877,53.369605],[-6.579905,53.369613],[-6.580014,53.369642],[-6.580281,53.369713],[-6.580514,53.369783],[-6.580725,53.369846],[-6.580801,53.369876],[-6.58094,53.369931],[-6.581101,53.370009],[-6.581186,53.370056],[-6.581284,53.370112],[-6.58133,53.370139],[-6.581384,53.37017],[-6.581752,53.370418],[-6.581926,53.370553],[-6.582131,53.370708],[-6.582514,53.370994],[-6.58369,53.371912],[-6.583998,53.372152],[-6.584367,53.372455],[-6.584595,53.372356],[-6.585114,53.372754],[-6.586199,53.373588],[-6.586312,53.373669],[-6.586612,53.373911],[-6.586718,53.374002],[-6.586791,53.374005],[-6.587096,53.373865],[-6.587183,53.373826],[-6.58731,53.373929],[-6.587736,53.373736],[-6.588021,53.373931],[-6.588067,53.373956]],"type":"LineString"},"properties":{"hex_id":"89182c1a8dbffff","service":"Supplies","dest_id":"node/354880889","dest_name":"Centra","walk_min":24.69,"distance_m":2054}},{"type":"Feature","geometry":{"coordinates":[[-6.573777,53.387211],[-6.573968,53.387111],[-6.574045,53.387095],[-6.57415,53.387099],[-6.574236,53.387104],[-6.57429,53.387065],[-6.574333,53.386992],[-6.574351,53.386965],[-6.574357,53.386893],[-6.574359,53.386835],[-6.574191,53.386799],[-6.57413,53.386783],[-6.574064,53.386745],[-6.574031,53.386712],[-6.574001,53.386693],[-6.573734,53.38663],[-6.574247,53.386485],[-6.574769,53.386335],[-6.575206,53.386232],[-6.575328,53.386194],[-6.575399,53.386173],[-6.577023,53.385682],[-6.577468,53.385554],[-6.578466,53.385268],[-6.580431,53.384687],[-6.58099,53.384518],[-6.581785,53.384292],[-6.582691,53.38403],[-6.583201,53.383883],[-6.583674,53.383739],[-6.583518,53.383484],[-6.583493,53.383438],[-6.583306,53.383185],[-6.583148,53.383029],[-6.58297,53.382785],[-6.582731,53.382499],[-6.582623,53.382372],[-6.582565,53.382274],[-6.582487,53.382207],[-6.58253,53.382182],[-6.582554,53.382141],[-6.582563,53.382115],[-6.582581,53.382055],[-6.582504,53.382034],[-6.582466,53.382012],[-6.582441,53.381984],[-6.58243,53.381953],[-6.582435,53.381921],[-6.582454,53.381891],[-6.582464,53.381882],[-6.582501,53.381796],[-6.582493,53.381688],[-6.582455,53.381648],[-6.582397,53.381602],[-6.582343,53.38158],[-6.582264,53.381579],[-6.582158,53.381577],[-6.582055,53.381543],[-6.581913,53.381545],[-6.581907,53.381429],[-6.581906,53.381368],[-6.58168,53.381369],[-6.581664,53.381139],[-6.581647,53.380889]],"type":"LineString"},"properties":{"hex_id":"89182c1a10fffff","service":"Supplies","dest_id":"way/30420550","dest_name":"Tesco Extra","walk_min":14.86,"distance_m":1239}},{"type":"Feature","geometry":{"coordinates":[[-6.572657,53.379925],[-6.572672,53.379927],[-6.573385,53.38],[-6.574685,53.380157],[-6.575269,53.380218],[-6.576101,53.380254],[-6.577088,53.380259],[-6.577938,53.380233],[-6.579311,53.380121],[-6.58017,53.379993],[-6.581611,53.379783],[-6.583156,53.379552],[-6.584993,53.379261],[-6.585064,53.379249],[-6.585722,53.379154],[-6.58667,53.37903],[-6.587062,53.378963],[-6.587137,53.378947],[-6.587451,53.378931],[-6.587715,53.378965],[-6.587896,53.378995],[-6.588006,53.379001],[-6.588023,53.379],[-6.588028,53.37903],[-6.588349,53.37946],[-6.588428,53.379539],[-6.588481,53.379637],[-6.588788,53.379929],[-6.588763,53.379938],[-6.588697,53.3799],[-6.588633,53.379931],[-6.588604,53.379946],[-6.58864,53.379977],[-6.588424,53.380107],[-6.588317,53.38012],[-6.588248,53.380122],[-6.588173,53.380115],[-6.588106,53.380119],[-6.588041,53.380136],[-6.58795,53.380142],[-6.587832,53.380163],[-6.587691,53.380198],[-6.587717,53.380229],[-6.587859,53.380246],[-6.587898,53.380331],[-6.587906,53.380349],[-6.587959,53.380464],[-6.587969,53.380483],[-6.588019,53.380478],[-6.588092,53.380643]],"type":"LineString"},"properties":{"hex_id":"89182c1ae93ffff","service":"Supplies","dest_id":"node/335754695","dest_name":"SuperValu","walk_min":15.77,"distance_m":1314}},{"type":"Feature","geometry":{"coordinates":[[-6.603861,53.374833],[-6.603337,53.374896],[-6.603286,53.374937],[-6.603093,53.374954],[-6.602882,53.37499],[-6.602841,53.374999],[-6.602646,53.375051],[-6.602426,53.375119],[-6.602275,53.375172],[-6.602107,53.375231],[-6.601975,53.375276],[-6.601795,53.37533],[-6.601501,53.375398],[-6.601255,53.375434],[-6.600891,53.375457],[-6.60059,53.375475],[-6.600526,53.375266],[-6.600478,53.375147],[-6.600367,53.374994],[-6.600192,53.374766],[-6.600079,53.374478],[-6.599974,53.374199],[-6.599833,53.373879],[-6.599744,53.373642],[-6.599612,53.373363],[-6.599585,53.373291],[-6.599526,53.373143],[-6.599503,53.373113],[-6.599392,53.37301],[-6.599226,53.372889]],"type":"LineString"},"properties":{"hex_id":"89182c18597ffff","service":"Supplies","dest_id":"node/352674189","dest_name":"Spar","walk_min":6.44,"distance_m":537}},{"type":"Feature","geometry":{"coordinates":[[-6.6023,53.377485],[-6.601981,53.377594],[-6.601161,53.377886],[-6.600635,53.378072],[-6.60019,53.378195],[-6.600123,53.37821],[-6.599849,53.378316],[-6.599337,53.37853],[-6.59912,53.37862],[-6.599006,53.37866],[-6.598937,53.37868],[-6.599253,53.37907],[-6.599422,53.379277],[-6.599534,53.379415],[-6.599547,53.379455],[-6.599524,53.379485],[-6.59947,53.379505],[-6.599172,53.379567],[-6.599139,53.379578],[-6.598958,53.379621],[-6.598915,53.379663],[-6.598924,53.379749],[-6.59892,53.379778],[-6.598924,53.379827],[-6.598907,53.379865],[-6.59886,53.379889],[-6.598794,53.379937],[-6.598824,53.380071],[-6.598847,53.380127],[-6.59885,53.380177],[-6.598834,53.380216],[-6.598804,53.380248],[-6.59878,53.380275],[-6.598727,53.380319],[-6.598679,53.380364],[-6.598648,53.380385],[-6.598614,53.380415],[-6.598626,53.380447],[-6.59866,53.38051],[-6.598715,53.380579],[-6.598685,53.380587],[-6.598688,53.380621],[-6.598671,53.380647],[-6.598642,53.380664],[-6.598604,53.380677],[-6.598363,53.38074],[-6.598305,53.380754],[-6.598376,53.380826],[-6.598538,53.381018],[-6.598569,53.381053],[-6.598591,53.381082],[-6.598713,53.381237],[-6.598828,53.3814],[-6.598813,53.381594],[-6.598817,53.381612],[-6.598866,53.381864],[-6.598882,53.381945],[-6.598898,53.382028],[-6.598903,53.38205],[-6.598491,53.382068],[-6.598036,53.382089],[-6.597817,53.382092],[-6.597754,53.381987],[-6.597731,53.381959],[-6.597482,53.381999],[-6.59726,53.382037],[-6.596885,53.38208],[-6.596837,53.382086],[-6.596814,53.382083],[-6.596766,53.38208]],"type":"LineString"},"properties":{"hex_id":"89182c1a32fffff","service":"Supplies","dest_id":"way/30633224","dest_name":"ALDI","walk_min":10.32,"distance_m":861}},{"type":"Feature","geometry":{"coordinates":[[-6.608643,53.382005],[-6.608506,53.382041],[-6.608521,53.381954],[-6.608527,53.381924],[-6.608594,53.381733],[-6.608601,53.381665],[-6.608029,53.381644],[-6.607472,53.38161],[-6.60652,53.381542],[-6.60616,53.381529],[-6.605703,53.381523],[-6.605678,53.381523],[-6.605651,53.381524],[-6.60563,53.381524],[-6.605138,53.381538],[-6.604679,53.38157],[-6.604512,53.381587],[-6.603872,53.381653],[-6.603332,53.38172],[-6.602779,53.381783],[-6.602574,53.38181],[-6.601772,53.381892],[-6.601532,53.381916],[-6.601527,53.381951],[-6.601504,53.381984],[-6.601467,53.382011],[-6.601417,53.382031],[-6.60136,53.382041],[-6.601374,53.38208],[-6.601238,53.382055],[-6.600986,53.382008],[-6.599714,53.382101],[-6.599357,53.382127],[-6.599222,53.382137],[-6.599217,53.382098],[-6.599204,53.382035],[-6.598903,53.38205],[-6.598491,53.382068],[-6.598036,53.382089],[-6.597817,53.382092],[-6.597754,53.381987],[-6.597731,53.381959],[-6.597482,53.381999],[-6.59726,53.382037],[-6.596885,53.38208],[-6.596837,53.382086],[-6.596814,53.382083],[-6.596766,53.38208]],"type":"LineString"},"properties":{"hex_id":"89182c1a377ffff","service":"Supplies","dest_id":"way/30633224","dest_name":"ALDI","walk_min":10.59,"distance_m":883}},{"type":"Feature","geometry":{"coordinates":[[-6.584089,53.376677],[-6.584608,53.376543],[-6.584697,53.37654],[-6.584833,53.376385],[-6.584989,53.376025],[-6.585075,53.376015],[-6.585252,53.375982],[-6.585724,53.375825],[-6.585693,53.375762],[-6.585526,53.37546],[-6.586004,53.37524],[-6.586348,53.37508],[-6.586707,53.37493],[-6.587143,53.375291],[-6.587169,53.375336],[-6.587569,53.375305],[-6.58775,53.375318],[-6.587792,53.375237],[-6.587825,53.37517],[-6.587895,53.375055],[-6.58793,53.374986],[-6.588016,53.374902],[-6.588105,53.374748],[-6.588197,53.374577],[-6.588285,53.374406],[-6.588164,53.374311],[-6.588273,53.374065],[-6.588067,53.373956]],"type":"LineString"},"properties":{"hex_id":"89182c1aec7ffff","service":"Supplies","dest_id":"node/354880889","dest_name":"Centra","walk_min":6.74,"distance_m":561}},{"type":"Feature","geometry":{"coordinates":[[-6.589135,53.375997],[-6.589593,53.376509],[-6.589366,53.376585],[-6.589231,53.376625],[-6.589171,53.376644],[-6.589126,53.376657],[-6.588932,53.37672],[-6.588697,53.376796],[-6.588623,53.376816],[-6.588414,53.376884],[-6.588336,53.376909],[-6.588162,53.376967],[-6.587862,53.377067],[-6.587696,53.377105],[-6.587582,53.377111],[-6.587566,53.376876],[-6.587576,53.376668],[-6.587624,53.376341],[-6.587669,53.376173],[-6.587736,53.375988],[-6.587822,53.375731],[-6.587883,53.375588],[-6.588042,53.375288],[-6.588231,53.374943],[-6.588129,53.374924],[-6.588214,53.374773],[-6.588105,53.374748],[-6.588197,53.374577],[-6.588285,53.374406],[-6.588164,53.374311],[-6.588273,53.374065],[-6.588067,53.373956]],"type":"LineString"},"properties":{"hex_id":"89182c1aecfffff","service":"Supplies","dest_id":"node/354880889","dest_name":"Centra","walk_min":7.13,"distance_m":594}},{"type":"Feature","geometry":{"coordinates":[[-6.613602,53.37322],[-6.613576,53.373222],[-6.613261,53.373237],[-6.612966,53.37341],[-6.612702,53.373515],[-6.6124,53.3736],[-6.611855,53.373725],[-6.611236,53.37391],[-6.610648,53.374076],[-6.61046,53.37413],[-6.610188,53.374113],[-6.61013,53.374084],[-6.609845,53.374055],[-6.609764,53.37407],[-6.608898,53.37421],[-6.608653,53.374257],[-6.60846,53.374294],[-6.608247,53.374336],[-6.607677,53.374447],[-6.607514,53.374474],[-6.607352,53.374494],[-6.607169,53.374512],[-6.606959,53.374525],[-6.606585,53.374539],[-6.606468,53.374544],[-6.606072,53.374556],[-6.605912,53.374566],[-6.605751,53.374583],[-6.605285,53.37465],[-6.605058,53.374688],[-6.604835,53.374727],[-6.60449,53.374792],[-6.604203,53.374836],[-6.603903,53.37487],[-6.603595,53.374908],[-6.603286,53.374937],[-6.603093,53.374954],[-6.602882,53.37499],[-6.602841,53.374999],[-6.602646,53.375051],[-6.602426,53.375119],[-6.602275,53.375172],[-6.602107,53.375231],[-6.601975,53.375276],[-6.601795,53.37533],[-6.601501,53.375398],[-6.601255,53.375434],[-6.600891,53.375457],[-6.60059,53.375475],[-6.600526,53.375266],[-6.600478,53.375147],[-6.600367,53.374994],[-6.600192,53.374766],[-6.600079,53.374478],[-6.599974,53.374199],[-6.599833,53.373879],[-6.599744,53.373642],[-6.599612,53.373363],[-6.599585,53.373291],[-6.599526,53.373143],[-6.599503,53.373113],[-6.599392,53.37301],[-6.599226,53.372889]],"type":"LineString"},"properties":{"hex_id":"89182c1858bffff","service":"Supplies","dest_id":"node/352674189","dest_name":"Spar","walk_min":14.67,"distance_m":1223}},{"type":"Feature","geometry":{"coordinates":[[-6.594453,53.383626],[-6.594445,53.383613],[-6.594386,53.383469],[-6.594162,53.383085],[-6.594131,53.383031],[-6.594189,53.383022],[-6.594345,53.382995],[-6.594538,53.382959],[-6.594673,53.382874],[-6.595044,53.382789],[-6.595241,53.382717],[-6.595827,53.382585],[-6.595738,53.382522],[-6.595655,53.382467],[-6.59571,53.382457],[-6.595847,53.382391],[-6.596012,53.382365],[-6.596246,53.382338],[-6.59676,53.382265],[-6.596765,53.382222],[-6.596814,53.382083],[-6.596766,53.38208]],"type":"LineString"},"properties":{"hex_id":"89182c1a3afffff","service":"Supplies","dest_id":"way/30633224","dest_name":"ALDI","walk_min":3.77,"distance_m":314}},{"type":"Feature","geometry":{"coordinates":[[-6.569818,53.370075],[-6.569824,53.370064],[-6.570037,53.369659],[-6.570099,53.369514],[-6.570143,53.369403],[-6.57015,53.369363],[-6.570157,53.369292],[-6.570156,53.369203],[-6.57015,53.369117],[-6.570159,53.369009],[-6.570173,53.368952],[-6.570195,53.368844],[-6.570232,53.368744],[-6.570288,53.368615],[-6.570341,53.368524],[-6.570422,53.368399],[-6.570513,53.368259],[-6.570608,53.368117],[-6.570679,53.368],[-6.570814,53.367797],[-6.570879,53.367679],[-6.57093,53.367592],[-6.570985,53.367476],[-6.571041,53.367363],[-6.571138,53.367186],[-6.571245,53.367206],[-6.571755,53.367337],[-6.576137,53.368564],[-6.577226,53.368866],[-6.577593,53.368968],[-6.577924,53.36906],[-6.578873,53.369323],[-6.579422,53.369476],[-6.579633,53.369537],[-6.579694,53.369554],[-6.579787,53.369581],[-6.579877,53.369605],[-6.579905,53.369613],[-6.580014,53.369642],[-6.580281,53.369713],[-6.580514,53.369783],[-6.580725,53.369846],[-6.580801,53.369876],[-6.58094,53.369931],[-6.581101,53.370009],[-6.581186,53.370056],[-6.581284,53.370112],[-6.58133,53.370139],[-6.581384,53.37017],[-6.581752,53.370418],[-6.581926,53.370553],[-6.582131,53.370708],[-6.582514,53.370994],[-6.58369,53.371912],[-6.583998,53.372152],[-6.584367,53.372455],[-6.584595,53.372356],[-6.585114,53.372754],[-6.586199,53.373588],[-6.586312,53.373669],[-6.586612,53.373911],[-6.586718,53.374002],[-6.586791,53.374005],[-6.587096,53.373865],[-6.587183,53.373826],[-6.58731,53.373929],[-6.587736,53.373736],[-6.588021,53.373931],[-6.588067,53.373956]],"type":"LineString"},"properties":{"hex_id":"89182c1aea3ffff","service":"Supplies","dest_id":"node/354880889","dest_name":"Centra","walk_min":21.5,"distance_m":1789}},{"type":"Feature","geometry":{"coordinates":[[-6.58229,53.388681],[-6.58229,53.388681],[-6.582458,53.38866],[-6.582648,53.388623],[-6.582782,53.38859],[-6.582862,53.388556],[-6.582961,53.388521],[-6.583188,53.388462],[-6.583427,53.388388],[-6.583686,53.388288],[-6.583888,53.388202],[-6.584096,53.388096],[-6.584147,53.388071],[-6.584783,53.387733],[-6.584921,53.387643],[-6.585161,53.387465],[-6.585309,53.387362],[-6.585309,53.387347],[-6.585581,53.387174],[-6.585584,53.387106],[-6.585766,53.386988],[-6.585825,53.386946],[-6.5862,53.386686],[-6.58648,53.38649],[-6.586608,53.386401],[-6.586714,53.386317],[-6.586784,53.386262],[-6.587161,53.385943],[-6.587483,53.385663],[-6.587974,53.385227],[-6.588003,53.385201],[-6.588125,53.385092],[-6.588219,53.385008],[-6.588395,53.38485],[-6.588426,53.384824],[-6.588489,53.384768],[-6.588602,53.384657],[-6.588686,53.384578],[-6.58882,53.384452],[-6.588886,53.384384],[-6.589019,53.384248],[-6.589069,53.384193],[-6.589284,53.383959],[-6.58942,53.383792],[-6.589532,53.383621],[-6.589591,53.38348],[-6.5896,53.383374],[-6.589596,53.383306],[-6.589574,53.38324],[-6.589165,53.382759],[-6.5892,53.382749],[-6.58946,53.382675],[-6.589565,53.382648],[-6.590053,53.382511],[-6.5903,53.382452],[-6.589943,53.382035]],"type":"LineString"},"properties":{"hex_id":"89182c1a147ffff","service":"Supplies","dest_id":"node/359968059","dest_name":"Londis","walk_min":12.0,"distance_m":997}},{"type":"Feature","geometry":{"coordinates":[[-6.608765,53.374235],[-6.608653,53.374257],[-6.60846,53.374294],[-6.608247,53.374336],[-6.607677,53.374447],[-6.607514,53.374474],[-6.607352,53.374494],[-6.607169,53.374512],[-6.606959,53.374525],[-6.606585,53.374539],[-6.606468,53.374544],[-6.606072,53.374556],[-6.605912,53.374566],[-6.605751,53.374583],[-6.605285,53.37465],[-6.605058,53.374688],[-6.604835,53.374727],[-6.60449,53.374792],[-6.604203,53.374836],[-6.603903,53.37487],[-6.603595,53.374908],[-6.603286,53.374937],[-6.603093,53.374954],[-6.602882,53.37499],[-6.602841,53.374999],[-6.602646,53.375051],[-6.602426,53.375119],[-6.602275,53.375172],[-6.602107,53.375231],[-6.601975,53.375276],[-6.601795,53.37533],[-6.601501,53.375398],[-6.601255,53.375434],[-6.600891,53.375457],[-6.60059,53.375475],[-6.600526,53.375266],[-6.600478,53.375147],[-6.600367,53.374994],[-6.600192,53.374766],[-6.600079,53.374478],[-6.599974,53.374199],[-6.599833,53.373879],[-6.599744,53.373642],[-6.599612,53.373363],[-6.599585,53.373291],[-6.599526,53.373143],[-6.599503,53.373113],[-6.599392,53.37301],[-6.599226,53.372889]],"type":"LineString"},"properties":{"hex_id":"89182c18583ffff","service":"Supplies","dest_id":"node/352674189","dest_name":"Spar","walk_min":10.44,"distance_m":871}},{"type":"Feature","geometry":{"coordinates":[[-6.569962,53.367122],[-6.570872,53.367149],[-6.571138,53.367186],[-6.571245,53.367206],[-6.571755,53.367337],[-6.576137,53.368564],[-6.577226,53.368866],[-6.577593,53.368968],[-6.577924,53.36906],[-6.578873,53.369323],[-6.579422,53.369476],[-6.579633,53.369537],[-6.579694,53.369554],[-6.579787,53.369581],[-6.579877,53.369605],[-6.579905,53.369613],[-6.580014,53.369642],[-6.580281,53.369713],[-6.580514,53.369783],[-6.580725,53.369846],[-6.580801,53.369876],[-6.58094,53.369931],[-6.581101,53.370009],[-6.581186,53.370056],[-6.581284,53.370112],[-6.58133,53.370139],[-6.581384,53.37017],[-6.581752,53.370418],[-6.581926,53.370553],[-6.582131,53.370708],[-6.582514,53.370994],[-6.58369,53.371912],[-6.583998,53.372152],[-6.584367,53.372455],[-6.584595,53.372356],[-6.585114,53.372754],[-6.586199,53.373588],[-6.586312,53.373669],[-6.586612,53.373911],[-6.586718,53.374002],[-6.586791,53.374005],[-6.587096,53.373865],[-6.587183,53.373826],[-6.58731,53.373929],[-6.587736,53.373736],[-6.588021,53.373931],[-6.588067,53.373956]],"type":"LineString"},"properties":{"hex_id":"89182c1aeafffff","service":"Supplies","dest_id":"node/354880889","dest_name":"Centra","walk_min":18.43,"distance_m":1533}},{"type":"Feature","geometry":{"coordinates":[[-6.587461,53.378874],[-6.587457,53.378875],[-6.587171,53.378925],[-6.587137,53.378947],[-6.587451,53.378931],[-6.587715,53.378965],[-6.587896,53.378995],[-6.588006,53.379001],[-6.588023,53.379],[-6.588028,53.37903],[-6.588349,53.37946],[-6.588428,53.379539],[-6.588481,53.379637],[-6.588788,53.379929],[-6.588763,53.379938],[-6.588697,53.3799],[-6.588633,53.379931],[-6.588604,53.379946],[-6.58864,53.379977],[-6.588424,53.380107],[-6.588317,53.38012],[-6.588248,53.380122],[-6.588173,53.380115],[-6.588106,53.380119],[-6.588041,53.380136],[-6.58795,53.380142],[-6.587832,53.380163],[-6.587691,53.380198],[-6.587717,53.380229],[-6.587859,53.380246],[-6.587898,53.380331],[-6.587906,53.380349],[-6.587959,53.380464],[-6.587969,53.380483],[-6.588019,53.380478],[-6.588092,53.380643]],"type":"LineString"},"properties":{"hex_id":"89182c1aec3ffff","service":"Supplies","dest_id":"node/335754695","dest_name":"SuperValu","walk_min":4.24,"distance_m":354}},{"type":"Feature","geometry":{"coordinates":[[-6.600306,53.372374],[-6.600371,53.372405],[-6.600384,53.372456],[-6.599665,53.372862],[-6.59983,53.372975],[-6.599503,53.373113],[-6.599392,53.37301],[-6.599226,53.372889]],"type":"LineString"},"properties":{"hex_id":"89182c1ae4bffff","service":"Supplies","dest_id":"node/352674189","dest_name":"Spar","walk_min":1.82,"distance_m":152}},{"type":"Feature","geometry":{"coordinates":[[-6.582107,53.379118],[-6.582107,53.379118],[-6.582152,53.379053],[-6.581898,53.378287],[-6.5824,53.378222],[-6.582736,53.37818],[-6.582899,53.378159],[-6.583506,53.378079],[-6.583559,53.378072],[-6.583908,53.378031],[-6.584789,53.377936],[-6.585229,53.377891],[-6.585783,53.377844],[-6.586366,53.377825],[-6.586573,53.377821],[-6.587073,53.377813],[-6.587414,53.377807],[-6.587449,53.377806],[-6.587531,53.378021],[-6.587616,53.378218],[-6.587658,53.378319],[-6.587719,53.378437],[-6.588001,53.378907],[-6.588066,53.379],[-6.588023,53.379],[-6.588028,53.37903],[-6.588349,53.37946],[-6.588428,53.379539],[-6.588481,53.379637],[-6.588788,53.379929],[-6.588763,53.379938],[-6.588697,53.3799],[-6.588633,53.379931],[-6.588604,53.379946],[-6.58864,53.379977],[-6.588424,53.380107],[-6.588317,53.38012],[-6.588248,53.380122],[-6.588173,53.380115],[-6.588106,53.380119],[-6.588041,53.380136],[-6.58795,53.380142],[-6.587832,53.380163],[-6.587691,53.380198],[-6.587717,53.380229],[-6.587859,53.380246],[-6.587898,53.380331],[-6.587906,53.380349],[-6.587959,53.380464],[-6.587969,53.380483],[-6.588019,53.380478],[-6.588092,53.380643]],"type":"LineString"},"properties":{"hex_id":"89182c1aed7ffff","service":"Supplies","dest_id":"node/335754695","dest_name":"SuperValu","walk_min":10.57,"distance_m":882}},{"type":"Feature","geometry":{"coordinates":[[-6.597442,53.378021],[-6.597247,53.37813],[-6.597314,53.378182],[-6.597392,53.378241],[-6.597421,53.378275],[-6.597585,53.378466],[-6.597708,53.378567],[-6.597514,53.378614],[-6.597193,53.378712],[-6.596819,53.37887],[-6.596859,53.378913],[-6.596917,53.378975],[-6.597012,53.379079],[-6.597031,53.379098],[-6.597069,53.37914],[-6.597083,53.379159],[-6.597116,53.379202],[-6.597238,53.379363],[-6.597414,53.379597],[-6.597583,53.379821],[-6.597707,53.379985],[-6.59774,53.380029],[-6.597791,53.380107],[-6.597824,53.380129],[-6.598057,53.380435],[-6.598131,53.380554],[-6.598198,53.380633],[-6.598305,53.380754],[-6.598376,53.380826],[-6.598538,53.381018],[-6.598569,53.381053],[-6.598591,53.381082],[-6.598713,53.381237],[-6.598828,53.3814],[-6.598813,53.381594],[-6.598817,53.381612],[-6.598866,53.381864],[-6.598882,53.381945],[-6.598898,53.382028],[-6.598903,53.38205],[-6.598491,53.382068],[-6.598036,53.382089],[-6.597817,53.382092],[-6.597754,53.381987],[-6.597731,53.381959],[-6.597482,53.381999],[-6.59726,53.382037],[-6.596885,53.38208],[-6.596837,53.382086],[-6.596814,53.382083],[-6.596766,53.38208]],"type":"LineString"},"properties":{"hex_id":"89182c1a327ffff","service":"Supplies","dest_id":"way/30633224","dest_name":"ALDI","walk_min":8.2,"distance_m":683}},{"type":"Feature","geometry":{"coordinates":[[-6.612764,53.369246],[-6.612906,53.369323],[-6.613032,53.369334],[-6.613171,53.36939],[-6.61326,53.369508],[-6.613413,53.36958],[-6.613845,53.369741],[-6.614661,53.370046],[-6.615603,53.370369],[-6.615833,53.370458],[-6.616121,53.370583],[-6.616226,53.370625],[-6.615987,53.370802],[-6.61497,53.371565],[-6.613555,53.372658],[-6.613228,53.372873],[-6.612858,53.373069],[-6.612472,53.373277],[-6.612042,53.373472],[-6.611557,53.373645],[-6.611073,53.373779],[-6.610461,53.373916],[-6.609845,53.374055],[-6.609764,53.37407],[-6.608898,53.37421],[-6.608653,53.374257],[-6.60846,53.374294],[-6.608247,53.374336],[-6.607677,53.374447],[-6.607514,53.374474],[-6.607352,53.374494],[-6.607169,53.374512],[-6.606959,53.374525],[-6.606585,53.374539],[-6.606468,53.374544],[-6.606072,53.374556],[-6.605912,53.374566],[-6.605751,53.374583],[-6.605285,53.37465],[-6.605058,53.374688],[-6.604835,53.374727],[-6.60449,53.374792],[-6.604203,53.374836],[-6.603903,53.37487],[-6.603595,53.374908],[-6.603286,53.374937],[-6.603093,53.374954],[-6.602882,53.37499],[-6.602841,53.374999],[-6.602646,53.375051],[-6.602426,53.375119],[-6.602275,53.375172],[-6.602107,53.375231],[-6.601975,53.375276],[-6.601795,53.37533],[-6.601501,53.375398],[-6.601255,53.375434],[-6.600891,53.375457],[-6.60059,53.375475],[-6.600526,53.375266],[-6.600478,53.375147],[-6.600367,53.374994],[-6.600192,53.374766],[-6.600079,53.374478],[-6.599974,53.374199],[-6.599833,53.373879],[-6.599744,53.373642],[-6.599612,53.373363],[-6.599585,53.373291],[-6.599526,53.373143],[-6.599503,53.373113],[-6.599392,53.37301],[-6.599226,53.372889]],"type":"LineString"},"properties":{"hex_id":"89182c1858fffff","service":"Supplies","dest_id":"node/352674189","dest_name":"Spar","walk_min":21.71,"distance_m":1809}},{"type":"Feature","geometry":{"coordinates":[[-6.5832,53.368486],[-6.5832,53.368486],[-6.583204,53.368409],[-6.583147,53.36832],[-6.582892,53.368118],[-6.582744,53.368025],[-6.58263,53.367966],[-6.582392,53.367854],[-6.582256,53.367813],[-6.58208,53.367793],[-6.581938,53.367798],[-6.581933,53.367493],[-6.581789,53.367488],[-6.581786,53.367435],[-6.581803,53.367331],[-6.581803,53.367266],[-6.58203,53.367263],[-6.584408,53.367297],[-6.584548,53.367305],[-6.585481,53.367506],[-6.585793,53.367644],[-6.586168,53.367829],[-6.586547,53.368162],[-6.586892,53.368499],[-6.587178,53.368673],[-6.587493,53.368804],[-6.588038,53.368969],[-6.588284,53.369036],[-6.588363,53.369049],[-6.589788,53.369284],[-6.589754,53.369345],[-6.589692,53.369458],[-6.589513,53.369777]],"type":"LineString"},"properties":{"hex_id":"89182c1ae0fffff","service":"Supplies","dest_id":"way/31574825","dest_name":"Lidl","walk_min":10.32,"distance_m":860}},{"type":"Feature","geometry":{"coordinates":[[-6.578716,53.36988],[-6.578808,53.369758],[-6.578865,53.369638],[-6.578856,53.369584],[-6.578824,53.369482],[-6.57883,53.369419],[-6.578873,53.369323],[-6.579422,53.369476],[-6.579633,53.369537],[-6.579694,53.369554],[-6.579787,53.369581],[-6.579877,53.369605],[-6.579905,53.369613],[-6.580014,53.369642],[-6.580281,53.369713],[-6.580514,53.369783],[-6.580725,53.369846],[-6.580801,53.369876],[-6.58094,53.369931],[-6.581101,53.370009],[-6.581186,53.370056],[-6.581284,53.370112],[-6.58133,53.370139],[-6.581384,53.37017],[-6.581752,53.370418],[-6.581926,53.370553],[-6.582131,53.370708],[-6.582514,53.370994],[-6.58369,53.371912],[-6.583998,53.372152],[-6.584367,53.372455],[-6.584595,53.372356],[-6.585114,53.372754],[-6.586199,53.373588],[-6.586312,53.373669],[-6.586612,53.373911],[-6.586718,53.374002],[-6.586791,53.374005],[-6.587096,53.373865],[-6.587183,53.373826],[-6.58731,53.373929],[-6.587736,53.373736],[-6.588021,53.373931],[-6.588067,53.373956]],"type":"LineString"},"properties":{"hex_id":"89182c1ae17ffff","service":"Supplies","dest_id":"node/354880889","dest_name":"Centra","walk_min":11.45,"distance_m":951}},{"type":"Feature","geometry":{"coordinates":[[-6.577245,53.379648],[-6.577245,53.379648],[-6.577773,53.378827],[-6.578077,53.378805],[-6.578379,53.378767],[-6.578655,53.378728],[-6.579673,53.378595],[-6.580136,53.378524],[-6.580291,53.378502],[-6.580642,53.378454],[-6.581206,53.378376],[-6.581836,53.378295],[-6.581898,53.378287],[-6.5824,53.378222],[-6.582736,53.37818],[-6.582899,53.378159],[-6.583506,53.378079],[-6.583559,53.378072],[-6.583908,53.378031],[-6.584789,53.377936],[-6.585229,53.377891],[-6.585783,53.377844],[-6.586366,53.377825],[-6.586573,53.377821],[-6.587073,53.377813],[-6.587414,53.377807],[-6.587449,53.377806],[-6.587531,53.378021],[-6.587616,53.378218],[-6.587658,53.378319],[-6.587719,53.378437],[-6.588001,53.378907],[-6.588066,53.379],[-6.588023,53.379],[-6.588028,53.37903],[-6.588349,53.37946],[-6.588428,53.379539],[-6.588481,53.379637],[-6.588788,53.379929],[-6.588763,53.379938],[-6.588697,53.3799],[-6.588633,53.379931],[-6.588604,53.379946],[-6.58864,53.379977],[-6.588424,53.380107],[-6.588317,53.38012],[-6.588248,53.380122],[-6.588173,53.380115],[-6.588106,53.380119],[-6.588041,53.380136],[-6.58795,53.380142],[-6.587832,53.380163],[-6.587691,53.380198],[-6.587717,53.380229],[-6.587859,53.380246],[-6.587898,53.380331],[-6.587906,53.380349],[-6.587959,53.380464],[-6.587969,53.380483],[-6.588019,53.380478],[-6.588092,53.380643]],"type":"LineString"},"properties":{"hex_id":"89182c1ae9bffff","service":"Supplies","dest_id":"node/335754695","dest_name":"SuperValu","walk_min":13.99,"distance_m":1166}},{"type":"Feature","geometry":{"coordinates":[[-6.598132,53.386075],[-6.598218,53.386008],[-6.598381,53.38587],[-6.598504,53.385735],[-6.598589,53.385619],[-6.59861,53.385576],[-6.598742,53.385582],[-6.598799,53.385517],[-6.598804,53.385443],[-6.59869,53.385258],[-6.598578,53.385197],[-6.598544,53.385149],[-6.598455,53.385028],[-6.598359,53.384907],[-6.598344,53.384908],[-6.59826,53.384801],[-6.598318,53.384776],[-6.598422,53.38459],[-6.598552,53.384552],[-6.598662,53.38453],[-6.598764,53.384506],[-6.598841,53.38448],[-6.598923,53.384455],[-6.599006,53.38443],[-6.599147,53.38439],[-6.599695,53.384216],[-6.599727,53.384225],[-6.599809,53.384189],[-6.599902,53.384151],[-6.599941,53.384137],[-6.600023,53.384103]],"type":"LineString"},"properties":{"hex_id":"89182c1a3abffff","service":"Supplies","dest_id":"node/405712189","dest_name":"Londis","walk_min":3.82,"distance_m":319}},{"type":"Feature","geometry":{"coordinates":[[-6.600419,53.394189],[-6.600025,53.393506],[-6.599935,53.393346],[-6.599818,53.393149],[-6.599788,53.39309],[-6.59965,53.393131],[-6.599601,53.393147],[-6.599549,53.393083],[-6.599587,53.393068],[-6.599601,53.393059],[-6.599607,53.393048],[-6.599612,53.393036],[-6.599617,53.393023],[-6.599594,53.392941],[-6.5994,53.392506],[-6.599344,53.392425],[-6.599167,53.3921],[-6.598825,53.391447],[-6.598797,53.391404],[-6.598582,53.391073],[-6.598364,53.390666],[-6.598215,53.390388],[-6.59792,53.389841],[-6.597633,53.389262],[-6.597544,53.389108],[-6.597416,53.388885],[-6.597346,53.388763],[-6.597235,53.388595],[-6.597134,53.388398],[-6.597079,53.388288],[-6.596926,53.387989],[-6.596915,53.387966],[-6.596513,53.387286],[-6.596235,53.386752],[-6.595918,53.386174],[-6.595774,53.385889],[-6.59573,53.385851],[-6.595682,53.38577],[-6.595587,53.385607],[-6.595518,53.38549],[-6.595462,53.38539],[-6.595181,53.384892],[-6.595028,53.384616],[-6.594915,53.384439],[-6.594666,53.383991],[-6.594609,53.383893],[-6.594445,53.383613],[-6.594386,53.383469],[-6.594162,53.383085],[-6.594131,53.383031],[-6.594189,53.383022],[-6.594345,53.382995],[-6.594538,53.382959],[-6.594673,53.382874],[-6.595044,53.382789],[-6.595241,53.382717],[-6.595827,53.382585],[-6.595738,53.382522],[-6.595655,53.382467],[-6.59571,53.382457],[-6.595847,53.382391],[-6.596012,53.382365],[-6.596246,53.382338],[-6.59676,53.382265],[-6.596765,53.382222],[-6.596814,53.382083],[-6.596766,53.38208]],"type":"LineString"},"properties":{"hex_id":"89182c1a38bffff","service":"Supplies","dest_id":"way/30633224","dest_name":"ALDI","walk_min":18.94,"distance_m":1575}},{"type":"Feature","geometry":{"coordinates":[[-6.58229,53.388681],[-6.58229,53.388681],[-6.582458,53.38866],[-6.582648,53.388623],[-6.582782,53.38859],[-6.582862,53.388556],[-6.582961,53.388521],[-6.583188,53.388462],[-6.583427,53.388388],[-6.583686,53.388288],[-6.583888,53.388202],[-6.584096,53.388096],[-6.584147,53.388071],[-6.584783,53.387733],[-6.584921,53.387643],[-6.585161,53.387465],[-6.585309,53.387362],[-6.585309,53.387347],[-6.585581,53.387174],[-6.585584,53.387106],[-6.585766,53.386988],[-6.585825,53.386946],[-6.5862,53.386686],[-6.58648,53.38649],[-6.586608,53.386401],[-6.586714,53.386317],[-6.586784,53.386262],[-6.587161,53.385943],[-6.587483,53.385663],[-6.587974,53.385227],[-6.588003,53.385201],[-6.588125,53.385092],[-6.588219,53.385008],[-6.588395,53.38485],[-6.588426,53.384824],[-6.588489,53.384768],[-6.588602,53.384657],[-6.588686,53.384578],[-6.58882,53.384452],[-6.588886,53.384384],[-6.589019,53.384248],[-6.589069,53.384193],[-6.589284,53.383959],[-6.58942,53.383792],[-6.589532,53.383621],[-6.589591,53.38348],[-6.5896,53.383374],[-6.589596,53.383306],[-6.589574,53.38324],[-6.589165,53.382759],[-6.5892,53.382749],[-6.58946,53.382675],[-6.589565,53.382648],[-6.590053,53.382511],[-6.5903,53.382452],[-6.589943,53.382035]],"type":"LineString"},"properties":{"hex_id":"89182c1a143ffff","service":"Supplies","dest_id":"node/359968059","dest_name":"Londis","walk_min":12.0,"distance_m":997}},{"type":"Feature","geometry":{"coordinates":[[-6.593643,53.36714],[-6.593356,53.367072],[-6.592626,53.366821],[-6.592,53.36656],[-6.591734,53.366389],[-6.591719,53.366343],[-6.591661,53.365913],[-6.591586,53.365526],[-6.591526,53.365519],[-6.591282,53.365581],[-6.591241,53.365621],[-6.59126,53.365686],[-6.591259,53.365748],[-6.591257,53.36581],[-6.591299,53.365914],[-6.591323,53.366122],[-6.591277,53.366683],[-6.591274,53.366796],[-6.591251,53.367314],[-6.591217,53.367553],[-6.591211,53.367656],[-6.591165,53.368273],[-6.591132,53.368544],[-6.590931,53.369334],[-6.590885,53.369332],[-6.590835,53.369456],[-6.589788,53.369284],[-6.589754,53.369345],[-6.589692,53.369458],[-6.589513,53.369777]],"type":"LineString"},"properties":{"hex_id":"89182c1ae7bffff","service":"Supplies","dest_id":"way/31574825","dest_name":"Lidl","walk_min":10.07,"distance_m":839}},{"type":"Feature","geometry":{"coordinates":[[-6.61413,53.381934],[-6.61413,53.381934],[-6.614063,53.381938],[-6.613859,53.381945],[-6.613671,53.381947],[-6.613521,53.381945],[-6.613462,53.381949],[-6.613383,53.381951],[-6.613249,53.381957],[-6.613245,53.381863],[-6.613238,53.38176],[-6.613229,53.381669],[-6.613222,53.381615],[-6.613242,53.381492],[-6.613254,53.381443],[-6.613262,53.381375],[-6.613197,53.381379],[-6.613023,53.381387],[-6.611475,53.381511],[-6.610401,53.381616],[-6.609939,53.38164],[-6.608601,53.381665],[-6.608029,53.381644],[-6.607472,53.38161],[-6.60652,53.381542],[-6.60616,53.381529],[-6.605703,53.381523],[-6.605678,53.381523],[-6.605651,53.381524],[-6.60563,53.381524],[-6.605138,53.381538],[-6.604679,53.38157],[-6.604512,53.381587],[-6.603872,53.381653],[-6.603332,53.38172],[-6.602779,53.381783],[-6.602574,53.38181],[-6.601772,53.381892],[-6.601532,53.381916],[-6.601527,53.381951],[-6.601504,53.381984],[-6.601467,53.382011],[-6.601417,53.382031],[-6.60136,53.382041],[-6.601374,53.38208],[-6.601238,53.382055],[-6.600986,53.382008],[-6.599714,53.382101],[-6.599357,53.382127],[-6.599222,53.382137],[-6.599217,53.382098],[-6.599204,53.382035],[-6.598903,53.38205],[-6.598491,53.382068],[-6.598036,53.382089],[-6.597817,53.382092],[-6.597754,53.381987],[-6.597731,53.381959],[-6.597482,53.381999],[-6.59726,53.382037],[-6.596885,53.38208],[-6.596837,53.382086],[-6.596814,53.382083],[-6.596766,53.38208]],"type":"LineString"},"properties":{"hex_id":"89182c1a363ffff","service":"Supplies","dest_id":"way/30633224","dest_name":"ALDI","walk_min":15.19,"distance_m":1266}},{"type":"Feature","geometry":{"coordinates":[[-6.601629,53.387277],[-6.601003,53.387033],[-6.600894,53.387122],[-6.600859,53.387146],[-6.600777,53.387176],[-6.600573,53.387153],[-6.60043,53.387111],[-6.600165,53.386994],[-6.599954,53.386919],[-6.599085,53.386606],[-6.599123,53.386565],[-6.599147,53.386551],[-6.599243,53.386468],[-6.599257,53.386454],[-6.599346,53.386371],[-6.599385,53.386332],[-6.599564,53.38618],[-6.599468,53.38614],[-6.599432,53.386127],[-6.599398,53.386092],[-6.599405,53.386085],[-6.599409,53.386077],[-6.599407,53.386068],[-6.599402,53.38606],[-6.599392,53.386054],[-6.599533,53.385928],[-6.599696,53.385787],[-6.599816,53.385677],[-6.599852,53.385645],[-6.599883,53.385621],[-6.599911,53.385585],[-6.599941,53.385489],[-6.59994,53.385432],[-6.599875,53.385349],[-6.600088,53.385285],[-6.600112,53.385276],[-6.600137,53.385262],[-6.600107,53.385178],[-6.600034,53.385086],[-6.599861,53.384883],[-6.599769,53.38475],[-6.599758,53.384734],[-6.599804,53.3846],[-6.599691,53.38448],[-6.599659,53.384404],[-6.599646,53.384325],[-6.599703,53.384262],[-6.599727,53.384225],[-6.599809,53.384189],[-6.599902,53.384151],[-6.599941,53.384137],[-6.600023,53.384103]],"type":"LineString"},"properties":{"hex_id":"89182c1a317ffff","service":"Supplies","dest_id":"node/405712189","dest_name":"Londis","walk_min":6.65,"distance_m":538}},{"type":"Feature","geometry":{"coordinates":[[-6.607035,53.385164],[-6.607022,53.38509],[-6.60699,53.384919],[-6.606949,53.384909],[-6.606542,53.384935],[-6.606083,53.384964],[-6.60544,53.385004],[-6.604928,53.385037],[-6.604832,53.385048],[-6.604773,53.38506],[-6.60471,53.384956],[-6.604672,53.384851],[-6.604662,53.384825],[-6.604642,53.384762],[-6.604616,53.384723],[-6.604498,53.384759],[-6.604436,53.384778],[-6.604392,53.384791],[-6.604252,53.384834],[-6.604128,53.384869],[-6.604045,53.384894],[-6.603974,53.384918],[-6.60367,53.385013],[-6.6036,53.385034],[-6.60354,53.385048],[-6.603426,53.38506],[-6.60339,53.385017],[-6.603251,53.384835],[-6.60322,53.384792],[-6.603027,53.384533],[-6.602988,53.384483],[-6.602962,53.384448],[-6.60294,53.384417],[-6.602921,53.384395],[-6.602907,53.384378],[-6.602898,53.384366],[-6.602789,53.38427],[-6.602757,53.384264],[-6.602611,53.384239],[-6.602482,53.384257],[-6.602446,53.384267],[-6.602374,53.384281],[-6.602232,53.384322],[-6.602086,53.384365],[-6.601773,53.384448],[-6.601682,53.384471],[-6.601557,53.384452],[-6.601421,53.384419],[-6.601222,53.384371],[-6.601188,53.384376],[-6.601118,53.384364],[-6.600688,53.38426],[-6.600666,53.384265],[-6.60062,53.384264],[-6.600534,53.384271],[-6.600444,53.384306],[-6.600396,53.384348],[-6.600371,53.38436],[-6.600287,53.384394],[-6.6001,53.384457],[-6.600009,53.38446],[-6.599916,53.384369],[-6.600014,53.384313],[-6.599882,53.384209],[-6.599967,53.384171],[-6.599941,53.384137],[-6.600023,53.384103]],"type":"LineString"},"properties":{"hex_id":"89182c1a30fffff","service":"Supplies","dest_id":"node/405712189","dest_name":"Londis","walk_min":7.89,"distance_m":657}},{"type":"Feature","geometry":{"coordinates":[[-6.598473,53.390643],[-6.598364,53.390666],[-6.598215,53.390388],[-6.59792,53.389841],[-6.597633,53.389262],[-6.597544,53.389108],[-6.597416,53.388885],[-6.597346,53.388763],[-6.597235,53.388595],[-6.597134,53.388398],[-6.597079,53.388288],[-6.596926,53.387989],[-6.596915,53.387966],[-6.596513,53.387286],[-6.596235,53.386752],[-6.595918,53.386174],[-6.595774,53.385889],[-6.59573,53.385851],[-6.595682,53.38577],[-6.595587,53.385607],[-6.595518,53.38549],[-6.595462,53.38539],[-6.595181,53.384892],[-6.595028,53.384616],[-6.594915,53.384439],[-6.594666,53.383991],[-6.594609,53.383893],[-6.594445,53.383613],[-6.594386,53.383469],[-6.594162,53.383085],[-6.594131,53.383031],[-6.594189,53.383022],[-6.594345,53.382995],[-6.594538,53.382959],[-6.594673,53.382874],[-6.595044,53.382789],[-6.595241,53.382717],[-6.595827,53.382585],[-6.595738,53.382522],[-6.595655,53.382467],[-6.59571,53.382457],[-6.595847,53.382391],[-6.596012,53.382365],[-6.596246,53.382338],[-6.59676,53.382265],[-6.596765,53.382222],[-6.596814,53.382083],[-6.596766,53.38208]],"type":"LineString"},"properties":{"hex_id":"89182c1a38fffff","service":"Supplies","dest_id":"way/30633224","dest_name":"ALDI","walk_min":13.77,"distance_m":1147}},{"type":"Feature","geometry":{"coordinates":[[-6.59129,53.391831],[-6.591863,53.391603],[-6.592003,53.391537],[-6.592143,53.391506],[-6.592167,53.391501],[-6.592255,53.391483],[-6.59223,53.391437],[-6.592329,53.39141],[-6.592434,53.391365],[-6.592503,53.391324],[-6.592535,53.391282],[-6.592503,53.391169],[-6.592466,53.391118],[-6.592662,53.391073],[-6.593427,53.39092],[-6.593527,53.390904],[-6.593796,53.390867],[-6.593958,53.39086],[-6.594039,53.390866],[-6.594072,53.390869],[-6.594081,53.390817],[-6.594076,53.390641],[-6.594074,53.390544],[-6.594008,53.390316],[-6.593924,53.390113],[-6.593873,53.389991],[-6.593751,53.389801],[-6.593613,53.389619],[-6.593496,53.389501],[-6.5933,53.389319],[-6.593591,53.389167],[-6.59384,53.38906],[-6.594144,53.388954],[-6.594177,53.388943],[-6.594243,53.388919],[-6.594279,53.388911],[-6.594582,53.388851],[-6.595142,53.388715],[-6.595332,53.388657],[-6.595563,53.388584],[-6.595704,53.388533],[-6.595855,53.388485],[-6.596064,53.388437],[-6.596754,53.388346],[-6.597079,53.388288],[-6.596926,53.387989],[-6.596915,53.387966],[-6.596513,53.387286],[-6.596235,53.386752],[-6.595918,53.386174],[-6.595774,53.385889],[-6.59573,53.385851],[-6.595682,53.38577],[-6.595587,53.385607],[-6.595518,53.38549],[-6.595462,53.38539],[-6.595181,53.384892],[-6.595028,53.384616],[-6.594915,53.384439],[-6.594666,53.383991],[-6.594609,53.383893],[-6.594445,53.383613],[-6.594386,53.383469],[-6.594162,53.383085],[-6.594131,53.383031],[-6.594189,53.383022],[-6.594345,53.382995],[-6.594538,53.382959],[-6.594673,53.382874],[-6.595044,53.382789],[-6.595241,53.382717],[-6.595827,53.382585],[-6.595738,53.382522],[-6.595655,53.382467],[-6.59571,53.382457],[-6.595847,53.382391],[-6.596012,53.382365],[-6.596246,53.382338],[-6.59676,53.382265],[-6.596765,53.382222],[-6.596814,53.382083],[-6.596766,53.38208]],"type":"LineString"},"properties":{"hex_id":"89182c1a14bffff","service":"Supplies","dest_id":"way/30633224","dest_name":"ALDI","walk_min":18.77,"distance_m":1563}},{"type":"Feature","geometry":{"coordinates":[[-6.600798,53.368731],[-6.600497,53.368704],[-6.59991,53.36855],[-6.5982,53.36816],[-6.596054,53.367677],[-6.594322,53.367301],[-6.593356,53.367072],[-6.592626,53.366821],[-6.592,53.36656],[-6.591734,53.366389],[-6.591719,53.366343],[-6.591661,53.365913],[-6.591586,53.365526],[-6.591526,53.365519],[-6.591282,53.365581],[-6.591241,53.365621],[-6.59126,53.365686],[-6.591259,53.365748],[-6.591257,53.36581],[-6.591299,53.365914],[-6.591323,53.366122],[-6.591277,53.366683],[-6.591274,53.366796],[-6.591251,53.367314],[-6.591217,53.367553],[-6.591211,53.367656],[-6.591165,53.368273],[-6.591132,53.368544],[-6.590931,53.369334],[-6.590885,53.369332],[-6.590835,53.369456],[-6.589788,53.369284],[-6.589754,53.369345],[-6.589692,53.369458],[-6.589513,53.369777]],"type":"LineString"},"properties":{"hex_id":"89182c185b3ffff","service":"Supplies","dest_id":"way/31574825","dest_name":"Lidl","walk_min":16.18,"distance_m":1348}},{"type":"Feature","geometry":{"coordinates":[[-6.580664,53.374301],[-6.580572,53.374339],[-6.581245,53.375206],[-6.582234,53.374937],[-6.582214,53.374912],[-6.581875,53.374484],[-6.581883,53.374332],[-6.581978,53.374244],[-6.58251,53.373945],[-6.582618,53.37388],[-6.583028,53.373674],[-6.583311,53.373597],[-6.58354,53.373546],[-6.583898,53.373458],[-6.584135,53.373373],[-6.584335,53.373224],[-6.58444,53.373003],[-6.584562,53.372882],[-6.584711,53.372794],[-6.584789,53.37277],[-6.585108,53.373033],[-6.585232,53.373135],[-6.586314,53.373963],[-6.58638,53.374014],[-6.586612,53.373911],[-6.586718,53.374002],[-6.586791,53.374005],[-6.587096,53.373865],[-6.587183,53.373826],[-6.58731,53.373929],[-6.587736,53.373736],[-6.588021,53.373931],[-6.588067,53.373956]],"type":"LineString"},"properties":{"hex_id":"89182c1ae13ffff","service":"Supplies","dest_id":"node/354880889","dest_name":"Centra","walk_min":10.25,"distance_m":855}},{"type":"Feature","geometry":{"coordinates":[[-6.591853,53.370295],[-6.591802,53.370296],[-6.591657,53.370336],[-6.591483,53.370395],[-6.591519,53.370478],[-6.591366,53.37077],[-6.591166,53.370732],[-6.591045,53.370777],[-6.590971,53.37076],[-6.59074,53.370653],[-6.590601,53.370587],[-6.590516,53.370469],[-6.590588,53.370363],[-6.590625,53.370293],[-6.590722,53.370082],[-6.590783,53.369918],[-6.590686,53.369907],[-6.590645,53.369851],[-6.590562,53.369873],[-6.590545,53.369834],[-6.590492,53.369772],[-6.590571,53.369616],[-6.589944,53.369508],[-6.589692,53.369458],[-6.589513,53.369777]],"type":"LineString"},"properties":{"hex_id":"89182c1ae47ffff","service":"Supplies","dest_id":"way/31574825","dest_name":"Lidl","walk_min":4.29,"distance_m":358}},{"type":"Feature","geometry":{"coordinates":[[-6.573866,53.367928],[-6.576137,53.368564],[-6.577226,53.368866],[-6.577593,53.368968],[-6.577924,53.36906],[-6.578873,53.369323],[-6.579422,53.369476],[-6.579633,53.369537],[-6.579694,53.369554],[-6.579787,53.369581],[-6.579877,53.369605],[-6.579905,53.369613],[-6.580014,53.369642],[-6.580281,53.369713],[-6.580514,53.369783],[-6.580725,53.369846],[-6.580801,53.369876],[-6.58094,53.369931],[-6.581101,53.370009],[-6.581186,53.370056],[-6.581284,53.370112],[-6.58133,53.370139],[-6.581384,53.37017],[-6.581752,53.370418],[-6.581926,53.370553],[-6.582131,53.370708],[-6.582514,53.370994],[-6.58369,53.371912],[-6.583998,53.372152],[-6.584367,53.372455],[-6.584595,53.372356],[-6.585114,53.372754],[-6.586199,53.373588],[-6.586312,53.373669],[-6.586612,53.373911],[-6.586718,53.374002],[-6.586791,53.374005],[-6.587096,53.373865],[-6.587183,53.373826],[-6.58731,53.373929],[-6.587736,53.373736],[-6.588021,53.373931],[-6.588067,53.373956]],"type":"LineString"},"properties":{"hex_id":"89182c1ae33ffff","service":"Supplies","dest_id":"node/354880889","dest_name":"Centra","walk_min":15.09,"distance_m":1254}},{"type":"Feature","geometry":{"coordinates":[[-6.592323,53.397378],[-6.592328,53.397375],[-6.592551,53.397276],[-6.5928,53.397073],[-6.593082,53.397075],[-6.593428,53.397004],[-6.59368,53.396924],[-6.59392,53.396737],[-6.594092,53.396797],[-6.594812,53.397049],[-6.59582,53.397388],[-6.596335,53.397578],[-6.596868,53.397805],[-6.597109,53.398],[-6.597247,53.398217],[-6.597432,53.398415],[-6.597767,53.398613],[-6.598036,53.398701],[-6.598182,53.398744],[-6.598414,53.3988],[-6.599107,53.398876],[-6.599337,53.398927],[-6.599524,53.398991],[-6.599689,53.399046],[-6.599889,53.399105],[-6.600099,53.399147],[-6.600415,53.399191],[-6.602154,53.399549],[-6.60219,53.399147],[-6.602211,53.398947],[-6.602217,53.398865],[-6.602245,53.398452],[-6.602247,53.398056],[-6.602276,53.39776],[-6.602273,53.397565],[-6.602251,53.397471],[-6.602226,53.397429],[-6.60217,53.397334],[-6.602068,53.397137],[-6.601903,53.396863],[-6.601472,53.396091],[-6.60145,53.39605],[-6.60127,53.395722],[-6.60092,53.395059],[-6.600571,53.394453],[-6.600025,53.393506],[-6.599935,53.393346],[-6.599818,53.393149],[-6.599788,53.39309],[-6.59965,53.393131],[-6.599601,53.393147],[-6.599549,53.393083],[-6.599587,53.393068],[-6.599601,53.393059],[-6.599607,53.393048],[-6.599612,53.393036],[-6.599617,53.393023],[-6.599594,53.392941],[-6.5994,53.392506],[-6.599344,53.392425],[-6.599167,53.3921],[-6.598825,53.391447],[-6.598797,53.391404],[-6.598582,53.391073],[-6.598364,53.390666],[-6.598215,53.390388],[-6.59792,53.389841],[-6.597633,53.389262],[-6.597544,53.389108],[-6.597416,53.388885],[-6.597346,53.388763],[-6.597235,53.388595],[-6.597134,53.388398],[-6.597079,53.388288],[-6.596926,53.387989],[-6.596915,53.387966],[-6.596513,53.387286],[-6.596235,53.386752],[-6.595918,53.386174],[-6.595774,53.385889],[-6.59573,53.385851],[-6.595682,53.38577],[-6.595587,53.385607],[-6.595518,53.38549],[-6.595462,53.38539],[-6.595181,53.384892],[-6.595028,53.384616],[-6.594915,53.384439],[-6.594666,53.383991],[-6.594609,53.383893],[-6.594445,53.383613],[-6.594386,53.383469],[-6.594162,53.383085],[-6.594131,53.383031],[-6.594189,53.383022],[-6.594345,53.382995],[-6.594538,53.382959],[-6.594673,53.382874],[-6.595044,53.382789],[-6.595241,53.382717],[-6.595827,53.382585],[-6.595738,53.382522],[-6.595655,53.382467],[-6.59571,53.382457],[-6.595847,53.382391],[-6.596012,53.382365],[-6.596246,53.382338],[-6.59676,53.382265],[-6.596765,53.382222],[-6.596814,53.382083],[-6.596766,53.38208]],"type":"LineString"},"properties":{"hex_id":"89182c1a02fffff","service":"Supplies","dest_id":"way/30633224","dest_name":"ALDI","walk_min":35.77,"distance_m":2978}},{"type":"Feature","geometry":{"coordinates":[[-6.571008,53.364108],[-6.571262,53.363668],[-6.572504,53.363982],[-6.572727,53.364024],[-6.573092,53.364054],[-6.573231,53.364061],[-6.574992,53.364129],[-6.576074,53.364187],[-6.57611,53.364188],[-6.576565,53.364207],[-6.576886,53.36422],[-6.577506,53.364245],[-6.577525,53.364246],[-6.578138,53.364287],[-6.578231,53.364293],[-6.578949,53.364408],[-6.579144,53.364435],[-6.579339,53.364431],[-6.579822,53.364431],[-6.581441,53.364388],[-6.581702,53.364404],[-6.581771,53.364408],[-6.582078,53.364449],[-6.582528,53.364581],[-6.583056,53.364697],[-6.583418,53.364755],[-6.583737,53.364807],[-6.584107,53.364809],[-6.584657,53.364697],[-6.585012,53.364626],[-6.585365,53.364599],[-6.585787,53.364586],[-6.587501,53.364556],[-6.588145,53.364552],[-6.589129,53.36452],[-6.589334,53.364537],[-6.589491,53.364564],[-6.590147,53.364678],[-6.590623,53.36476],[-6.590924,53.364814],[-6.590968,53.364822],[-6.591256,53.36485],[-6.59134,53.364848],[-6.591423,53.364846],[-6.591427,53.364911],[-6.59142,53.365042],[-6.59138,53.365147],[-6.591223,53.365385],[-6.591262,53.365416],[-6.59129,53.365451],[-6.591304,53.365489],[-6.591303,53.365536],[-6.591282,53.365581],[-6.591241,53.365621],[-6.59126,53.365686],[-6.591259,53.365748],[-6.591257,53.36581],[-6.591299,53.365914],[-6.591323,53.366122],[-6.591277,53.366683],[-6.591274,53.366796],[-6.591251,53.367314],[-6.591217,53.367553],[-6.591211,53.367656],[-6.591165,53.368273],[-6.591132,53.368544],[-6.590931,53.369334],[-6.590885,53.369332],[-6.590835,53.369456],[-6.589788,53.369284],[-6.589754,53.369345],[-6.589692,53.369458],[-6.589513,53.369777]],"type":"LineString"},"properties":{"hex_id":"89182c1ae37ffff","service":"Supplies","dest_id":"way/31574825","dest_name":"Lidl","walk_min":24.9,"distance_m":2075}},{"type":"Feature","geometry":{"coordinates":[[-6.57635,53.364198],[-6.576565,53.364207],[-6.576886,53.36422],[-6.577506,53.364245],[-6.577525,53.364246],[-6.578138,53.364287],[-6.578231,53.364293],[-6.578949,53.364408],[-6.579144,53.364435],[-6.579339,53.364431],[-6.579822,53.364431],[-6.581441,53.364388],[-6.581702,53.364404],[-6.581771,53.364408],[-6.582078,53.364449],[-6.582528,53.364581],[-6.583056,53.364697],[-6.583418,53.364755],[-6.583737,53.364807],[-6.584107,53.364809],[-6.584657,53.364697],[-6.585012,53.364626],[-6.585365,53.364599],[-6.585787,53.364586],[-6.587501,53.364556],[-6.588145,53.364552],[-6.589129,53.36452],[-6.589334,53.364537],[-6.589491,53.364564],[-6.590147,53.364678],[-6.590623,53.36476],[-6.590924,53.364814],[-6.590968,53.364822],[-6.591256,53.36485],[-6.59134,53.364848],[-6.591423,53.364846],[-6.591427,53.364911],[-6.59142,53.365042],[-6.59138,53.365147],[-6.591223,53.365385],[-6.591262,53.365416],[-6.59129,53.365451],[-6.591304,53.365489],[-6.591303,53.365536],[-6.591282,53.365581],[-6.591241,53.365621],[-6.59126,53.365686],[-6.591259,53.365748],[-6.591257,53.36581],[-6.591299,53.365914],[-6.591323,53.366122],[-6.591277,53.366683],[-6.591274,53.366796],[-6.591251,53.367314],[-6.591217,53.367553],[-6.591211,53.367656],[-6.591165,53.368273],[-6.591132,53.368544],[-6.590931,53.369334],[-6.590885,53.369332],[-6.590835,53.369456],[-6.589788,53.369284],[-6.589754,53.369345],[-6.589692,53.369458],[-6.589513,53.369777]],"type":"LineString"},"properties":{"hex_id":"89182c1ae23ffff","service":"Supplies","dest_id":"way/31574825","dest_name":"Lidl","walk_min":20.11,"distance_m":1676}},{"type":"Feature","geometry":{"coordinates":[[-6.589257,53.383989],[-6.589284,53.383959],[-6.58942,53.383792],[-6.589532,53.383621],[-6.589591,53.38348],[-6.5896,53.383374],[-6.589596,53.383306],[-6.589574,53.38324],[-6.589165,53.382759],[-6.5892,53.382749],[-6.58946,53.382675],[-6.589565,53.382648],[-6.590053,53.382511],[-6.5903,53.382452],[-6.589943,53.382035]],"type":"LineString"},"properties":{"hex_id":"89182c1a3a7ffff","service":"Supplies","dest_id":"node/359968059","dest_name":"Londis","walk_min":3.4,"distance_m":283}},{"type":"Feature","geometry":{"coordinates":[[-6.587357,53.389476],[-6.587488,53.389413],[-6.586651,53.388741],[-6.586372,53.388592],[-6.587095,53.388122],[-6.587745,53.387719],[-6.587855,53.387676],[-6.587889,53.387627],[-6.588049,53.387454],[-6.588141,53.38732],[-6.588161,53.387291],[-6.588189,53.387251],[-6.588123,53.387233],[-6.588056,53.387207],[-6.587591,53.386922],[-6.587506,53.386875],[-6.587553,53.386827],[-6.586805,53.38642],[-6.586789,53.386356],[-6.586714,53.386317],[-6.586784,53.386262],[-6.587161,53.385943],[-6.587483,53.385663],[-6.587974,53.385227],[-6.588003,53.385201],[-6.588125,53.385092],[-6.588219,53.385008],[-6.588395,53.38485],[-6.588426,53.384824],[-6.588489,53.384768],[-6.588602,53.384657],[-6.588686,53.384578],[-6.58882,53.384452],[-6.588886,53.384384],[-6.589019,53.384248],[-6.589069,53.384193],[-6.589284,53.383959],[-6.58942,53.383792],[-6.589532,53.383621],[-6.589591,53.38348],[-6.5896,53.383374],[-6.589596,53.383306],[-6.589574,53.38324],[-6.589165,53.382759],[-6.5892,53.382749],[-6.58946,53.382675],[-6.589565,53.382648],[-6.590053,53.382511],[-6.5903,53.382452],[-6.589943,53.382035]],"type":"LineString"},"properties":{"hex_id":"89182c1a14fffff","service":"Supplies","dest_id":"node/359968059","dest_name":"Londis","walk_min":12.79,"distance_m":1066}},{"type":"Feature","geometry":{"coordinates":[[-6.590968,53.381249],[-6.590907,53.38118],[-6.590762,53.38103],[-6.590718,53.380984],[-6.590692,53.380961],[-6.590663,53.380972],[-6.590568,53.381005],[-6.590492,53.38103],[-6.590418,53.381056],[-6.590374,53.381072],[-6.590168,53.381136],[-6.590122,53.381149],[-6.590092,53.381156],[-6.589973,53.38119],[-6.589863,53.381222],[-6.589382,53.381362],[-6.589362,53.381368],[-6.589481,53.381506]],"type":"LineString"},"properties":{"hex_id":"89182c1aedbffff","service":"Supplies","dest_id":"way/579222479","dest_name":"Mróz Maynooth","walk_min":1.84,"distance_m":154}},{"type":"Feature","geometry":{"coordinates":[[-6.600831,53.380395],[-6.600784,53.38036],[-6.600807,53.380293],[-6.600595,53.38035],[-6.599999,53.380508],[-6.599781,53.380565],[-6.59961,53.380628],[-6.599471,53.380665],[-6.599372,53.380692],[-6.599353,53.380698],[-6.599179,53.380743],[-6.599134,53.380753],[-6.599056,53.380773],[-6.598889,53.380817],[-6.598762,53.380856],[-6.598629,53.380893],[-6.598557,53.380888],[-6.598491,53.380873],[-6.598447,53.380856],[-6.598376,53.380826],[-6.598538,53.381018],[-6.598569,53.381053],[-6.598591,53.381082],[-6.598713,53.381237],[-6.598828,53.3814],[-6.598813,53.381594],[-6.598817,53.381612],[-6.598866,53.381864],[-6.598882,53.381945],[-6.598898,53.382028],[-6.598903,53.38205],[-6.598491,53.382068],[-6.598036,53.382089],[-6.597817,53.382092],[-6.597754,53.381987],[-6.597731,53.381959],[-6.597482,53.381999],[-6.59726,53.382037],[-6.596885,53.38208],[-6.596837,53.382086],[-6.596814,53.382083],[-6.596766,53.38208]],"type":"LineString"},"properties":{"hex_id":"89182c1a323ffff","service":"Supplies","dest_id":"way/30633224","dest_name":"ALDI","walk_min":5.86,"distance_m":489}},{"type":"Feature","geometry":{"coordinates":[[-6.596955,53.369682],[-6.597576,53.369775],[-6.597759,53.369806],[-6.597952,53.369839],[-6.597933,53.3701],[-6.597887,53.370325],[-6.59804,53.370337],[-6.598034,53.370516],[-6.598023,53.370529],[-6.597886,53.370852],[-6.597818,53.37103],[-6.597737,53.371139],[-6.597768,53.371144],[-6.598596,53.371257],[-6.598484,53.371445],[-6.59835,53.371686],[-6.598269,53.37182],[-6.598143,53.372001],[-6.598045,53.372134],[-6.597934,53.37231],[-6.597996,53.372329],[-6.598403,53.372465],[-6.598592,53.372536],[-6.598701,53.372592],[-6.599059,53.372767],[-6.599226,53.372889]],"type":"LineString"},"properties":{"hex_id":"89182c1ae4fffff","service":"Supplies","dest_id":"node/352674189","dest_name":"Spar","walk_min":6.21,"distance_m":518}},{"type":"Feature","geometry":{"coordinates":[[-6.603595,53.37268],[-6.603595,53.37268],[-6.603664,53.372736],[-6.603674,53.37276],[-6.603667,53.37278],[-6.603624,53.372807],[-6.603587,53.37283],[-6.603654,53.373024],[-6.603717,53.373256],[-6.60378,53.373506],[-6.603708,53.373534],[-6.60425,53.37393],[-6.604536,53.374006],[-6.604645,53.374248],[-6.604667,53.374348],[-6.604814,53.37469],[-6.604611,53.374729],[-6.604303,53.374779],[-6.604147,53.3748],[-6.60399,53.374819],[-6.603898,53.374829],[-6.603337,53.374896],[-6.603286,53.374937],[-6.603093,53.374954],[-6.602882,53.37499],[-6.602841,53.374999],[-6.602646,53.375051],[-6.602426,53.375119],[-6.602275,53.375172],[-6.602107,53.375231],[-6.601975,53.375276],[-6.601795,53.37533],[-6.601501,53.375398],[-6.601255,53.375434],[-6.600891,53.375457],[-6.60059,53.375475],[-6.600526,53.375266],[-6.600478,53.375147],[-6.600367,53.374994],[-6.600192,53.374766],[-6.600079,53.374478],[-6.599974,53.374199],[-6.599833,53.373879],[-6.599744,53.373642],[-6.599612,53.373363],[-6.599585,53.373291],[-6.599526,53.373143],[-6.599503,53.373113],[-6.599392,53.37301],[-6.599226,53.372889]],"type":"LineString"},"properties":{"hex_id":"89182c18587ffff","service":"Supplies","dest_id":"node/352674189","dest_name":"Spar","walk_min":10.34,"distance_m":862}},{"type":"Feature","geometry":{"coordinates":[[-6.57378,53.377653],[-6.574201,53.377797],[-6.575293,53.378194],[-6.575875,53.378401],[-6.57653,53.378546],[-6.577773,53.378827],[-6.578077,53.378805],[-6.578379,53.378767],[-6.578655,53.378728],[-6.579673,53.378595],[-6.580136,53.378524],[-6.580291,53.378502],[-6.580642,53.378454],[-6.581206,53.378376],[-6.581836,53.378295],[-6.581898,53.378287],[-6.5824,53.378222],[-6.582736,53.37818],[-6.582899,53.378159],[-6.583506,53.378079],[-6.583559,53.378072],[-6.583908,53.378031],[-6.584789,53.377936],[-6.585229,53.377891],[-6.585783,53.377844],[-6.586366,53.377825],[-6.586573,53.377821],[-6.587073,53.377813],[-6.587414,53.377807],[-6.587449,53.377806],[-6.587531,53.378021],[-6.587616,53.378218],[-6.587658,53.378319],[-6.587719,53.378437],[-6.588001,53.378907],[-6.588066,53.379],[-6.588023,53.379],[-6.588028,53.37903],[-6.588349,53.37946],[-6.588428,53.379539],[-6.588481,53.379637],[-6.588788,53.379929],[-6.588763,53.379938],[-6.588697,53.3799],[-6.588633,53.379931],[-6.588604,53.379946],[-6.58864,53.379977],[-6.588424,53.380107],[-6.588317,53.38012],[-6.588248,53.380122],[-6.588173,53.380115],[-6.588106,53.380119],[-6.588041,53.380136],[-6.58795,53.380142],[-6.587832,53.380163],[-6.587691,53.380198],[-6.587717,53.380229],[-6.587859,53.380246],[-6.587898,53.380331],[-6.587906,53.380349],[-6.587959,53.380464],[-6.587969,53.380483],[-6.588019,53.380478],[-6.588092,53.380643]],"type":"LineString"},"properties":{"hex_id":"89182c1ae83ffff","service":"Supplies","dest_id":"node/335754695","dest_name":"SuperValu","walk_min":16.38,"distance_m":1365}},{"type":"Feature","geometry":{"coordinates":[[-6.612369,53.376647],[-6.61233,53.376563],[-6.612295,53.376551],[-6.612244,53.376397],[-6.612229,53.37636],[-6.611862,53.376416],[-6.611521,53.376514],[-6.611177,53.376669],[-6.611038,53.376744],[-6.610886,53.376824],[-6.610674,53.376923],[-6.610547,53.376982],[-6.610237,53.377061],[-6.609953,53.377117],[-6.609918,53.377124],[-6.609843,53.377138],[-6.609354,53.377222],[-6.609263,53.377231],[-6.609091,53.37724],[-6.60891,53.377248],[-6.608752,53.377242],[-6.608608,53.377235],[-6.608461,53.377218],[-6.608299,53.377193],[-6.6081,53.377154],[-6.607923,53.377094],[-6.607855,53.377066],[-6.607797,53.377041],[-6.607661,53.376949],[-6.607541,53.376855],[-6.607427,53.376764],[-6.607195,53.376551],[-6.607099,53.376469],[-6.606784,53.376255],[-6.606709,53.376194],[-6.606633,53.376106],[-6.606597,53.376008],[-6.6066,53.375901],[-6.606664,53.375745],[-6.60667,53.375712],[-6.606672,53.375676],[-6.606637,53.375591],[-6.606542,53.375441],[-6.606282,53.375482],[-6.60615,53.375505],[-6.606037,53.375531],[-6.605949,53.375565],[-6.605493,53.375844],[-6.605308,53.375967],[-6.605005,53.375774],[-6.604723,53.375587],[-6.604423,53.375391],[-6.604284,53.375304],[-6.604299,53.375266],[-6.604307,53.375244],[-6.604299,53.375221],[-6.604279,53.3752],[-6.604248,53.375178],[-6.60416,53.375131],[-6.604031,53.375057],[-6.603986,53.375016],[-6.603913,53.374907],[-6.603903,53.37487],[-6.603595,53.374908],[-6.603286,53.374937],[-6.603093,53.374954],[-6.602882,53.37499],[-6.602841,53.374999],[-6.602646,53.375051],[-6.602426,53.375119],[-6.602275,53.375172],[-6.602107,53.375231],[-6.601975,53.375276],[-6.601795,53.37533],[-6.601501,53.375398],[-6.601255,53.375434],[-6.600891,53.375457],[-6.60059,53.375475],[-6.600526,53.375266],[-6.600478,53.375147],[-6.600367,53.374994],[-6.600192,53.374766],[-6.600079,53.374478],[-6.599974,53.374199],[-6.599833,53.373879],[-6.599744,53.373642],[-6.599612,53.373363],[-6.599585,53.373291],[-6.599526,53.373143],[-6.599503,53.373113],[-6.599392,53.37301],[-6.599226,53.372889]],"type":"LineString"},"properties":{"hex_id":"89182c1859bffff","service":"Supplies","dest_id":"node/352674189","dest_name":"Spar","walk_min":16.39,"distance_m":1367}},{"type":"Feature","geometry":{"coordinates":[[-6.60414,53.382798],[-6.604086,53.382717],[-6.604051,53.38269],[-6.603949,53.382628],[-6.603707,53.382712],[-6.603491,53.382769],[-6.603324,53.382555],[-6.603244,53.38258],[-6.602927,53.382681],[-6.602846,53.382693],[-6.602767,53.382732],[-6.602696,53.382636],[-6.602614,53.38256],[-6.602507,53.382524],[-6.602409,53.382519],[-6.602297,53.382524],[-6.602225,53.382522],[-6.602155,53.382531],[-6.602108,53.382588],[-6.602074,53.382644],[-6.602017,53.382739],[-6.602008,53.382771],[-6.602008,53.382789],[-6.602022,53.382816],[-6.602035,53.382831],[-6.602059,53.382861],[-6.602163,53.382993],[-6.60218,53.383013],[-6.602211,53.383052],[-6.602241,53.383086],[-6.602181,53.383112],[-6.602159,53.383123],[-6.602116,53.383106],[-6.602028,53.383102],[-6.601924,53.383122],[-6.601763,53.383194],[-6.601662,53.383272],[-6.601623,53.383322],[-6.601599,53.383293],[-6.601584,53.383208],[-6.601539,53.383146],[-6.600848,53.383341],[-6.600671,53.383388],[-6.600585,53.383372],[-6.600452,53.38334],[-6.600433,53.383363],[-6.600403,53.383381],[-6.600364,53.383392],[-6.600322,53.383394],[-6.60028,53.383389],[-6.600221,53.383488],[-6.600134,53.383466],[-6.600071,53.383544],[-6.600001,53.383569],[-6.599949,53.383584],[-6.599823,53.383626],[-6.59956,53.38371],[-6.599526,53.383721],[-6.599587,53.383796],[-6.599611,53.383795],[-6.59965,53.383843],[-6.599861,53.384103],[-6.600011,53.384069],[-6.600023,53.384103],[-6.600023,53.384103]],"type":"LineString"},"properties":{"hex_id":"89182c1a33bffff","service":"Supplies","dest_id":"node/405712189","dest_name":"Londis","walk_min":6.57,"distance_m":547}},{"type":"Feature","geometry":{"coordinates":[[-6.596343,53.3884],[-6.596754,53.388346],[-6.597079,53.388288],[-6.596926,53.387989],[-6.596915,53.387966],[-6.596513,53.387286],[-6.596235,53.386752],[-6.595918,53.386174],[-6.595774,53.385889],[-6.59573,53.385851],[-6.595682,53.38577],[-6.595587,53.385607],[-6.595518,53.38549],[-6.595462,53.38539],[-6.595181,53.384892],[-6.595028,53.384616],[-6.594915,53.384439],[-6.594666,53.383991],[-6.594609,53.383893],[-6.594445,53.383613],[-6.594386,53.383469],[-6.594162,53.383085],[-6.594131,53.383031],[-6.594189,53.383022],[-6.594345,53.382995],[-6.594538,53.382959],[-6.594673,53.382874],[-6.595044,53.382789],[-6.595241,53.382717],[-6.595827,53.382585],[-6.595738,53.382522],[-6.595655,53.382467],[-6.59571,53.382457],[-6.595847,53.382391],[-6.596012,53.382365],[-6.596246,53.382338],[-6.59676,53.382265],[-6.596765,53.382222],[-6.596814,53.382083],[-6.596766,53.38208]],"type":"LineString"},"properties":{"hex_id":"89182c1a3bbffff","service":"Supplies","dest_id":"way/30633224","dest_name":"ALDI","walk_min":10.95,"distance_m":912}},{"type":"Feature","geometry":{"coordinates":[[-6.598579,53.394064],[-6.597507,53.394354],[-6.597314,53.39443],[-6.597494,53.394677],[-6.597633,53.394868],[-6.597821,53.395122],[-6.598442,53.395232],[-6.598981,53.395329],[-6.599019,53.395313],[-6.599259,53.395249],[-6.60022,53.395021],[-6.600291,53.394978],[-6.600304,53.394971],[-6.600269,53.394939],[-6.600194,53.394839],[-6.600173,53.394796],[-6.600135,53.394747],[-6.600134,53.394712],[-6.600147,53.394689],[-6.600179,53.394661],[-6.600233,53.39463],[-6.600309,53.394564],[-6.600319,53.394536],[-6.600321,53.394507],[-6.600294,53.39446],[-6.600221,53.394414],[-6.600155,53.394363],[-6.600125,53.394337],[-6.600028,53.394213],[-6.600004,53.394168],[-6.599976,53.39411],[-6.59998,53.39402],[-6.599995,53.393897],[-6.599976,53.39386],[-6.599924,53.393824],[-6.599773,53.393775],[-6.599526,53.393733],[-6.599395,53.393714],[-6.599171,53.393671],[-6.599119,53.393664],[-6.598938,53.393648],[-6.598965,53.393428],[-6.599644,53.393204],[-6.599601,53.393147],[-6.599549,53.393083],[-6.599587,53.393068],[-6.599601,53.393059],[-6.599607,53.393048],[-6.599612,53.393036],[-6.599617,53.393023],[-6.599594,53.392941],[-6.5994,53.392506],[-6.599344,53.392425],[-6.599167,53.3921],[-6.598825,53.391447],[-6.598797,53.391404],[-6.598582,53.391073],[-6.598364,53.390666],[-6.598215,53.390388],[-6.59792,53.389841],[-6.597633,53.389262],[-6.597544,53.389108],[-6.597416,53.388885],[-6.597346,53.388763],[-6.597235,53.388595],[-6.597134,53.388398],[-6.597079,53.388288],[-6.596926,53.387989],[-6.596915,53.387966],[-6.596513,53.387286],[-6.596235,53.386752],[-6.595918,53.386174],[-6.595774,53.385889],[-6.59573,53.385851],[-6.595682,53.38577],[-6.595587,53.385607],[-6.595518,53.38549],[-6.595462,53.38539],[-6.595181,53.384892],[-6.595028,53.384616],[-6.594915,53.384439],[-6.594666,53.383991],[-6.594609,53.383893],[-6.594445,53.383613],[-6.594386,53.383469],[-6.594162,53.383085],[-6.594131,53.383031],[-6.594189,53.383022],[-6.594345,53.382995],[-6.594538,53.382959],[-6.594673,53.382874],[-6.595044,53.382789],[-6.595241,53.382717],[-6.595827,53.382585],[-6.595738,53.382522],[-6.595655,53.382467],[-6.59571,53.382457],[-6.595847,53.382391],[-6.596012,53.382365],[-6.596246,53.382338],[-6.59676,53.382265],[-6.596765,53.382222],[-6.596814,53.382083],[-6.596766,53.38208]],"type":"LineString"},"properties":{"hex_id":"89182c1a383ffff","service":"Supplies","dest_id":"way/30633224","dest_name":"ALDI","walk_min":24.98,"distance_m":2081}},{"type":"Feature","geometry":{"coordinates":[[-6.593484,53.394299],[-6.59356,53.394284],[-6.593897,53.394213],[-6.593862,53.394144],[-6.593786,53.394034],[-6.593719,53.393842],[-6.593705,53.393739],[-6.594448,53.393617],[-6.5945,53.393608],[-6.594404,53.393382],[-6.594298,53.393252],[-6.59429,53.393236],[-6.594148,53.392935],[-6.594142,53.392862],[-6.594117,53.392546],[-6.594114,53.392526],[-6.594098,53.392365],[-6.593985,53.392069],[-6.593966,53.392008],[-6.593968,53.391905],[-6.593956,53.391874],[-6.593955,53.3918],[-6.593954,53.391691],[-6.593999,53.391401],[-6.593994,53.39135],[-6.594101,53.390924],[-6.594072,53.390869],[-6.594081,53.390817],[-6.594076,53.390641],[-6.594074,53.390544],[-6.594008,53.390316],[-6.593924,53.390113],[-6.593873,53.389991],[-6.593751,53.389801],[-6.593613,53.389619],[-6.593496,53.389501],[-6.5933,53.389319],[-6.593591,53.389167],[-6.59384,53.38906],[-6.594144,53.388954],[-6.594177,53.388943],[-6.594243,53.388919],[-6.594279,53.388911],[-6.594582,53.388851],[-6.595142,53.388715],[-6.595332,53.388657],[-6.595563,53.388584],[-6.595704,53.388533],[-6.595855,53.388485],[-6.596064,53.388437],[-6.596754,53.388346],[-6.597079,53.388288],[-6.596926,53.387989],[-6.596915,53.387966],[-6.596513,53.387286],[-6.596235,53.386752],[-6.595918,53.386174],[-6.595774,53.385889],[-6.59573,53.385851],[-6.595682,53.38577],[-6.595587,53.385607],[-6.595518,53.38549],[-6.595462,53.38539],[-6.595181,53.384892],[-6.595028,53.384616],[-6.594915,53.384439],[-6.594666,53.383991],[-6.594609,53.383893],[-6.594445,53.383613],[-6.594386,53.383469],[-6.594162,53.383085],[-6.594131,53.383031],[-6.594189,53.383022],[-6.594345,53.382995],[-6.594538,53.382959],[-6.594673,53.382874],[-6.595044,53.382789],[-6.595241,53.382717],[-6.595827,53.382585],[-6.595738,53.382522],[-6.595655,53.382467],[-6.59571,53.382457],[-6.595847,53.382391],[-6.596012,53.382365],[-6.596246,53.382338],[-6.59676,53.382265],[-6.596765,53.382222],[-6.596814,53.382083],[-6.596766,53.38208]],"type":"LineString"},"properties":{"hex_id":"89182c1a397ffff","service":"Supplies","dest_id":"way/30633224","dest_name":"ALDI","walk_min":21.29,"distance_m":1774}},{"type":"Feature","geometry":{"coordinates":[[-6.57448,53.3681],[-6.576137,53.368564],[-6.577226,53.368866],[-6.577593,53.368968],[-6.577924,53.36906],[-6.578873,53.369323],[-6.579422,53.369476],[-6.579633,53.369537],[-6.579694,53.369554],[-6.579787,53.369581],[-6.579877,53.369605],[-6.579905,53.369613],[-6.580014,53.369642],[-6.580281,53.369713],[-6.580514,53.369783],[-6.580725,53.369846],[-6.580801,53.369876],[-6.58094,53.369931],[-6.581101,53.370009],[-6.581186,53.370056],[-6.581284,53.370112],[-6.58133,53.370139],[-6.581384,53.37017],[-6.581752,53.370418],[-6.581926,53.370553],[-6.582131,53.370708],[-6.582514,53.370994],[-6.58369,53.371912],[-6.583998,53.372152],[-6.584367,53.372455],[-6.584595,53.372356],[-6.585114,53.372754],[-6.586199,53.373588],[-6.586312,53.373669],[-6.586612,53.373911],[-6.586718,53.374002],[-6.586791,53.374005],[-6.587096,53.373865],[-6.587183,53.373826],[-6.58731,53.373929],[-6.587736,53.373736],[-6.588021,53.373931],[-6.588067,53.373956]],"type":"LineString"},"properties":{"hex_id":"89182c1aeabffff","service":"Supplies","dest_id":"node/354880889","dest_name":"Centra","walk_min":14.54,"distance_m":1209}},{"type":"Feature","geometry":{"coordinates":[[-6.609751,53.38553],[-6.609623,53.384981],[-6.609515,53.384877],[-6.609074,53.384796],[-6.608869,53.384704],[-6.608195,53.383569],[-6.60816,53.383425],[-6.60832,53.382832],[-6.60837,53.382526],[-6.608484,53.38213],[-6.608506,53.382041],[-6.608521,53.381954],[-6.608527,53.381924],[-6.608594,53.381733],[-6.608601,53.381665],[-6.608029,53.381644],[-6.607472,53.38161],[-6.60652,53.381542],[-6.60616,53.381529],[-6.605703,53.381523],[-6.605678,53.381523],[-6.605651,53.381524],[-6.60563,53.381524],[-6.605138,53.381538],[-6.604679,53.38157],[-6.604512,53.381587],[-6.603872,53.381653],[-6.603332,53.38172],[-6.602779,53.381783],[-6.602574,53.38181],[-6.601772,53.381892],[-6.601532,53.381916],[-6.601527,53.381951],[-6.601504,53.381984],[-6.601467,53.382011],[-6.601417,53.382031],[-6.60136,53.382041],[-6.601374,53.38208],[-6.601238,53.382055],[-6.600986,53.382008],[-6.599714,53.382101],[-6.599357,53.382127],[-6.599222,53.382137],[-6.599217,53.382098],[-6.599204,53.382035],[-6.598903,53.38205],[-6.598491,53.382068],[-6.598036,53.382089],[-6.597817,53.382092],[-6.597754,53.381987],[-6.597731,53.381959],[-6.597482,53.381999],[-6.59726,53.382037],[-6.596885,53.38208],[-6.596837,53.382086],[-6.596814,53.382083],[-6.596766,53.38208]],"type":"LineString"},"properties":{"hex_id":"89182c1a30bffff","service":"Supplies","dest_id":"way/30633224","dest_name":"ALDI","walk_min":15.62,"distance_m":1302}},{"type":"Feature","geometry":{"coordinates":[[-6.601629,53.387277],[-6.601003,53.387033],[-6.600894,53.387122],[-6.600859,53.387146],[-6.600777,53.387176],[-6.600573,53.387153],[-6.60043,53.387111],[-6.600165,53.386994],[-6.599954,53.386919],[-6.599085,53.386606],[-6.599123,53.386565],[-6.599147,53.386551],[-6.599243,53.386468],[-6.599257,53.386454],[-6.599346,53.386371],[-6.599385,53.386332],[-6.599564,53.38618],[-6.599468,53.38614],[-6.599432,53.386127],[-6.599398,53.386092],[-6.599405,53.386085],[-6.599409,53.386077],[-6.599407,53.386068],[-6.599402,53.38606],[-6.599392,53.386054],[-6.599533,53.385928],[-6.599696,53.385787],[-6.599816,53.385677],[-6.599852,53.385645],[-6.599883,53.385621],[-6.599911,53.385585],[-6.599941,53.385489],[-6.59994,53.385432],[-6.599875,53.385349],[-6.600088,53.385285],[-6.600112,53.385276],[-6.600137,53.385262],[-6.600107,53.385178],[-6.600034,53.385086],[-6.599861,53.384883],[-6.599769,53.38475],[-6.599758,53.384734],[-6.599804,53.3846],[-6.599691,53.38448],[-6.599659,53.384404],[-6.599646,53.384325],[-6.599703,53.384262],[-6.599727,53.384225],[-6.599809,53.384189],[-6.599902,53.384151],[-6.599941,53.384137],[-6.600023,53.384103]],"type":"LineString"},"properties":{"hex_id":"89182c1a313ffff","service":"Supplies","dest_id":"node/405712189","dest_name":"Londis","walk_min":6.65,"distance_m":538}},{"type":"Feature","geometry":{"coordinates":[[-6.578268,53.369155],[-6.578873,53.369323],[-6.579422,53.369476],[-6.579633,53.369537],[-6.579694,53.369554],[-6.579787,53.369581],[-6.579877,53.369605],[-6.579905,53.369613],[-6.580014,53.369642],[-6.580281,53.369713],[-6.580514,53.369783],[-6.580725,53.369846],[-6.580801,53.369876],[-6.58094,53.369931],[-6.581101,53.370009],[-6.581186,53.370056],[-6.581284,53.370112],[-6.58133,53.370139],[-6.581384,53.37017],[-6.581752,53.370418],[-6.581926,53.370553],[-6.582131,53.370708],[-6.582514,53.370994],[-6.58369,53.371912],[-6.583998,53.372152],[-6.584367,53.372455],[-6.584595,53.372356],[-6.585114,53.372754],[-6.586199,53.373588],[-6.586312,53.373669],[-6.586612,53.373911],[-6.586718,53.374002],[-6.586791,53.374005],[-6.587096,53.373865],[-6.587183,53.373826],[-6.58731,53.373929],[-6.587736,53.373736],[-6.588021,53.373931],[-6.588067,53.373956]],"type":"LineString"},"properties":{"hex_id":"89182c1ae07ffff","service":"Supplies","dest_id":"node/354880889","dest_name":"Centra","walk_min":11.21,"distance_m":931}},{"type":"Feature","geometry":{"coordinates":[[-6.590175,53.365278],[-6.590121,53.365452],[-6.59011,53.365493],[-6.590089,53.365565],[-6.589952,53.36576],[-6.589741,53.365968],[-6.589493,53.365985],[-6.588994,53.365973],[-6.588904,53.365989],[-6.588859,53.366029],[-6.588841,53.366158],[-6.588838,53.366202],[-6.588948,53.366204],[-6.589058,53.366232],[-6.589128,53.366234],[-6.589215,53.366237],[-6.589287,53.366221],[-6.589353,53.366222],[-6.589511,53.36621],[-6.58981,53.366136],[-6.589968,53.366047],[-6.590249,53.365806],[-6.590386,53.365596],[-6.590431,53.365553],[-6.590621,53.365562],[-6.59075,53.365603],[-6.590804,53.365642],[-6.59089,53.365675],[-6.590991,53.365688],[-6.591107,53.365725],[-6.591257,53.36581],[-6.591299,53.365914],[-6.591323,53.366122],[-6.591277,53.366683],[-6.591274,53.366796],[-6.591251,53.367314],[-6.591217,53.367553],[-6.591211,53.367656],[-6.591165,53.368273],[-6.591132,53.368544],[-6.590931,53.369334],[-6.590885,53.369332],[-6.590835,53.369456],[-6.589788,53.369284],[-6.589754,53.369345],[-6.589692,53.369458],[-6.589513,53.369777]],"type":"LineString"},"properties":{"hex_id":"89182c1ae63ffff","service":"Supplies","dest_id":"way/31574825","dest_name":"Lidl","walk_min":10.98,"distance_m":915}},{"type":"Feature","geometry":{"coordinates":[[-6.59745,53.39617],[-6.59745,53.39617],[-6.597405,53.396158],[-6.597367,53.39614],[-6.597337,53.396116],[-6.597319,53.396089],[-6.597313,53.39606],[-6.597319,53.396031],[-6.597339,53.396003],[-6.59737,53.395979],[-6.597412,53.39596],[-6.597459,53.395949],[-6.597518,53.395946],[-6.597644,53.395927],[-6.597919,53.395847],[-6.597934,53.395842],[-6.598042,53.39581],[-6.598287,53.395741],[-6.598546,53.395672],[-6.598779,53.395612],[-6.598951,53.395563],[-6.599181,53.395509],[-6.599193,53.395436],[-6.599214,53.395369],[-6.599259,53.395249],[-6.60022,53.395021],[-6.600291,53.394978],[-6.600304,53.394971],[-6.600269,53.394939],[-6.600194,53.394839],[-6.600173,53.394796],[-6.600135,53.394747],[-6.600134,53.394712],[-6.600147,53.394689],[-6.600179,53.394661],[-6.600233,53.39463],[-6.600309,53.394564],[-6.600319,53.394536],[-6.600321,53.394507],[-6.600294,53.39446],[-6.600221,53.394414],[-6.600155,53.394363],[-6.600125,53.394337],[-6.600028,53.394213],[-6.600004,53.394168],[-6.599976,53.39411],[-6.59998,53.39402],[-6.599995,53.393897],[-6.599976,53.39386],[-6.599924,53.393824],[-6.599773,53.393775],[-6.599526,53.393733],[-6.599395,53.393714],[-6.599171,53.393671],[-6.599119,53.393664],[-6.598938,53.393648],[-6.598965,53.393428],[-6.599644,53.393204],[-6.599601,53.393147],[-6.599549,53.393083],[-6.599587,53.393068],[-6.599601,53.393059],[-6.599607,53.393048],[-6.599612,53.393036],[-6.599617,53.393023],[-6.599594,53.392941],[-6.5994,53.392506],[-6.599344,53.392425],[-6.599167,53.3921],[-6.598825,53.391447],[-6.598797,53.391404],[-6.598582,53.391073],[-6.598364,53.390666],[-6.598215,53.390388],[-6.59792,53.389841],[-6.597633,53.389262],[-6.597544,53.389108],[-6.597416,53.388885],[-6.597346,53.388763],[-6.597235,53.388595],[-6.597134,53.388398],[-6.597079,53.388288],[-6.596926,53.387989],[-6.596915,53.387966],[-6.596513,53.387286],[-6.596235,53.386752],[-6.595918,53.386174],[-6.595774,53.385889],[-6.59573,53.385851],[-6.595682,53.38577],[-6.595587,53.385607],[-6.595518,53.38549],[-6.595462,53.38539],[-6.595181,53.384892],[-6.595028,53.384616],[-6.594915,53.384439],[-6.594666,53.383991],[-6.594609,53.383893],[-6.594445,53.383613],[-6.594386,53.383469],[-6.594162,53.383085],[-6.594131,53.383031],[-6.594189,53.383022],[-6.594345,53.382995],[-6.594538,53.382959],[-6.594673,53.382874],[-6.595044,53.382789],[-6.595241,53.382717],[-6.595827,53.382585],[-6.595738,53.382522],[-6.595655,53.382467],[-6.59571,53.382457],[-6.595847,53.382391],[-6.596012,53.382365],[-6.596246,53.382338],[-6.59676,53.382265],[-6.596765,53.382222],[-6.596814,53.382083],[-6.596766,53.38208]],"type":"LineString"},"properties":{"hex_id":"89182c1a393ffff","service":"Supplies","dest_id":"way/30633224","dest_name":"ALDI","walk_min":23.88,"distance_m":1990}},{"type":"Feature","geometry":{"coordinates":[[-6.599459,53.383127],[-6.5997,53.383176],[-6.599805,53.383205],[-6.599971,53.383399],[-6.599988,53.383434],[-6.600027,53.383499],[-6.600014,53.38352],[-6.599934,53.383557],[-6.599949,53.383584],[-6.599823,53.383626],[-6.59956,53.38371],[-6.599526,53.383721],[-6.599587,53.383796],[-6.599611,53.383795],[-6.59965,53.383843],[-6.599861,53.384103],[-6.600011,53.384069],[-6.600023,53.384103],[-6.600023,53.384103]],"type":"LineString"},"properties":{"hex_id":"89182c1a333ffff","service":"Supplies","dest_id":"node/405712189","dest_name":"Londis","walk_min":2.02,"distance_m":169}},{"type":"Feature","geometry":{"coordinates":[[-6.581677,53.36354],[-6.581897,53.363569],[-6.582143,53.363672],[-6.582133,53.364093],[-6.582097,53.364324],[-6.582078,53.364449],[-6.582528,53.364581],[-6.583056,53.364697],[-6.583418,53.364755],[-6.583737,53.364807],[-6.584107,53.364809],[-6.584657,53.364697],[-6.585012,53.364626],[-6.585365,53.364599],[-6.585787,53.364586],[-6.587501,53.364556],[-6.588145,53.364552],[-6.589129,53.36452],[-6.589334,53.364537],[-6.589491,53.364564],[-6.590147,53.364678],[-6.590623,53.36476],[-6.590924,53.364814],[-6.590968,53.364822],[-6.591256,53.36485],[-6.59134,53.364848],[-6.591423,53.364846],[-6.591427,53.364911],[-6.59142,53.365042],[-6.59138,53.365147],[-6.591223,53.365385],[-6.591262,53.365416],[-6.59129,53.365451],[-6.591304,53.365489],[-6.591303,53.365536],[-6.591282,53.365581],[-6.591241,53.365621],[-6.59126,53.365686],[-6.591259,53.365748],[-6.591257,53.36581],[-6.591299,53.365914],[-6.591323,53.366122],[-6.591277,53.366683],[-6.591274,53.366796],[-6.591251,53.367314],[-6.591217,53.367553],[-6.591211,53.367656],[-6.591165,53.368273],[-6.591132,53.368544],[-6.590931,53.369334],[-6.590885,53.369332],[-6.590835,53.369456],[-6.589788,53.369284],[-6.589754,53.369345],[-6.589692,53.369458],[-6.589513,53.369777]],"type":"LineString"},"properties":{"hex_id":"89182c1ae2bffff","service":"Supplies","dest_id":"way/31574825","dest_name":"Lidl","walk_min":16.95,"distance_m":1413}},{"type":"Feature","geometry":{"coordinates":[[-6.604904,53.385955],[-6.604609,53.385975],[-6.604351,53.385971],[-6.604242,53.38596],[-6.604149,53.38595],[-6.604095,53.385945],[-6.604088,53.385944],[-6.603778,53.385896],[-6.603725,53.385885],[-6.603673,53.385875],[-6.603622,53.385867],[-6.603592,53.385859],[-6.603556,53.385852],[-6.603454,53.385832],[-6.603384,53.38582],[-6.603326,53.385809],[-6.603265,53.385799],[-6.603222,53.385787],[-6.603034,53.385765],[-6.603022,53.38576],[-6.602706,53.385752],[-6.602521,53.385755],[-6.602375,53.385757],[-6.602221,53.385756],[-6.602093,53.385755],[-6.602024,53.385755],[-6.601943,53.385752],[-6.601892,53.385751],[-6.601867,53.385719],[-6.601609,53.3854],[-6.601572,53.385363],[-6.601519,53.385306],[-6.601487,53.385266],[-6.601501,53.385242],[-6.601299,53.385016],[-6.601243,53.384956],[-6.601145,53.384902],[-6.601071,53.384792],[-6.601002,53.384689],[-6.600954,53.384628],[-6.600796,53.384426],[-6.600775,53.384399],[-6.600666,53.384265],[-6.60062,53.384264],[-6.600534,53.384271],[-6.600444,53.384306],[-6.600396,53.384348],[-6.600371,53.38436],[-6.600287,53.384394],[-6.6001,53.384457],[-6.600009,53.38446],[-6.599916,53.384369],[-6.600014,53.384313],[-6.599882,53.384209],[-6.599967,53.384171],[-6.599941,53.384137],[-6.600023,53.384103]],"type":"LineString"},"properties":{"hex_id":"89182c1a31bffff","service":"Supplies","dest_id":"node/405712189","dest_name":"Londis","walk_min":5.93,"distance_m":494}},{"type":"Feature","geometry":{"coordinates":[[-6.574671,53.385375],[-6.574469,53.385124],[-6.574064,53.384628],[-6.57415,53.384608],[-6.578291,53.383391],[-6.580905,53.382625],[-6.581554,53.382443],[-6.581587,53.382414],[-6.581971,53.382322],[-6.582078,53.382301],[-6.582247,53.382282],[-6.582349,53.382267],[-6.582439,53.382239],[-6.582487,53.382207],[-6.58253,53.382182],[-6.582554,53.382141],[-6.582563,53.382115],[-6.582581,53.382055],[-6.582504,53.382034],[-6.582466,53.382012],[-6.582441,53.381984],[-6.58243,53.381953],[-6.582435,53.381921],[-6.582454,53.381891],[-6.582464,53.381882],[-6.582501,53.381796],[-6.582493,53.381688],[-6.582455,53.381648],[-6.582397,53.381602],[-6.582343,53.38158],[-6.582264,53.381579],[-6.582158,53.381577],[-6.582055,53.381543],[-6.581913,53.381545],[-6.581907,53.381429],[-6.581906,53.381368],[-6.58168,53.381369],[-6.581664,53.381139],[-6.581647,53.380889]],"type":"LineString"},"properties":{"hex_id":"89182c1a177ffff","service":"Supplies","dest_id":"way/30420550","dest_name":"Tesco Extra","walk_min":10.97,"distance_m":915}},{"type":"Feature","geometry":{"coordinates":[[-6.578126,53.387843],[-6.57832,53.38791],[-6.578168,53.388064],[-6.57811,53.388125],[-6.57808,53.388158],[-6.578505,53.388251],[-6.578715,53.388282],[-6.579125,53.388312],[-6.579334,53.3883],[-6.579416,53.388311],[-6.57955,53.388375],[-6.579686,53.388414],[-6.580104,53.388459],[-6.580168,53.388465],[-6.58033,53.388479],[-6.58048,53.388503],[-6.580962,53.38852],[-6.581593,53.388563],[-6.581751,53.388565],[-6.581991,53.388561],[-6.582251,53.388541],[-6.582244,53.388518],[-6.582789,53.388456],[-6.582803,53.388445],[-6.583083,53.388371],[-6.583107,53.388353],[-6.58317,53.38833],[-6.58324,53.388309],[-6.583277,53.388316],[-6.583498,53.388239],[-6.583675,53.388169],[-6.583853,53.388085],[-6.584224,53.387895],[-6.584285,53.387936],[-6.584675,53.38773],[-6.584839,53.387632],[-6.585257,53.387317],[-6.585584,53.387106],[-6.585766,53.386988],[-6.585825,53.386946],[-6.5862,53.386686],[-6.58648,53.38649],[-6.586608,53.386401],[-6.586714,53.386317],[-6.586784,53.386262],[-6.587161,53.385943],[-6.587483,53.385663],[-6.587974,53.385227],[-6.588003,53.385201],[-6.588125,53.385092],[-6.588219,53.385008],[-6.588395,53.38485],[-6.588426,53.384824],[-6.588489,53.384768],[-6.588602,53.384657],[-6.588686,53.384578],[-6.58882,53.384452],[-6.588886,53.384384],[-6.589019,53.384248],[-6.589069,53.384193],[-6.589284,53.383959],[-6.58942,53.383792],[-6.589532,53.383621],[-6.589591,53.38348],[-6.5896,53.383374],[-6.589596,53.383306],[-6.589574,53.38324],[-6.589165,53.382759],[-6.5892,53.382749],[-6.58946,53.382675],[-6.589565,53.382648],[-6.590053,53.382511],[-6.5903,53.382452],[-6.589943,53.382035]],"type":"LineString"},"properties":{"hex_id":"89182c1a173ffff","service":"Supplies","dest_id":"node/359968059","dest_name":"Londis","walk_min":15.98,"distance_m":1329}},{"type":"Feature","geometry":{"coordinates":[[-6.615305,53.379816],[-6.613216,53.379352],[-6.612753,53.379245],[-6.611711,53.379015],[-6.610483,53.378737],[-6.609871,53.378599],[-6.608414,53.378276],[-6.607431,53.378062],[-6.606378,53.377818],[-6.605499,53.37762],[-6.604388,53.377371],[-6.6032,53.377088],[-6.602653,53.376961],[-6.602122,53.376843],[-6.601545,53.376721],[-6.60096,53.37663],[-6.60038,53.37656],[-6.59976,53.37651],[-6.59908,53.376482],[-6.59844,53.376489],[-6.597857,53.376508],[-6.597619,53.376527],[-6.597185,53.376575],[-6.596996,53.376621],[-6.596958,53.376629],[-6.596816,53.376681],[-6.596761,53.376694],[-6.59656,53.376719],[-6.596519,53.376724],[-6.596434,53.376731],[-6.596458,53.376684],[-6.596542,53.376516],[-6.596558,53.376485],[-6.596653,53.376216],[-6.596661,53.376177],[-6.596676,53.376072],[-6.596696,53.375914],[-6.59672,53.375794],[-6.596754,53.375673],[-6.596765,53.375548],[-6.596764,53.375464],[-6.596792,53.37526],[-6.596831,53.374946],[-6.596771,53.374868],[-6.596776,53.374847],[-6.596792,53.374758],[-6.596815,53.374652],[-6.596844,53.374542],[-6.596904,53.374327],[-6.59697,53.374154],[-6.597312,53.373468],[-6.59757,53.373487],[-6.597641,53.373491],[-6.598455,53.373441],[-6.598986,53.37339],[-6.599403,53.373318],[-6.599585,53.373291],[-6.599526,53.373143],[-6.599503,53.373113],[-6.599392,53.37301],[-6.599226,53.372889]],"type":"LineString"},"properties":{"hex_id":"89182c1a36fffff","service":"Supplies","dest_id":"node/352674189","dest_name":"Spar","walk_min":22.82,"distance_m":1902}},{"type":"Feature","geometry":{"coordinates":[[-6.601987,53.397003],[-6.601903,53.396863],[-6.601472,53.396091],[-6.60145,53.39605],[-6.60127,53.395722],[-6.60092,53.395059],[-6.600571,53.394453],[-6.600025,53.393506],[-6.599935,53.393346],[-6.599818,53.393149],[-6.599788,53.39309],[-6.59965,53.393131],[-6.599601,53.393147],[-6.599549,53.393083],[-6.599587,53.393068],[-6.599601,53.393059],[-6.599607,53.393048],[-6.599612,53.393036],[-6.599617,53.393023],[-6.599594,53.392941],[-6.5994,53.392506],[-6.599344,53.392425],[-6.599167,53.3921],[-6.598825,53.391447],[-6.598797,53.391404],[-6.598582,53.391073],[-6.598364,53.390666],[-6.598215,53.390388],[-6.59792,53.389841],[-6.597633,53.389262],[-6.597544,53.389108],[-6.597416,53.388885],[-6.597346,53.388763],[-6.597235,53.388595],[-6.597134,53.388398],[-6.597079,53.388288],[-6.596926,53.387989],[-6.596915,53.387966],[-6.596513,53.387286],[-6.596235,53.386752],[-6.595918,53.386174],[-6.595774,53.385889],[-6.59573,53.385851],[-6.595682,53.38577],[-6.595587,53.385607],[-6.595518,53.38549],[-6.595462,53.38539],[-6.595181,53.384892],[-6.595028,53.384616],[-6.594915,53.384439],[-6.594666,53.383991],[-6.594609,53.383893],[-6.594445,53.383613],[-6.594386,53.383469],[-6.594162,53.383085],[-6.594131,53.383031],[-6.594189,53.383022],[-6.594345,53.382995],[-6.594538,53.382959],[-6.594673,53.382874],[-6.595044,53.382789],[-6.595241,53.382717],[-6.595827,53.382585],[-6.595738,53.382522],[-6.595655,53.382467],[-6.59571,53.382457],[-6.595847,53.382391],[-6.596012,53.382365],[-6.596246,53.382338],[-6.59676,53.382265],[-6.596765,53.382222],[-6.596814,53.382083],[-6.596766,53.38208]],"type":"LineString"},"properties":{"hex_id":"89182c1a3d7ffff","service":"Supplies","dest_id":"way/30633224","dest_name":"ALDI","walk_min":22.9,"distance_m":1905}},{"type":"Feature","geometry":{"coordinates":[[-6.604904,53.385955],[-6.604609,53.385975],[-6.604351,53.385971],[-6.604242,53.38596],[-6.604149,53.38595],[-6.604095,53.385945],[-6.604088,53.385944],[-6.603778,53.385896],[-6.603725,53.385885],[-6.603673,53.385875],[-6.603622,53.385867],[-6.603592,53.385859],[-6.603556,53.385852],[-6.603454,53.385832],[-6.603384,53.38582],[-6.603326,53.385809],[-6.603265,53.385799],[-6.603222,53.385787],[-6.603034,53.385765],[-6.603022,53.38576],[-6.602706,53.385752],[-6.602521,53.385755],[-6.602375,53.385757],[-6.602221,53.385756],[-6.602093,53.385755],[-6.602024,53.385755],[-6.601943,53.385752],[-6.601892,53.385751],[-6.601867,53.385719],[-6.601609,53.3854],[-6.601572,53.385363],[-6.601519,53.385306],[-6.601487,53.385266],[-6.601501,53.385242],[-6.601299,53.385016],[-6.601243,53.384956],[-6.601145,53.384902],[-6.601071,53.384792],[-6.601002,53.384689],[-6.600954,53.384628],[-6.600796,53.384426],[-6.600775,53.384399],[-6.600666,53.384265],[-6.60062,53.384264],[-6.600534,53.384271],[-6.600444,53.384306],[-6.600396,53.384348],[-6.600371,53.38436],[-6.600287,53.384394],[-6.6001,53.384457],[-6.600009,53.38446],[-6.599916,53.384369],[-6.600014,53.384313],[-6.599882,53.384209],[-6.599967,53.384171],[-6.599941,53.384137],[-6.600023,53.384103]],"type":"LineString"},"properties":{"hex_id":"89182c1a303ffff","service":"Supplies","dest_id":"node/405712189","dest_name":"Londis","walk_min":5.93,"distance_m":494}},{"type":"Feature","geometry":{"coordinates":[[-6.588173,53.368029],[-6.588189,53.36799],[-6.588258,53.367797],[-6.588217,53.367737],[-6.587705,53.367722],[-6.587415,53.367701],[-6.587098,53.367685],[-6.586998,53.367746],[-6.586916,53.367836],[-6.586824,53.367936],[-6.586692,53.368029],[-6.586547,53.368162],[-6.586892,53.368499],[-6.587178,53.368673],[-6.587493,53.368804],[-6.588038,53.368969],[-6.588284,53.369036],[-6.588363,53.369049],[-6.589788,53.369284],[-6.589754,53.369345],[-6.589692,53.369458],[-6.589513,53.369777]],"type":"LineString"},"properties":{"hex_id":"89182c1ae73ffff","service":"Supplies","dest_id":"way/31574825","dest_name":"Lidl","walk_min":5.88,"distance_m":490}},{"type":"Feature","geometry":{"coordinates":[[-6.567742,53.361618],[-6.567318,53.361765],[-6.567027,53.361877],[-6.566947,53.361931],[-6.567134,53.362122],[-6.567663,53.36251],[-6.567965,53.36275],[-6.568111,53.362847],[-6.568323,53.362917],[-6.568689,53.36302],[-6.569192,53.363146],[-6.571262,53.363668],[-6.572504,53.363982],[-6.572727,53.364024],[-6.573092,53.364054],[-6.573231,53.364061],[-6.574992,53.364129],[-6.576074,53.364187],[-6.57611,53.364188],[-6.576565,53.364207],[-6.576886,53.36422],[-6.577506,53.364245],[-6.577525,53.364246],[-6.578138,53.364287],[-6.578231,53.364293],[-6.578949,53.364408],[-6.579144,53.364435],[-6.579339,53.364431],[-6.579822,53.364431],[-6.581441,53.364388],[-6.581702,53.364404],[-6.581771,53.364408],[-6.582078,53.364449],[-6.582528,53.364581],[-6.583056,53.364697],[-6.583418,53.364755],[-6.583737,53.364807],[-6.584107,53.364809],[-6.584657,53.364697],[-6.585012,53.364626],[-6.585365,53.364599],[-6.585787,53.364586],[-6.587501,53.364556],[-6.588145,53.364552],[-6.589129,53.36452],[-6.589334,53.364537],[-6.589491,53.364564],[-6.590147,53.364678],[-6.590623,53.36476],[-6.590924,53.364814],[-6.590968,53.364822],[-6.591256,53.36485],[-6.59134,53.364848],[-6.591423,53.364846],[-6.591427,53.364911],[-6.59142,53.365042],[-6.59138,53.365147],[-6.591223,53.365385],[-6.591262,53.365416],[-6.59129,53.365451],[-6.591304,53.365489],[-6.591303,53.365536],[-6.591282,53.365581],[-6.591241,53.365621],[-6.59126,53.365686],[-6.591259,53.365748],[-6.591257,53.36581],[-6.591299,53.365914],[-6.591323,53.366122],[-6.591277,53.366683],[-6.591274,53.366796],[-6.591251,53.367314],[-6.591217,53.367553],[-6.591211,53.367656],[-6.591165,53.368273],[-6.591132,53.368544],[-6.590931,53.369334],[-6.590885,53.369332],[-6.590835,53.369456],[-6.589788,53.369284],[-6.589754,53.369345],[-6.589692,53.369458],[-6.589513,53.369777]],"type":"LineString"},"properties":{"hex_id":"89182c1a8cbffff","service":"Supplies","dest_id":"way/31574825","dest_name":"Lidl","walk_min":29.33,"distance_m":2444}},{"type":"Feature","geometry":{"coordinates":[[-6.567796,53.386378],[-6.567807,53.386391],[-6.567885,53.386647],[-6.567893,53.386841],[-6.567771,53.387167],[-6.567894,53.387242],[-6.568041,53.387304],[-6.568121,53.387336],[-6.568511,53.387386],[-6.568984,53.387388],[-6.569312,53.387389],[-6.569656,53.387392],[-6.569867,53.38738],[-6.570305,53.387339],[-6.570484,53.387318],[-6.570596,53.387308],[-6.571064,53.387238],[-6.571607,53.387146],[-6.572107,53.387043],[-6.572707,53.386914],[-6.573289,53.386758],[-6.573734,53.38663],[-6.574247,53.386485],[-6.574769,53.386335],[-6.575206,53.386232],[-6.575328,53.386194],[-6.575399,53.386173],[-6.577023,53.385682],[-6.577468,53.385554],[-6.578466,53.385268],[-6.580431,53.384687],[-6.58099,53.384518],[-6.581785,53.384292],[-6.582691,53.38403],[-6.583201,53.383883],[-6.583674,53.383739],[-6.583518,53.383484],[-6.583493,53.383438],[-6.583306,53.383185],[-6.583148,53.383029],[-6.58297,53.382785],[-6.582731,53.382499],[-6.582623,53.382372],[-6.582565,53.382274],[-6.582487,53.382207],[-6.58253,53.382182],[-6.582554,53.382141],[-6.582563,53.382115],[-6.582581,53.382055],[-6.582504,53.382034],[-6.582466,53.382012],[-6.582441,53.381984],[-6.58243,53.381953],[-6.582435,53.381921],[-6.582454,53.381891],[-6.582464,53.381882],[-6.582501,53.381796],[-6.582493,53.381688],[-6.582455,53.381648],[-6.582397,53.381602],[-6.582343,53.38158],[-6.582264,53.381579],[-6.582158,53.381577],[-6.582055,53.381543],[-6.581913,53.381545],[-6.581907,53.381429],[-6.581906,53.381368],[-6.58168,53.381369],[-6.581664,53.381139],[-6.581647,53.380889]],"type":"LineString"},"properties":{"hex_id":"89182c1a13bffff","service":"Supplies","dest_id":"way/30420550","dest_name":"Tesco Extra","walk_min":19.57,"distance_m":1631}},{"type":"Feature","geometry":{"coordinates":[[-6.579557,53.384945],[-6.580431,53.384687],[-6.58099,53.384518],[-6.581785,53.384292],[-6.582691,53.38403],[-6.583201,53.383883],[-6.583674,53.383739],[-6.583518,53.383484],[-6.583493,53.383438],[-6.583306,53.383185],[-6.583148,53.383029],[-6.58297,53.382785],[-6.582731,53.382499],[-6.582623,53.382372],[-6.582565,53.382274],[-6.582487,53.382207],[-6.58253,53.382182],[-6.582554,53.382141],[-6.582563,53.382115],[-6.582581,53.382055],[-6.582504,53.382034],[-6.582466,53.382012],[-6.582441,53.381984],[-6.58243,53.381953],[-6.582435,53.381921],[-6.582454,53.381891],[-6.582464,53.381882],[-6.582501,53.381796],[-6.582493,53.381688],[-6.582455,53.381648],[-6.582397,53.381602],[-6.582343,53.38158],[-6.582264,53.381579],[-6.582158,53.381577],[-6.582055,53.381543],[-6.581913,53.381545],[-6.581907,53.381429],[-6.581906,53.381368],[-6.58168,53.381369],[-6.581664,53.381139],[-6.581647,53.380889]],"type":"LineString"},"properties":{"hex_id":"89182c1a163ffff","service":"Supplies","dest_id":"way/30420550","dest_name":"Tesco Extra","walk_min":8.3,"distance_m":692}},{"type":"Feature","geometry":{"coordinates":[[-6.565101,53.367451],[-6.5651,53.367433],[-6.565185,53.367356],[-6.565237,53.367358],[-6.565374,53.367408],[-6.565615,53.367186],[-6.565697,53.367064],[-6.565742,53.367015],[-6.56577,53.366986],[-6.565873,53.366987],[-6.56604,53.366948],[-6.566102,53.366978],[-6.566183,53.366993],[-6.567038,53.367023],[-6.567547,53.367041],[-6.567762,53.367048],[-6.568705,53.367081],[-6.569815,53.367118],[-6.570872,53.367149],[-6.571138,53.367186],[-6.571245,53.367206],[-6.571755,53.367337],[-6.576137,53.368564],[-6.577226,53.368866],[-6.577593,53.368968],[-6.577924,53.36906],[-6.578873,53.369323],[-6.579422,53.369476],[-6.579633,53.369537],[-6.579694,53.369554],[-6.579787,53.369581],[-6.579877,53.369605],[-6.579905,53.369613],[-6.580014,53.369642],[-6.580281,53.369713],[-6.580514,53.369783],[-6.580725,53.369846],[-6.580801,53.369876],[-6.58094,53.369931],[-6.581101,53.370009],[-6.581186,53.370056],[-6.581284,53.370112],[-6.58133,53.370139],[-6.581384,53.37017],[-6.581752,53.370418],[-6.581926,53.370553],[-6.582131,53.370708],[-6.582514,53.370994],[-6.58369,53.371912],[-6.583998,53.372152],[-6.584367,53.372455],[-6.584595,53.372356],[-6.585114,53.372754],[-6.586199,53.373588],[-6.586312,53.373669],[-6.586612,53.373911],[-6.586718,53.374002],[-6.586791,53.374005],[-6.587096,53.373865],[-6.587183,53.373826],[-6.58731,53.373929],[-6.587736,53.373736],[-6.588021,53.373931],[-6.588067,53.373956]],"type":"LineString"},"properties":{"hex_id":"89182c1aea7ffff","service":"Supplies","dest_id":"node/354880889","dest_name":"Centra","walk_min":22.77,"distance_m":1895}},{"type":"Feature","geometry":{"coordinates":[[-6.607474,53.377206],[-6.607737,53.377072],[-6.607797,53.377041],[-6.607661,53.376949],[-6.607541,53.376855],[-6.607427,53.376764],[-6.607195,53.376551],[-6.607099,53.376469],[-6.606784,53.376255],[-6.606709,53.376194],[-6.606633,53.376106],[-6.606597,53.376008],[-6.6066,53.375901],[-6.606664,53.375745],[-6.60667,53.375712],[-6.606672,53.375676],[-6.606637,53.375591],[-6.606542,53.375441],[-6.606282,53.375482],[-6.60615,53.375505],[-6.606037,53.375531],[-6.605949,53.375565],[-6.605493,53.375844],[-6.605308,53.375967],[-6.605005,53.375774],[-6.604723,53.375587],[-6.604423,53.375391],[-6.604284,53.375304],[-6.604299,53.375266],[-6.604307,53.375244],[-6.604299,53.375221],[-6.604279,53.3752],[-6.604248,53.375178],[-6.60416,53.375131],[-6.604031,53.375057],[-6.603986,53.375016],[-6.603913,53.374907],[-6.603903,53.37487],[-6.603595,53.374908],[-6.603286,53.374937],[-6.603093,53.374954],[-6.602882,53.37499],[-6.602841,53.374999],[-6.602646,53.375051],[-6.602426,53.375119],[-6.602275,53.375172],[-6.602107,53.375231],[-6.601975,53.375276],[-6.601795,53.37533],[-6.601501,53.375398],[-6.601255,53.375434],[-6.600891,53.375457],[-6.60059,53.375475],[-6.600526,53.375266],[-6.600478,53.375147],[-6.600367,53.374994],[-6.600192,53.374766],[-6.600079,53.374478],[-6.599974,53.374199],[-6.599833,53.373879],[-6.599744,53.373642],[-6.599612,53.373363],[-6.599585,53.373291],[-6.599526,53.373143],[-6.599503,53.373113],[-6.599392,53.37301],[-6.599226,53.372889]],"type":"LineString"},"properties":{"hex_id":"89182c18593ffff","service":"Supplies","dest_id":"node/352674189","dest_name":"Spar","walk_min":12.41,"distance_m":1035}},{"type":"Feature","geometry":{"coordinates":[[-6.599085,53.375554],[-6.599085,53.375554],[-6.599247,53.375542],[-6.599303,53.375539],[-6.599617,53.37552],[-6.599775,53.375516],[-6.599851,53.375514],[-6.599997,53.37551],[-6.600186,53.375502],[-6.60025,53.375498],[-6.60042,53.375491],[-6.60059,53.375475],[-6.600526,53.375266],[-6.600478,53.375147],[-6.600367,53.374994],[-6.600192,53.374766],[-6.600079,53.374478],[-6.599974,53.374199],[-6.599833,53.373879],[-6.599744,53.373642],[-6.599612,53.373363],[-6.599585,53.373291],[-6.599526,53.373143],[-6.599503,53.373113],[-6.599392,53.37301],[-6.599226,53.372889]],"type":"LineString"},"properties":{"hex_id":"89182c1ae5bffff","service":"Supplies","dest_id":"node/352674189","dest_name":"Spar","walk_min":4.86,"distance_m":405}},{"type":"Feature","geometry":{"coordinates":[[-6.581079,53.381996],[-6.581193,53.38201],[-6.581215,53.381943],[-6.582316,53.382058],[-6.582316,53.382021],[-6.582309,53.381972],[-6.582298,53.381929],[-6.582358,53.381918],[-6.582454,53.381891],[-6.582464,53.381882],[-6.582501,53.381796],[-6.582493,53.381688],[-6.582455,53.381648],[-6.582397,53.381602],[-6.582343,53.38158],[-6.582264,53.381579],[-6.582158,53.381577],[-6.582055,53.381543],[-6.581913,53.381545],[-6.581907,53.381429],[-6.581906,53.381368],[-6.58168,53.381369],[-6.581664,53.381139],[-6.581647,53.380889]],"type":"LineString"},"properties":{"hex_id":"89182c1a16fffff","service":"Supplies","dest_id":"way/30420550","dest_name":"Tesco Extra","walk_min":3.27,"distance_m":272}},{"type":"Feature","geometry":{"coordinates":[[-6.585627,53.373596],[-6.585729,53.373673],[-6.586249,53.374074],[-6.58638,53.374014],[-6.586612,53.373911],[-6.586718,53.374002],[-6.586791,53.374005],[-6.587096,53.373865],[-6.587183,53.373826],[-6.58731,53.373929],[-6.587736,53.373736],[-6.588021,53.373931],[-6.588067,53.373956]],"type":"LineString"},"properties":{"hex_id":"89182c1ae1bffff","service":"Supplies","dest_id":"node/354880889","dest_name":"Centra","walk_min":2.77,"distance_m":230}},{"type":"Feature","geometry":{"coordinates":[[-6.592174,53.378716],[-6.592174,53.378716],[-6.592136,53.378802],[-6.592064,53.378957],[-6.591997,53.379101],[-6.591927,53.379081],[-6.591867,53.379197],[-6.591826,53.379185],[-6.591807,53.379228],[-6.591793,53.379261],[-6.59179,53.379289],[-6.591848,53.379386],[-6.591792,53.3794],[-6.591763,53.379409],[-6.591601,53.379457],[-6.591554,53.379472],[-6.59146,53.379509],[-6.591423,53.379537],[-6.591381,53.379572],[-6.591294,53.379472],[-6.591065,53.379542],[-6.590482,53.379749],[-6.589636,53.380136],[-6.589519,53.380187],[-6.589412,53.380231],[-6.589385,53.380212],[-6.589363,53.380196],[-6.589345,53.380183],[-6.58928,53.380213],[-6.589253,53.380224],[-6.589271,53.380241],[-6.589278,53.380263],[-6.589269,53.38028],[-6.589256,53.38029],[-6.589235,53.380307],[-6.589198,53.380312],[-6.589167,53.380309],[-6.589131,53.380294],[-6.589104,53.380266],[-6.588999,53.380287],[-6.588921,53.380303],[-6.588837,53.380305],[-6.588792,53.380313],[-6.588722,53.380326],[-6.588719,53.38032],[-6.588712,53.380312],[-6.58869,53.380301],[-6.588662,53.380305],[-6.588618,53.380217],[-6.587887,53.380343],[-6.587926,53.380443],[-6.587959,53.380464],[-6.587969,53.380483],[-6.588019,53.380478],[-6.588092,53.380643]],"type":"LineString"},"properties":{"hex_id":"89182c1aecbffff","service":"Supplies","dest_id":"node/335754695","dest_name":"SuperValu","walk_min":5.52,"distance_m":460}},{"type":"Feature","geometry":{"coordinates":[[-6.579453,53.377031],[-6.579458,53.377021],[-6.579536,53.376967],[-6.579605,53.376965],[-6.579689,53.377],[-6.579749,53.377071],[-6.579919,53.377595],[-6.580004,53.377586],[-6.580047,53.377721],[-6.580467,53.377681],[-6.580879,53.377635],[-6.581475,53.37756],[-6.581642,53.377979],[-6.581631,53.37807],[-6.581743,53.378054],[-6.581836,53.378295],[-6.581898,53.378287],[-6.5824,53.378222],[-6.582736,53.37818],[-6.582899,53.378159],[-6.583506,53.378079],[-6.583559,53.378072],[-6.583908,53.378031],[-6.584789,53.377936],[-6.585229,53.377891],[-6.585783,53.377844],[-6.586366,53.377825],[-6.586573,53.377821],[-6.587073,53.377813],[-6.587414,53.377807],[-6.587449,53.377806],[-6.587531,53.378021],[-6.587616,53.378218],[-6.587658,53.378319],[-6.587719,53.378437],[-6.588001,53.378907],[-6.588066,53.379],[-6.588023,53.379],[-6.588028,53.37903],[-6.588349,53.37946],[-6.588428,53.379539],[-6.588481,53.379637],[-6.588788,53.379929],[-6.588763,53.379938],[-6.588697,53.3799],[-6.588633,53.379931],[-6.588604,53.379946],[-6.58864,53.379977],[-6.588424,53.380107],[-6.588317,53.38012],[-6.588248,53.380122],[-6.588173,53.380115],[-6.588106,53.380119],[-6.588041,53.380136],[-6.58795,53.380142],[-6.587832,53.380163],[-6.587691,53.380198],[-6.587717,53.380229],[-6.587859,53.380246],[-6.587898,53.380331],[-6.587906,53.380349],[-6.587959,53.380464],[-6.587969,53.380483],[-6.588019,53.380478],[-6.588092,53.380643]],"type":"LineString"},"properties":{"hex_id":"89182c1ae8bffff","service":"Supplies","dest_id":"node/335754695","dest_name":"SuperValu","walk_min":13.09,"distance_m":1091}},{"type":"Feature","geometry":{"coordinates":[[-6.580681,53.365944],[-6.580744,53.36588],[-6.580809,53.365825],[-6.580997,53.365685],[-6.580869,53.36552],[-6.580737,53.36534],[-6.58064,53.365371],[-6.580634,53.365325],[-6.580672,53.365227],[-6.580729,53.365186],[-6.580801,53.365179],[-6.580799,53.365232],[-6.58247,53.365237],[-6.582469,53.365221],[-6.58266,53.36522],[-6.582657,53.365082],[-6.582803,53.365082],[-6.582801,53.365143],[-6.582929,53.36515],[-6.583009,53.365154],[-6.582985,53.365242],[-6.582946,53.365382],[-6.582918,53.365485],[-6.582895,53.365567],[-6.582863,53.365682],[-6.582975,53.365693],[-6.583552,53.365748],[-6.584128,53.365803],[-6.584226,53.365813],[-6.584161,53.366067],[-6.584159,53.366112],[-6.585525,53.366146],[-6.586916,53.366171],[-6.587917,53.366186],[-6.588838,53.366202],[-6.588948,53.366204],[-6.589058,53.366232],[-6.589128,53.366234],[-6.589215,53.366237],[-6.589287,53.366221],[-6.589353,53.366222],[-6.589511,53.36621],[-6.58981,53.366136],[-6.589968,53.366047],[-6.590249,53.365806],[-6.590386,53.365596],[-6.590431,53.365553],[-6.590621,53.365562],[-6.59075,53.365603],[-6.590804,53.365642],[-6.59089,53.365675],[-6.590991,53.365688],[-6.591107,53.365725],[-6.591257,53.36581],[-6.591299,53.365914],[-6.591323,53.366122],[-6.591277,53.366683],[-6.591274,53.366796],[-6.591251,53.367314],[-6.591217,53.367553],[-6.591211,53.367656],[-6.591165,53.368273],[-6.591132,53.368544],[-6.590931,53.369334],[-6.590885,53.369332],[-6.590835,53.369456],[-6.589788,53.369284],[-6.589754,53.369345],[-6.589692,53.369458],[-6.589513,53.369777]],"type":"LineString"},"properties":{"hex_id":"89182c1ae3bffff","service":"Supplies","dest_id":"way/31574825","dest_name":"Lidl","walk_min":18.45,"distance_m":1537}},{"type":"Feature","geometry":{"coordinates":[[-6.576762,53.377115],[-6.576368,53.377575],[-6.575875,53.378401],[-6.57653,53.378546],[-6.577773,53.378827],[-6.578077,53.378805],[-6.578379,53.378767],[-6.578655,53.378728],[-6.579673,53.378595],[-6.580136,53.378524],[-6.580291,53.378502],[-6.580642,53.378454],[-6.581206,53.378376],[-6.581836,53.378295],[-6.581898,53.378287],[-6.5824,53.378222],[-6.582736,53.37818],[-6.582899,53.378159],[-6.583506,53.378079],[-6.583559,53.378072],[-6.583908,53.378031],[-6.584789,53.377936],[-6.585229,53.377891],[-6.585783,53.377844],[-6.586366,53.377825],[-6.586573,53.377821],[-6.587073,53.377813],[-6.587414,53.377807],[-6.587449,53.377806],[-6.587531,53.378021],[-6.587616,53.378218],[-6.587658,53.378319],[-6.587719,53.378437],[-6.588001,53.378907],[-6.588066,53.379],[-6.588023,53.379],[-6.588028,53.37903],[-6.588349,53.37946],[-6.588428,53.379539],[-6.588481,53.379637],[-6.588788,53.379929],[-6.588763,53.379938],[-6.588697,53.3799],[-6.588633,53.379931],[-6.588604,53.379946],[-6.58864,53.379977],[-6.588424,53.380107],[-6.588317,53.38012],[-6.588248,53.380122],[-6.588173,53.380115],[-6.588106,53.380119],[-6.588041,53.380136],[-6.58795,53.380142],[-6.587832,53.380163],[-6.587691,53.380198],[-6.587717,53.380229],[-6.587859,53.380246],[-6.587898,53.380331],[-6.587906,53.380349],[-6.587959,53.380464],[-6.587969,53.380483],[-6.588019,53.380478],[-6.588092,53.380643]],"type":"LineString"},"properties":{"hex_id":"89182c1ae8fffff","service":"Supplies","dest_id":"node/335754695","dest_name":"SuperValu","walk_min":16.29,"distance_m":1358}},{"type":"Feature","geometry":{"coordinates":[[-6.60993,53.379494],[-6.60994,53.379675],[-6.609722,53.380012],[-6.609577,53.380236],[-6.609503,53.380327],[-6.609381,53.380537],[-6.609268,53.38069],[-6.609181,53.380813],[-6.609037,53.381095],[-6.608984,53.381185],[-6.608939,53.381278],[-6.6089,53.38134],[-6.608895,53.381349],[-6.60888,53.381371],[-6.608822,53.381535],[-6.6088,53.381597],[-6.608746,53.381754],[-6.608737,53.381811],[-6.608729,53.381846],[-6.60872,53.381923],[-6.608643,53.382005],[-6.608506,53.382041],[-6.608521,53.381954],[-6.608527,53.381924],[-6.608594,53.381733],[-6.608601,53.381665],[-6.608029,53.381644],[-6.607472,53.38161],[-6.60652,53.381542],[-6.60616,53.381529],[-6.605703,53.381523],[-6.605678,53.381523],[-6.605651,53.381524],[-6.60563,53.381524],[-6.605138,53.381538],[-6.604679,53.38157],[-6.604512,53.381587],[-6.603872,53.381653],[-6.603332,53.38172],[-6.602779,53.381783],[-6.602574,53.38181],[-6.601772,53.381892],[-6.601532,53.381916],[-6.601527,53.381951],[-6.601504,53.381984],[-6.601467,53.382011],[-6.601417,53.382031],[-6.60136,53.382041],[-6.601374,53.38208],[-6.601238,53.382055],[-6.600986,53.382008],[-6.599714,53.382101],[-6.599357,53.382127],[-6.599222,53.382137],[-6.599217,53.382098],[-6.599204,53.382035],[-6.598903,53.38205],[-6.598491,53.382068],[-6.598036,53.382089],[-6.597817,53.382092],[-6.597754,53.381987],[-6.597731,53.381959],[-6.597482,53.381999],[-6.59726,53.382037],[-6.596885,53.38208],[-6.596837,53.382086],[-6.596814,53.382083],[-6.596766,53.38208]],"type":"LineString"},"properties":{"hex_id":"89182c1a367ffff","service":"Supplies","dest_id":"way/30633224","dest_name":"ALDI","walk_min":14.12,"distance_m":1178}},{"type":"Feature","geometry":{"coordinates":[[-6.605825,53.379615],[-6.605155,53.379644],[-6.604877,53.379661],[-6.604569,53.379671],[-6.604046,53.379729],[-6.602044,53.37998],[-6.601744,53.380029],[-6.601536,53.380075],[-6.601499,53.380081],[-6.601329,53.380127],[-6.601154,53.380173],[-6.600807,53.380293],[-6.600595,53.38035],[-6.599999,53.380508],[-6.599781,53.380565],[-6.59961,53.380628],[-6.599471,53.380665],[-6.599372,53.380692],[-6.599353,53.380698],[-6.599179,53.380743],[-6.599134,53.380753],[-6.599056,53.380773],[-6.598889,53.380817],[-6.598762,53.380856],[-6.598629,53.380893],[-6.598557,53.380888],[-6.598491,53.380873],[-6.598447,53.380856],[-6.598376,53.380826],[-6.598538,53.381018],[-6.598569,53.381053],[-6.598591,53.381082],[-6.598713,53.381237],[-6.598828,53.3814],[-6.598813,53.381594],[-6.598817,53.381612],[-6.598866,53.381864],[-6.598882,53.381945],[-6.598898,53.382028],[-6.598903,53.38205],[-6.598491,53.382068],[-6.598036,53.382089],[-6.597817,53.382092],[-6.597754,53.381987],[-6.597731,53.381959],[-6.597482,53.381999],[-6.59726,53.382037],[-6.596885,53.38208],[-6.596837,53.382086],[-6.596814,53.382083],[-6.596766,53.38208]],"type":"LineString"},"properties":{"hex_id":"89182c1a32bffff","service":"Supplies","dest_id":"way/30633224","dest_name":"ALDI","walk_min":9.85,"distance_m":821}},{"type":"Feature","geometry":{"coordinates":[[-6.595927,53.380807],[-6.595893,53.380851],[-6.595785,53.380822],[-6.595704,53.380811],[-6.595621,53.380791],[-6.595537,53.380779],[-6.595495,53.3808],[-6.595447,53.380838],[-6.595409,53.380863],[-6.595346,53.380878],[-6.595256,53.380917],[-6.595195,53.380903],[-6.595157,53.380887],[-6.595116,53.380869],[-6.5951,53.380829],[-6.595055,53.380811],[-6.59501,53.380802],[-6.594947,53.380791],[-6.594859,53.380788],[-6.594814,53.380788],[-6.594756,53.38077],[-6.594715,53.380759],[-6.594683,53.380732],[-6.59472,53.38066],[-6.594697,53.380646],[-6.594613,53.380596],[-6.594546,53.380546],[-6.59451,53.380558],[-6.594467,53.380569],[-6.594345,53.380622],[-6.594301,53.380635],[-6.594234,53.380655],[-6.594014,53.380702],[-6.593844,53.380737],[-6.593773,53.380751],[-6.593743,53.380757],[-6.593656,53.380757],[-6.593575,53.380779],[-6.593441,53.380815],[-6.593388,53.380847],[-6.593256,53.380892],[-6.593131,53.380916],[-6.593013,53.380943],[-6.593006,53.380999],[-6.593003,53.381024],[-6.592999,53.38104],[-6.592982,53.381053],[-6.592897,53.381079],[-6.592878,53.381085],[-6.592858,53.381092],[-6.592818,53.381105],[-6.592924,53.381242],[-6.592948,53.38127],[-6.592818,53.381305],[-6.592962,53.381468],[-6.593068,53.381602],[-6.59298,53.381635],[-6.592675,53.381722],[-6.592526,53.381765],[-6.592435,53.38179],[-6.592423,53.381771],[-6.592362,53.381768],[-6.592289,53.381814],[-6.592267,53.381789],[-6.592241,53.381799],[-6.592215,53.381809],[-6.592185,53.381817],[-6.592194,53.381834],[-6.592151,53.381849],[-6.592099,53.381866],[-6.591993,53.381901]],"type":"LineString"},"properties":{"hex_id":"89182c1a337ffff","service":"Supplies","dest_id":"node/1858818200","dest_name":"Totu","walk_min":5.02,"distance_m":419}},{"type":"Feature","geometry":{"coordinates":[[-6.587031,53.370763],[-6.587553,53.37099],[-6.587692,53.371039],[-6.587801,53.371031],[-6.587895,53.370981],[-6.58834,53.370629],[-6.588898,53.370868],[-6.58922,53.370353],[-6.589215,53.370301],[-6.589195,53.370263],[-6.589266,53.370226],[-6.589391,53.370225],[-6.589692,53.370306],[-6.589882,53.370341],[-6.590177,53.370363],[-6.590367,53.370403],[-6.590395,53.370463],[-6.590511,53.370479],[-6.590516,53.370469],[-6.590588,53.370363],[-6.590625,53.370293],[-6.590722,53.370082],[-6.590783,53.369918],[-6.590686,53.369907],[-6.590645,53.369851],[-6.590562,53.369873],[-6.590545,53.369834],[-6.590492,53.369772],[-6.590571,53.369616],[-6.589944,53.369508],[-6.589692,53.369458],[-6.589513,53.369777]],"type":"LineString"},"properties":{"hex_id":"89182c1ae0bffff","service":"Supplies","dest_id":"way/31574825","dest_name":"Lidl","walk_min":6.56,"distance_m":547}},{"type":"Feature","geometry":{"coordinates":[[-6.601629,53.387277],[-6.601003,53.387033],[-6.600894,53.387122],[-6.600859,53.387146],[-6.600777,53.387176],[-6.600573,53.387153],[-6.60043,53.387111],[-6.600165,53.386994],[-6.599954,53.386919],[-6.599085,53.386606],[-6.599123,53.386565],[-6.599147,53.386551],[-6.599243,53.386468],[-6.599257,53.386454],[-6.599346,53.386371],[-6.599385,53.386332],[-6.599564,53.38618],[-6.599468,53.38614],[-6.599432,53.386127],[-6.599398,53.386092],[-6.599405,53.386085],[-6.599409,53.386077],[-6.599407,53.386068],[-6.599402,53.38606],[-6.599392,53.386054],[-6.599533,53.385928],[-6.599696,53.385787],[-6.599816,53.385677],[-6.599852,53.385645],[-6.599883,53.385621],[-6.599911,53.385585],[-6.599941,53.385489],[-6.59994,53.385432],[-6.599875,53.385349],[-6.600088,53.385285],[-6.600112,53.385276],[-6.600137,53.385262],[-6.600107,53.385178],[-6.600034,53.385086],[-6.599861,53.384883],[-6.599769,53.38475],[-6.599758,53.384734],[-6.599804,53.3846],[-6.599691,53.38448],[-6.599659,53.384404],[-6.599646,53.384325],[-6.599703,53.384262],[-6.599727,53.384225],[-6.599809,53.384189],[-6.599902,53.384151],[-6.599941,53.384137],[-6.600023,53.384103]],"type":"LineString"},"properties":{"hex_id":"89182c1a3c7ffff","service":"Supplies","dest_id":"node/405712189","dest_name":"Londis","walk_min":6.65,"distance_m":538}},{"type":"Feature","geometry":{"coordinates":[[-6.593697,53.375922],[-6.593697,53.375922],[-6.593176,53.3761],[-6.593105,53.376142],[-6.593079,53.376184],[-6.593095,53.376235],[-6.593234,53.376328],[-6.593034,53.376464],[-6.592793,53.37658],[-6.592665,53.376626],[-6.592251,53.376747],[-6.591837,53.376883],[-6.591749,53.376912],[-6.59111,53.377102],[-6.590576,53.377269],[-6.590175,53.377393],[-6.589986,53.377447],[-6.589497,53.377599],[-6.589386,53.377616],[-6.589258,53.377624],[-6.589006,53.377589],[-6.588327,53.37761],[-6.588092,53.377579],[-6.587904,53.377527],[-6.587699,53.377506],[-6.587625,53.377507],[-6.587589,53.377297],[-6.587582,53.377111],[-6.587566,53.376876],[-6.587576,53.376668],[-6.587624,53.376341],[-6.587669,53.376173],[-6.587736,53.375988],[-6.587822,53.375731],[-6.587883,53.375588],[-6.588042,53.375288],[-6.588231,53.374943],[-6.588129,53.374924],[-6.588214,53.374773],[-6.588105,53.374748],[-6.588197,53.374577],[-6.588285,53.374406],[-6.588164,53.374311],[-6.588273,53.374065],[-6.588067,53.373956]],"type":"LineString"},"properties":{"hex_id":"89182c1ae53ffff","service":"Supplies","dest_id":"node/354880889","dest_name":"Centra","walk_min":10.92,"distance_m":910}},{"type":"Feature","geometry":{"coordinates":[[-6.59122,53.389547],[-6.590885,53.389353],[-6.589787,53.388723],[-6.589709,53.388664],[-6.589619,53.388588],[-6.589532,53.388516],[-6.589195,53.38866],[-6.58825,53.387902],[-6.587855,53.387676],[-6.587889,53.387627],[-6.588049,53.387454],[-6.588141,53.38732],[-6.588161,53.387291],[-6.588189,53.387251],[-6.588123,53.387233],[-6.588056,53.387207],[-6.587591,53.386922],[-6.587506,53.386875],[-6.587553,53.386827],[-6.586805,53.38642],[-6.586789,53.386356],[-6.586714,53.386317],[-6.586784,53.386262],[-6.587161,53.385943],[-6.587483,53.385663],[-6.587974,53.385227],[-6.588003,53.385201],[-6.588125,53.385092],[-6.588219,53.385008],[-6.588395,53.38485],[-6.588426,53.384824],[-6.588489,53.384768],[-6.588602,53.384657],[-6.588686,53.384578],[-6.58882,53.384452],[-6.588886,53.384384],[-6.589019,53.384248],[-6.589069,53.384193],[-6.589284,53.383959],[-6.58942,53.383792],[-6.589532,53.383621],[-6.589591,53.38348],[-6.5896,53.383374],[-6.589596,53.383306],[-6.589574,53.38324],[-6.589165,53.382759],[-6.5892,53.382749],[-6.58946,53.382675],[-6.589565,53.382648],[-6.590053,53.382511],[-6.5903,53.382452],[-6.589943,53.382035]],"type":"LineString"},"properties":{"hex_id":"89182c1a3b3ffff","service":"Supplies","dest_id":"node/359968059","dest_name":"Londis","walk_min":13.5,"distance_m":1125}},{"type":"Feature","geometry":{"coordinates":[[-6.57229,53.382774],[-6.572318,53.382806],[-6.572374,53.382877],[-6.572432,53.382971],[-6.572562,53.383141],[-6.572624,53.383221],[-6.572659,53.383265],[-6.572743,53.383369],[-6.572847,53.383502],[-6.572931,53.383616],[-6.572989,53.383676],[-6.573082,53.38377],[-6.573149,53.38384],[-6.573276,53.383977],[-6.573367,53.384079],[-6.573421,53.38414],[-6.573505,53.384233],[-6.573585,53.384294],[-6.573654,53.384359],[-6.573816,53.38455],[-6.573971,53.384742],[-6.574086,53.384882],[-6.57417,53.384984],[-6.574263,53.385098],[-6.574356,53.385221],[-6.574431,53.385338],[-6.574496,53.385465],[-6.574509,53.385575],[-6.574509,53.385623],[-6.574477,53.385656],[-6.574444,53.385723],[-6.574362,53.385866],[-6.574461,53.385936],[-6.574606,53.386107],[-6.574769,53.386335],[-6.575206,53.386232],[-6.575328,53.386194],[-6.575399,53.386173],[-6.577023,53.385682],[-6.577468,53.385554],[-6.578466,53.385268],[-6.580431,53.384687],[-6.58099,53.384518],[-6.581785,53.384292],[-6.582691,53.38403],[-6.583201,53.383883],[-6.583674,53.383739],[-6.583518,53.383484],[-6.583493,53.383438],[-6.583306,53.383185],[-6.583148,53.383029],[-6.58297,53.382785],[-6.582731,53.382499],[-6.582623,53.382372],[-6.582565,53.382274],[-6.582487,53.382207],[-6.58253,53.382182],[-6.582554,53.382141],[-6.582563,53.382115],[-6.582581,53.382055],[-6.582504,53.382034],[-6.582466,53.382012],[-6.582441,53.381984],[-6.58243,53.381953],[-6.582435,53.381921],[-6.582454,53.381891],[-6.582464,53.381882],[-6.582501,53.381796],[-6.582493,53.381688],[-6.582455,53.381648],[-6.582397,53.381602],[-6.582343,53.38158],[-6.582264,53.381579],[-6.582158,53.381577],[-6.582055,53.381543],[-6.581913,53.381545],[-6.581907,53.381429],[-6.581906,53.381368],[-6.58168,53.381369],[-6.581664,53.381139],[-6.581647,53.380889]],"type":"LineString"},"properties":{"hex_id":"89182c1a12bffff","service":"Supplies","dest_id":"way/30420550","dest_name":"Tesco Extra","walk_min":17.84,"distance_m":1486}},{"type":"Feature","geometry":{"coordinates":[[-6.588048,53.386921],[-6.588278,53.386879],[-6.588369,53.386852],[-6.588437,53.386819],[-6.588504,53.386767],[-6.588775,53.386609],[-6.588887,53.386569],[-6.589168,53.386528],[-6.589262,53.386511],[-6.589374,53.38646],[-6.58926,53.386239],[-6.589101,53.386039],[-6.588936,53.385964],[-6.588708,53.385988],[-6.588566,53.386079],[-6.588361,53.386229],[-6.58836,53.386258],[-6.588293,53.386352],[-6.587685,53.386672],[-6.587619,53.386761],[-6.587553,53.386827],[-6.586805,53.38642],[-6.586789,53.386356],[-6.586714,53.386317],[-6.586784,53.386262],[-6.587161,53.385943],[-6.587483,53.385663],[-6.587974,53.385227],[-6.588003,53.385201],[-6.588125,53.385092],[-6.588219,53.385008],[-6.588395,53.38485],[-6.588426,53.384824],[-6.588489,53.384768],[-6.588602,53.384657],[-6.588686,53.384578],[-6.58882,53.384452],[-6.588886,53.384384],[-6.589019,53.384248],[-6.589069,53.384193],[-6.589284,53.383959],[-6.58942,53.383792],[-6.589532,53.383621],[-6.589591,53.38348],[-6.5896,53.383374],[-6.589596,53.383306],[-6.589574,53.38324],[-6.589165,53.382759],[-6.5892,53.382749],[-6.58946,53.382675],[-6.589565,53.382648],[-6.590053,53.382511],[-6.5903,53.382452],[-6.589943,53.382035]],"type":"LineString"},"properties":{"hex_id":"89182c1a3b7ffff","service":"Supplies","dest_id":"node/359968059","dest_name":"Londis","walk_min":11.78,"distance_m":982}},{"type":"Feature","geometry":{"coordinates":[[-6.582861,53.387571],[-6.583042,53.387624],[-6.582939,53.387761],[-6.582894,53.387832],[-6.582893,53.387901],[-6.582946,53.38801],[-6.582985,53.38807],[-6.583008,53.388108],[-6.583127,53.388274],[-6.583141,53.388294],[-6.58317,53.38833],[-6.58324,53.388309],[-6.583277,53.388316],[-6.583498,53.388239],[-6.583675,53.388169],[-6.583853,53.388085],[-6.584224,53.387895],[-6.584285,53.387936],[-6.584675,53.38773],[-6.584839,53.387632],[-6.585257,53.387317],[-6.585584,53.387106],[-6.585766,53.386988],[-6.585825,53.386946],[-6.5862,53.386686],[-6.58648,53.38649],[-6.586608,53.386401],[-6.586714,53.386317],[-6.586784,53.386262],[-6.587161,53.385943],[-6.587483,53.385663],[-6.587974,53.385227],[-6.588003,53.385201],[-6.588125,53.385092],[-6.588219,53.385008],[-6.588395,53.38485],[-6.588426,53.384824],[-6.588489,53.384768],[-6.588602,53.384657],[-6.588686,53.384578],[-6.58882,53.384452],[-6.588886,53.384384],[-6.589019,53.384248],[-6.589069,53.384193],[-6.589284,53.383959],[-6.58942,53.383792],[-6.589532,53.383621],[-6.589591,53.38348],[-6.5896,53.383374],[-6.589596,53.383306],[-6.589574,53.38324],[-6.589165,53.382759],[-6.5892,53.382749],[-6.58946,53.382675],[-6.589565,53.382648],[-6.590053,53.382511],[-6.5903,53.382452],[-6.589943,53.382035]],"type":"LineString"},"properties":{"hex_id":"89182c1a17bffff","service":"Supplies","dest_id":"node/359968059","dest_name":"Londis","walk_min":12.34,"distance_m":1025}},{"type":"Feature","geometry":{"coordinates":[[-6.602937,53.385551],[-6.602763,53.385336],[-6.602656,53.385369],[-6.6026,53.385297],[-6.602441,53.385335],[-6.602375,53.385247],[-6.601962,53.384732],[-6.601857,53.384579],[-6.601773,53.384448],[-6.601682,53.384471],[-6.601557,53.384452],[-6.601421,53.384419],[-6.601222,53.384371],[-6.601188,53.384376],[-6.601118,53.384364],[-6.600688,53.38426],[-6.600666,53.384265],[-6.60062,53.384264],[-6.600534,53.384271],[-6.600444,53.384306],[-6.600396,53.384348],[-6.600371,53.38436],[-6.600287,53.384394],[-6.6001,53.384457],[-6.600009,53.38446],[-6.599916,53.384369],[-6.600014,53.384313],[-6.599882,53.384209],[-6.599967,53.384171],[-6.599941,53.384137],[-6.600023,53.384103]],"type":"LineString"},"properties":{"hex_id":"89182c1a307ffff","service":"Supplies","dest_id":"node/405712189","dest_name":"Londis","walk_min":4.19,"distance_m":346}},{"type":"Feature","geometry":{"coordinates":[[-6.592994,53.386364],[-6.59309,53.386363],[-6.593188,53.386366],[-6.593524,53.38589],[-6.593558,53.385842],[-6.593655,53.385866],[-6.593711,53.385787],[-6.593855,53.385585],[-6.59389,53.385537],[-6.594133,53.385593],[-6.594177,53.385532],[-6.59436,53.38556],[-6.594566,53.385566],[-6.594703,53.385571],[-6.594855,53.385566],[-6.595208,53.385492],[-6.595394,53.385454],[-6.595427,53.385396],[-6.595462,53.38539],[-6.595181,53.384892],[-6.595028,53.384616],[-6.594915,53.384439],[-6.594666,53.383991],[-6.594609,53.383893],[-6.594445,53.383613],[-6.594386,53.383469],[-6.594162,53.383085],[-6.594131,53.383031],[-6.594189,53.383022],[-6.594345,53.382995],[-6.594538,53.382959],[-6.594673,53.382874],[-6.595044,53.382789],[-6.595241,53.382717],[-6.595827,53.382585],[-6.595738,53.382522],[-6.595655,53.382467],[-6.59571,53.382457],[-6.595847,53.382391],[-6.596012,53.382365],[-6.596246,53.382338],[-6.59676,53.382265],[-6.596765,53.382222],[-6.596814,53.382083],[-6.596766,53.38208]],"type":"LineString"},"properties":{"hex_id":"89182c1a3a3ffff","service":"Supplies","dest_id":"way/30633224","dest_name":"ALDI","walk_min":9.14,"distance_m":762}},{"type":"Feature","geometry":{"coordinates":[[-6.584848,53.365748],[-6.584888,53.365752],[-6.58552,53.365813],[-6.585601,53.36582],[-6.585528,53.366083],[-6.585525,53.366146],[-6.586916,53.366171],[-6.587917,53.366186],[-6.588838,53.366202],[-6.588948,53.366204],[-6.589058,53.366232],[-6.589128,53.366234],[-6.589215,53.366237],[-6.589287,53.366221],[-6.589353,53.366222],[-6.589511,53.36621],[-6.58981,53.366136],[-6.589968,53.366047],[-6.590249,53.365806],[-6.590386,53.365596],[-6.590431,53.365553],[-6.590621,53.365562],[-6.59075,53.365603],[-6.590804,53.365642],[-6.59089,53.365675],[-6.590991,53.365688],[-6.591107,53.365725],[-6.591257,53.36581],[-6.591299,53.365914],[-6.591323,53.366122],[-6.591277,53.366683],[-6.591274,53.366796],[-6.591251,53.367314],[-6.591217,53.367553],[-6.591211,53.367656],[-6.591165,53.368273],[-6.591132,53.368544],[-6.590931,53.369334],[-6.590885,53.369332],[-6.590835,53.369456],[-6.589788,53.369284],[-6.589754,53.369345],[-6.589692,53.369458],[-6.589513,53.369777]],"type":"LineString"},"properties":{"hex_id":"89182c1ae77ffff","service":"Supplies","dest_id":"way/31574825","dest_name":"Lidl","walk_min":12.71,"distance_m":1059}},{"type":"Feature","geometry":{"coordinates":[[-6.590601,53.373271],[-6.590609,53.373247],[-6.590647,53.373046],[-6.590705,53.372829],[-6.590546,53.372824],[-6.590087,53.372793],[-6.589889,53.372768],[-6.589698,53.372745],[-6.589466,53.372702],[-6.589159,53.373256],[-6.589052,53.373448],[-6.588958,53.373618],[-6.58893,53.373666],[-6.588825,53.373649],[-6.588694,53.373894],[-6.588632,53.37401],[-6.58852,53.373983],[-6.588416,53.373945],[-6.588259,53.373849],[-6.588249,53.373844],[-6.588113,53.373915],[-6.588021,53.373931],[-6.588067,53.373956]],"type":"LineString"},"properties":{"hex_id":"89182c1ae57ffff","service":"Supplies","dest_id":"node/354880889","dest_name":"Centra","walk_min":4.21,"distance_m":351}},{"type":"Feature","geometry":{"coordinates":[[-6.588834,53.395704],[-6.588703,53.395718],[-6.588437,53.395717],[-6.584715,53.395353],[-6.583417,53.395224],[-6.582527,53.395136],[-6.582058,53.395096],[-6.581799,53.395063],[-6.581653,53.395022],[-6.581547,53.39498],[-6.581454,53.394937],[-6.581192,53.394785],[-6.580931,53.394685],[-6.58,53.394369],[-6.578823,53.393964],[-6.577176,53.393389],[-6.575613,53.392868],[-6.575542,53.392845],[-6.575588,53.392782],[-6.575631,53.392686],[-6.575735,53.392355],[-6.575842,53.392043],[-6.575934,53.39177],[-6.576041,53.391471],[-6.576258,53.390831],[-6.57631,53.390667],[-6.576491,53.390095],[-6.576745,53.389099],[-6.576806,53.388824],[-6.576902,53.388457],[-6.576947,53.388357],[-6.576943,53.388217],[-6.576903,53.388187],[-6.57688,53.388151],[-6.576736,53.387926],[-6.576561,53.387732],[-6.576095,53.387152],[-6.576085,53.38714],[-6.575453,53.386349],[-6.575328,53.386194],[-6.575399,53.386173],[-6.577023,53.385682],[-6.577468,53.385554],[-6.578466,53.385268],[-6.580431,53.384687],[-6.58099,53.384518],[-6.581785,53.384292],[-6.582691,53.38403],[-6.583201,53.383883],[-6.583674,53.383739],[-6.583518,53.383484],[-6.583493,53.383438],[-6.583306,53.383185],[-6.583148,53.383029],[-6.58297,53.382785],[-6.582731,53.382499],[-6.582623,53.382372],[-6.582565,53.382274],[-6.582487,53.382207],[-6.58253,53.382182],[-6.582554,53.382141],[-6.582563,53.382115],[-6.582581,53.382055],[-6.582504,53.382034],[-6.582466,53.382012],[-6.582441,53.381984],[-6.58243,53.381953],[-6.582435,53.381921],[-6.582454,53.381891],[-6.582464,53.381882],[-6.582501,53.381796],[-6.582493,53.381688],[-6.582455,53.381648],[-6.582397,53.381602],[-6.582343,53.38158],[-6.582264,53.381579],[-6.582158,53.381577],[-6.582055,53.381543],[-6.581913,53.381545],[-6.581907,53.381429],[-6.581906,53.381368],[-6.58168,53.381369],[-6.581664,53.381139],[-6.581647,53.380889]],"type":"LineString"},"properties":{"hex_id":"89182c1a15bffff","service":"Supplies","dest_id":"way/30420550","dest_name":"Tesco Extra","walk_min":32.87,"distance_m":2739}},{"type":"Feature","geometry":{"coordinates":[[-6.60167,53.396446],[-6.601472,53.396091],[-6.60145,53.39605],[-6.60127,53.395722],[-6.60092,53.395059],[-6.600571,53.394453],[-6.600025,53.393506],[-6.599935,53.393346],[-6.599818,53.393149],[-6.599788,53.39309],[-6.59965,53.393131],[-6.599601,53.393147],[-6.599549,53.393083],[-6.599587,53.393068],[-6.599601,53.393059],[-6.599607,53.393048],[-6.599612,53.393036],[-6.599617,53.393023],[-6.599594,53.392941],[-6.5994,53.392506],[-6.599344,53.392425],[-6.599167,53.3921],[-6.598825,53.391447],[-6.598797,53.391404],[-6.598582,53.391073],[-6.598364,53.390666],[-6.598215,53.390388],[-6.59792,53.389841],[-6.597633,53.389262],[-6.597544,53.389108],[-6.597416,53.388885],[-6.597346,53.388763],[-6.597235,53.388595],[-6.597134,53.388398],[-6.597079,53.388288],[-6.596926,53.387989],[-6.596915,53.387966],[-6.596513,53.387286],[-6.596235,53.386752],[-6.595918,53.386174],[-6.595774,53.385889],[-6.59573,53.385851],[-6.595682,53.38577],[-6.595587,53.385607],[-6.595518,53.38549],[-6.595462,53.38539],[-6.595181,53.384892],[-6.595028,53.384616],[-6.594915,53.384439],[-6.594666,53.383991],[-6.594609,53.383893],[-6.594445,53.383613],[-6.594386,53.383469],[-6.594162,53.383085],[-6.594131,53.383031],[-6.594189,53.383022],[-6.594345,53.382995],[-6.594538,53.382959],[-6.594673,53.382874],[-6.595044,53.382789],[-6.595241,53.382717],[-6.595827,53.382585],[-6.595738,53.382522],[-6.595655,53.382467],[-6.59571,53.382457],[-6.595847,53.382391],[-6.596012,53.382365],[-6.596246,53.382338],[-6.59676,53.382265],[-6.596765,53.382222],[-6.596814,53.382083],[-6.596766,53.38208]],"type":"LineString"},"properties":{"hex_id":"89182c1a39bffff","service":"Supplies","dest_id":"way/30633224","dest_name":"ALDI","walk_min":22.12,"distance_m":1840}},{"type":"Feature","geometry":{"coordinates":[[-6.58256,53.37103],[-6.58369,53.371912],[-6.583998,53.372152],[-6.584367,53.372455],[-6.584595,53.372356],[-6.585114,53.372754],[-6.586199,53.373588],[-6.586312,53.373669],[-6.586612,53.373911],[-6.586718,53.374002],[-6.586791,53.374005],[-6.587096,53.373865],[-6.587183,53.373826],[-6.58731,53.373929],[-6.587736,53.373736],[-6.588021,53.373931],[-6.588067,53.373956]],"type":"LineString"},"properties":{"hex_id":"89182c1ae03ffff","service":"Supplies","dest_id":"node/354880889","dest_name":"Centra","walk_min":6.87,"distance_m":570}},{"type":"Feature","geometry":{"coordinates":[[-6.567646,53.380274],[-6.567728,53.380278],[-6.568149,53.380327],[-6.568609,53.380398],[-6.568809,53.380438],[-6.569019,53.38049],[-6.569505,53.380555],[-6.569729,53.380618],[-6.569803,53.380639],[-6.569887,53.380671],[-6.569969,53.380692],[-6.570049,53.38071],[-6.570409,53.380813],[-6.570543,53.380872],[-6.570718,53.380943],[-6.570899,53.381019],[-6.57096,53.381077],[-6.57105,53.381153],[-6.571167,53.381289],[-6.571266,53.381396],[-6.571309,53.381445],[-6.571443,53.381606],[-6.571644,53.381856],[-6.571715,53.381953],[-6.571864,53.382138],[-6.57194,53.382219],[-6.572005,53.382287],[-6.572061,53.382367],[-6.572104,53.382425],[-6.572138,53.382486],[-6.57229,53.382774],[-6.572318,53.382806],[-6.572374,53.382877],[-6.572432,53.382971],[-6.572562,53.383141],[-6.572624,53.383221],[-6.572659,53.383265],[-6.572743,53.383369],[-6.572847,53.383502],[-6.572931,53.383616],[-6.572989,53.383676],[-6.573082,53.38377],[-6.573149,53.38384],[-6.573276,53.383977],[-6.573367,53.384079],[-6.573421,53.38414],[-6.573505,53.384233],[-6.573585,53.384294],[-6.573654,53.384359],[-6.573816,53.38455],[-6.573971,53.384742],[-6.574086,53.384882],[-6.57417,53.384984],[-6.574263,53.385098],[-6.574356,53.385221],[-6.574431,53.385338],[-6.574496,53.385465],[-6.574509,53.385575],[-6.574509,53.385623],[-6.574477,53.385656],[-6.574444,53.385723],[-6.574362,53.385866],[-6.574461,53.385936],[-6.574606,53.386107],[-6.574769,53.386335],[-6.575206,53.386232],[-6.575328,53.386194],[-6.575399,53.386173],[-6.577023,53.385682],[-6.577468,53.385554],[-6.578466,53.385268],[-6.580431,53.384687],[-6.58099,53.384518],[-6.581785,53.384292],[-6.582691,53.38403],[-6.583201,53.383883],[-6.583674,53.383739],[-6.583518,53.383484],[-6.583493,53.383438],[-6.583306,53.383185],[-6.583148,53.383029],[-6.58297,53.382785],[-6.582731,53.382499],[-6.582623,53.382372],[-6.582565,53.382274],[-6.582487,53.382207],[-6.58253,53.382182],[-6.582554,53.382141],[-6.582563,53.382115],[-6.582581,53.382055],[-6.582504,53.382034],[-6.582466,53.382012],[-6.582441,53.381984],[-6.58243,53.381953],[-6.582435,53.381921],[-6.582454,53.381891],[-6.582464,53.381882],[-6.582501,53.381796],[-6.582493,53.381688],[-6.582455,53.381648],[-6.582397,53.381602],[-6.582343,53.38158],[-6.582264,53.381579],[-6.582158,53.381577],[-6.582055,53.381543],[-6.581913,53.381545],[-6.581907,53.381429],[-6.581906,53.381368],[-6.58168,53.381369],[-6.581664,53.381139],[-6.581647,53.380889]],"type":"LineString"},"properties":{"hex_id":"89182c1a12fffff","service":"Supplies","dest_id":"way/30420550","dest_name":"Tesco Extra","walk_min":23.26,"distance_m":1938}},{"type":"Feature","geometry":{"coordinates":[[-6.584565,53.384584],[-6.584565,53.384584],[-6.584503,53.384604],[-6.584428,53.384671],[-6.584373,53.384719],[-6.583083,53.384273],[-6.582915,53.384213],[-6.58282,53.384176],[-6.582751,53.384128],[-6.582691,53.38403],[-6.583201,53.383883],[-6.583674,53.383739],[-6.583518,53.383484],[-6.583493,53.383438],[-6.583306,53.383185],[-6.583148,53.383029],[-6.58297,53.382785],[-6.582731,53.382499],[-6.582623,53.382372],[-6.582565,53.382274],[-6.582487,53.382207],[-6.58253,53.382182],[-6.582554,53.382141],[-6.582563,53.382115],[-6.582581,53.382055],[-6.582504,53.382034],[-6.582466,53.382012],[-6.582441,53.381984],[-6.58243,53.381953],[-6.582435,53.381921],[-6.582454,53.381891],[-6.582464,53.381882],[-6.582501,53.381796],[-6.582493,53.381688],[-6.582455,53.381648],[-6.582397,53.381602],[-6.582343,53.38158],[-6.582264,53.381579],[-6.582158,53.381577],[-6.582055,53.381543],[-6.581913,53.381545],[-6.581907,53.381429],[-6.581906,53.381368],[-6.582133,53.381365],[-6.58221,53.381364],[-6.582285,53.381361],[-6.582451,53.381358],[-6.582395,53.381306],[-6.58237,53.381305],[-6.582371,53.381197]],"type":"LineString"},"properties":{"hex_id":"89182c1a16bffff","service":"Pharmacy","dest_id":"2","dest_name":"McCartan's","walk_min":7.29,"distance_m":607}},{"type":"Feature","geometry":{"coordinates":[[-6.576153,53.382683],[-6.576268,53.382648],[-6.577229,53.382374],[-6.577222,53.382343],[-6.57721,53.382319],[-6.576955,53.382056],[-6.576806,53.381829],[-6.576766,53.381768],[-6.576752,53.381723],[-6.576726,53.381641],[-6.576727,53.381547],[-6.576727,53.381517],[-6.576729,53.381489],[-6.577132,53.381502],[-6.577703,53.381535],[-6.577717,53.381475],[-6.578274,53.38152],[-6.578682,53.381575],[-6.579993,53.381742],[-6.580137,53.381708],[-6.580188,53.381684],[-6.580257,53.381625],[-6.58034,53.381603],[-6.580404,53.381585],[-6.580496,53.381571],[-6.580563,53.381568],[-6.580581,53.381567],[-6.5807,53.381562],[-6.580969,53.381559],[-6.580977,53.381493],[-6.580972,53.381461],[-6.581196,53.381376],[-6.581444,53.381372],[-6.58168,53.381369],[-6.581906,53.381368],[-6.582133,53.381365],[-6.58221,53.381364],[-6.582285,53.381361],[-6.582451,53.381358],[-6.582395,53.381306],[-6.58237,53.381305],[-6.582371,53.381197]],"type":"LineString"},"properties":{"hex_id":"89182c1a167ffff","service":"Pharmacy","dest_id":"2","dest_name":"McCartan's","walk_min":7.39,"distance_m":616}},{"type":"Feature","geometry":{"coordinates":[[-6.59503,53.391614],[-6.594844,53.391612],[-6.594046,53.391697],[-6.593954,53.391691],[-6.593999,53.391401],[-6.593994,53.39135],[-6.594101,53.390924],[-6.594072,53.390869],[-6.594081,53.390817],[-6.594076,53.390641],[-6.594074,53.390544],[-6.594008,53.390316],[-6.593924,53.390113],[-6.593873,53.389991],[-6.593751,53.389801],[-6.593613,53.389619],[-6.593496,53.389501],[-6.5933,53.389319],[-6.593591,53.389167],[-6.59384,53.38906],[-6.594144,53.388954],[-6.594177,53.388943],[-6.594243,53.388919],[-6.594279,53.388911],[-6.594582,53.388851],[-6.595142,53.388715],[-6.595332,53.388657],[-6.595563,53.388584],[-6.595704,53.388533],[-6.595855,53.388485],[-6.596064,53.388437],[-6.596754,53.388346],[-6.597079,53.388288],[-6.596926,53.387989],[-6.596915,53.387966],[-6.596513,53.387286],[-6.596235,53.386752],[-6.595918,53.386174],[-6.595774,53.385889],[-6.59573,53.385851],[-6.595682,53.38577],[-6.595587,53.385607],[-6.595518,53.38549],[-6.595462,53.38539],[-6.595181,53.384892],[-6.595028,53.384616],[-6.594915,53.384439],[-6.594666,53.383991],[-6.594609,53.383893],[-6.594445,53.383613],[-6.594386,53.383469],[-6.594162,53.383085],[-6.594131,53.383031],[-6.593948,53.382741],[-6.593875,53.382644],[-6.593801,53.382546],[-6.593668,53.382395],[-6.593494,53.382187],[-6.593421,53.382098],[-6.593458,53.382081],[-6.593517,53.382063],[-6.593542,53.382122],[-6.593569,53.382101],[-6.593653,53.382068],[-6.5937,53.382123],[-6.594396,53.381841]],"type":"LineString"},"properties":{"hex_id":"89182c1a387ffff","service":"Pharmacy","dest_id":"4","dest_name":"Hickey's Pharmacy","walk_min":17.38,"distance_m":1446}},{"type":"Feature","geometry":{"coordinates":[[-6.585873,53.381731],[-6.58589,53.381946],[-6.586238,53.381938],[-6.586431,53.381942],[-6.586608,53.381945],[-6.586854,53.381952],[-6.587898,53.38198],[-6.587991,53.381999],[-6.587994,53.382042],[-6.588266,53.382059],[-6.588381,53.382067],[-6.58859,53.382131],[-6.588678,53.382163],[-6.588746,53.382189],[-6.588887,53.382249],[-6.589443,53.382087],[-6.589874,53.381953],[-6.590122,53.381881]],"type":"LineString"},"properties":{"hex_id":"89182c1aed3ffff","service":"Pharmacy","dest_id":"1","dest_name":"Mc Cormack's","walk_min":3.92,"distance_m":326}},{"type":"Feature","geometry":{"coordinates":[[-6.595097,53.372727],[-6.595163,53.372645],[-6.595273,53.372472],[-6.595332,53.372272],[-6.595089,53.372249],[-6.594934,53.372239],[-6.594419,53.372259],[-6.594148,53.372275],[-6.593723,53.372364],[-6.593289,53.372488],[-6.593228,53.372505],[-6.592771,53.372653],[-6.592378,53.37275],[-6.592137,53.37279],[-6.592017,53.372806],[-6.591804,53.372828],[-6.59139,53.372837],[-6.591078,53.372837],[-6.590756,53.372832],[-6.590705,53.372829],[-6.590546,53.372824],[-6.590087,53.372793],[-6.589889,53.372768],[-6.589698,53.372745],[-6.589466,53.372702],[-6.589159,53.373256],[-6.589052,53.373448],[-6.588958,53.373618],[-6.58893,53.373666],[-6.588825,53.373649],[-6.588694,53.373894],[-6.588632,53.37401],[-6.58852,53.373983],[-6.588416,53.373945],[-6.588259,53.373849],[-6.588249,53.373844],[-6.588113,53.373915],[-6.588021,53.373931],[-6.588273,53.374065],[-6.588226,53.374171]],"type":"LineString"},"properties":{"hex_id":"89182c1ae43ffff","service":"Pharmacy","dest_id":"6","dest_name":"St Patrick's Pharmacy","walk_min":8.47,"distance_m":706}},{"type":"Feature","geometry":{"coordinates":[[-6.566085,53.364628],[-6.566075,53.364763],[-6.566048,53.365417],[-6.565996,53.366692],[-6.565991,53.366834],[-6.565997,53.366889],[-6.56604,53.366948],[-6.566102,53.366978],[-6.566183,53.366993],[-6.567038,53.367023],[-6.567547,53.367041],[-6.567762,53.367048],[-6.568705,53.367081],[-6.569815,53.367118],[-6.570872,53.367149],[-6.571138,53.367186],[-6.571245,53.367206],[-6.571755,53.367337],[-6.576137,53.368564],[-6.577226,53.368866],[-6.577593,53.368968],[-6.577924,53.36906],[-6.578873,53.369323],[-6.579422,53.369476],[-6.579633,53.369537],[-6.579694,53.369554],[-6.579787,53.369581],[-6.579877,53.369605],[-6.579905,53.369613],[-6.580014,53.369642],[-6.580281,53.369713],[-6.580514,53.369783],[-6.580725,53.369846],[-6.580801,53.369876],[-6.58094,53.369931],[-6.581101,53.370009],[-6.581186,53.370056],[-6.581284,53.370112],[-6.58133,53.370139],[-6.581384,53.37017],[-6.581752,53.370418],[-6.581926,53.370553],[-6.582131,53.370708],[-6.582514,53.370994],[-6.58369,53.371912],[-6.583998,53.372152],[-6.584367,53.372455],[-6.584595,53.372356],[-6.585114,53.372754],[-6.586199,53.373588],[-6.586312,53.373669],[-6.586612,53.373911],[-6.586718,53.374002],[-6.586791,53.374005],[-6.587096,53.373865],[-6.587183,53.373826],[-6.58731,53.373929],[-6.587736,53.373736],[-6.588021,53.373931],[-6.588273,53.374065],[-6.588226,53.374171]],"type":"LineString"},"properties":{"hex_id":"89182c1a8dbffff","service":"Pharmacy","dest_id":"6","dest_name":"St Patrick's Pharmacy","walk_min":25.05,"distance_m":2085}},{"type":"Feature","geometry":{"coordinates":[[-6.573777,53.387211],[-6.573968,53.387111],[-6.574045,53.387095],[-6.57415,53.387099],[-6.574236,53.387104],[-6.57429,53.387065],[-6.574333,53.386992],[-6.574351,53.386965],[-6.574357,53.386893],[-6.574359,53.386835],[-6.574191,53.386799],[-6.57413,53.386783],[-6.574064,53.386745],[-6.574031,53.386712],[-6.574001,53.386693],[-6.573734,53.38663],[-6.574247,53.386485],[-6.574769,53.386335],[-6.575206,53.386232],[-6.575328,53.386194],[-6.575399,53.386173],[-6.577023,53.385682],[-6.577468,53.385554],[-6.578466,53.385268],[-6.580431,53.384687],[-6.58099,53.384518],[-6.581785,53.384292],[-6.582691,53.38403],[-6.583201,53.383883],[-6.583674,53.383739],[-6.583518,53.383484],[-6.583493,53.383438],[-6.583306,53.383185],[-6.583148,53.383029],[-6.58297,53.382785],[-6.582731,53.382499],[-6.582623,53.382372],[-6.582565,53.382274],[-6.582487,53.382207],[-6.58253,53.382182],[-6.582554,53.382141],[-6.582563,53.382115],[-6.582581,53.382055],[-6.582504,53.382034],[-6.582466,53.382012],[-6.582441,53.381984],[-6.58243,53.381953],[-6.582435,53.381921],[-6.582454,53.381891],[-6.582464,53.381882],[-6.582501,53.381796],[-6.582493,53.381688],[-6.582455,53.381648],[-6.582397,53.381602],[-6.582343,53.38158],[-6.582264,53.381579],[-6.582158,53.381577],[-6.582055,53.381543],[-6.581913,53.381545],[-6.581907,53.381429],[-6.581906,53.381368],[-6.582133,53.381365],[-6.58221,53.381364],[-6.582285,53.381361],[-6.582451,53.381358],[-6.582395,53.381306],[-6.58237,53.381305],[-6.582371,53.381197]],"type":"LineString"},"properties":{"hex_id":"89182c1a10fffff","service":"Pharmacy","dest_id":"2","dest_name":"McCartan's","walk_min":14.73,"distance_m":1227}},{"type":"Feature","geometry":{"coordinates":[[-6.572657,53.379925],[-6.572672,53.379927],[-6.573385,53.38],[-6.574685,53.380157],[-6.575269,53.380218],[-6.576101,53.380254],[-6.577088,53.380259],[-6.577938,53.380233],[-6.579311,53.380121],[-6.58017,53.379993],[-6.581611,53.379783],[-6.583156,53.379552],[-6.584993,53.379261],[-6.585064,53.379249],[-6.585722,53.379154],[-6.58667,53.37903],[-6.587062,53.378963],[-6.587137,53.378947],[-6.587451,53.378931],[-6.587715,53.378965],[-6.587896,53.378995],[-6.588006,53.379001],[-6.588023,53.379],[-6.588028,53.37903],[-6.588349,53.37946],[-6.588428,53.379539],[-6.588481,53.379637],[-6.588788,53.379929],[-6.588763,53.379938],[-6.588697,53.3799],[-6.588633,53.379931],[-6.588604,53.379946],[-6.58864,53.379977],[-6.588424,53.380107],[-6.588317,53.38012],[-6.588248,53.380122],[-6.588173,53.380115],[-6.588106,53.380119],[-6.588041,53.380136],[-6.58795,53.380142],[-6.587832,53.380163],[-6.587691,53.380198],[-6.587717,53.380229],[-6.587859,53.380246],[-6.587898,53.380331],[-6.587906,53.380349],[-6.587959,53.380464],[-6.588361,53.380395]],"type":"LineString"},"properties":{"hex_id":"89182c1ae93ffff","service":"Pharmacy","dest_id":"3","dest_name":"Callagy's","walk_min":15.81,"distance_m":1318}},{"type":"Feature","geometry":{"coordinates":[[-6.603861,53.374833],[-6.603337,53.374896],[-6.603286,53.374937],[-6.603093,53.374954],[-6.602882,53.37499],[-6.602841,53.374999],[-6.602646,53.375051],[-6.602426,53.375119],[-6.602275,53.375172],[-6.602107,53.375231],[-6.601975,53.375276],[-6.601795,53.37533],[-6.601501,53.375398],[-6.601255,53.375434],[-6.600891,53.375457],[-6.60059,53.375475],[-6.60042,53.375491],[-6.60025,53.375498],[-6.600186,53.375502],[-6.599997,53.37551],[-6.599851,53.375514],[-6.599775,53.375516],[-6.599617,53.37552],[-6.599303,53.375539],[-6.599247,53.375542],[-6.599085,53.375554],[-6.59899,53.375574],[-6.598749,53.375602],[-6.598599,53.375625],[-6.597823,53.375719],[-6.597725,53.375723],[-6.597651,53.375726],[-6.597606,53.375734],[-6.597555,53.375743],[-6.597474,53.375757],[-6.597108,53.375732],[-6.596905,53.375713],[-6.59672,53.375794],[-6.596696,53.375914],[-6.596676,53.376072],[-6.596661,53.376177],[-6.596653,53.376216],[-6.596558,53.376485],[-6.596542,53.376516],[-6.596466,53.376512],[-6.596459,53.376529],[-6.596401,53.376676],[-6.596289,53.376945],[-6.596177,53.377153],[-6.596063,53.377312],[-6.595866,53.377511],[-6.595847,53.377529],[-6.595794,53.377579],[-6.59547,53.377849],[-6.595366,53.377922],[-6.595302,53.377967],[-6.594994,53.378193],[-6.59495,53.378225],[-6.594725,53.378386],[-6.594582,53.378487],[-6.594365,53.378637],[-6.59413,53.378798],[-6.594029,53.378875],[-6.593954,53.378924],[-6.593911,53.378978],[-6.593847,53.379061],[-6.593754,53.379229],[-6.59372,53.379411],[-6.593754,53.379922],[-6.593762,53.38006],[-6.593756,53.380259],[-6.593753,53.380344],[-6.593751,53.380352],[-6.593732,53.380447],[-6.59369,53.380541],[-6.593603,53.380644],[-6.593519,53.38073],[-6.593441,53.380815],[-6.593388,53.380847],[-6.593256,53.380892],[-6.593131,53.380916],[-6.593013,53.380943],[-6.593006,53.380999],[-6.593003,53.381024],[-6.592999,53.38104],[-6.592982,53.381053],[-6.592897,53.381079],[-6.592878,53.381085],[-6.592858,53.381092],[-6.592818,53.381105],[-6.592924,53.381242],[-6.592948,53.38127],[-6.593186,53.381538],[-6.593241,53.381615],[-6.593238,53.381644],[-6.593222,53.381668],[-6.593331,53.381829],[-6.593504,53.382028],[-6.593517,53.382063],[-6.593542,53.382122],[-6.593569,53.382101],[-6.593653,53.382068],[-6.5937,53.382123],[-6.594396,53.381841]],"type":"LineString"},"properties":{"hex_id":"89182c18597ffff","service":"Pharmacy","dest_id":"4","dest_name":"Hickey's Pharmacy","walk_min":16.51,"distance_m":1377}},{"type":"Feature","geometry":{"coordinates":[[-6.6023,53.377485],[-6.601981,53.377594],[-6.601161,53.377886],[-6.600635,53.378072],[-6.60019,53.378195],[-6.600123,53.37821],[-6.599849,53.378316],[-6.599337,53.37853],[-6.59912,53.37862],[-6.599006,53.37866],[-6.598937,53.37868],[-6.598544,53.378197],[-6.598514,53.378161],[-6.598487,53.378133],[-6.59809,53.378261],[-6.597696,53.378405],[-6.597646,53.378432],[-6.597585,53.378466],[-6.597708,53.378567],[-6.597514,53.378614],[-6.597193,53.378712],[-6.596819,53.37887],[-6.596768,53.378887],[-6.596746,53.378896],[-6.596406,53.379031],[-6.596254,53.379098],[-6.596173,53.379138],[-6.596141,53.379151],[-6.595973,53.379219],[-6.595931,53.379235],[-6.595902,53.379248],[-6.595548,53.379416],[-6.595469,53.379454],[-6.595311,53.379524],[-6.595198,53.379562],[-6.595163,53.379576],[-6.595028,53.379653],[-6.594884,53.379734],[-6.594547,53.379928],[-6.594517,53.38002],[-6.594505,53.380092],[-6.594515,53.380173],[-6.594527,53.380258],[-6.594516,53.380432],[-6.594455,53.380461],[-6.59433,53.380491],[-6.594288,53.380506],[-6.594225,53.380527],[-6.594011,53.380605],[-6.59372,53.38073],[-6.593656,53.380757],[-6.593575,53.380779],[-6.593441,53.380815],[-6.593388,53.380847],[-6.593256,53.380892],[-6.593131,53.380916],[-6.593013,53.380943],[-6.593006,53.380999],[-6.593003,53.381024],[-6.592999,53.38104],[-6.592982,53.381053],[-6.592897,53.381079],[-6.592878,53.381085],[-6.592858,53.381092],[-6.592818,53.381105],[-6.592924,53.381242],[-6.592948,53.38127],[-6.593186,53.381538],[-6.593241,53.381615],[-6.593238,53.381644],[-6.593222,53.381668],[-6.593331,53.381829],[-6.593504,53.382028],[-6.593517,53.382063],[-6.593542,53.382122],[-6.593569,53.382101],[-6.593653,53.382068],[-6.5937,53.382123],[-6.594396,53.381841]],"type":"LineString"},"properties":{"hex_id":"89182c1a32fffff","service":"Pharmacy","dest_id":"4","dest_name":"Hickey's Pharmacy","walk_min":12.81,"distance_m":1068}},{"type":"Feature","geometry":{"coordinates":[[-6.608643,53.382005],[-6.608506,53.382041],[-6.608521,53.381954],[-6.608527,53.381924],[-6.608594,53.381733],[-6.608601,53.381665],[-6.608029,53.381644],[-6.607472,53.38161],[-6.60652,53.381542],[-6.60616,53.381529],[-6.605703,53.381523],[-6.605678,53.381523],[-6.605651,53.381524],[-6.60563,53.381524],[-6.605138,53.381538],[-6.604679,53.38157],[-6.604512,53.381587],[-6.603872,53.381653],[-6.603332,53.38172],[-6.602779,53.381783],[-6.602574,53.38181],[-6.601772,53.381892],[-6.601532,53.381916],[-6.601527,53.381951],[-6.601504,53.381984],[-6.601467,53.382011],[-6.601417,53.382031],[-6.60136,53.382041],[-6.601374,53.38208],[-6.601238,53.382055],[-6.600986,53.382008],[-6.599714,53.382101],[-6.599357,53.382127],[-6.599222,53.382137],[-6.598387,53.382197],[-6.598259,53.382208],[-6.597858,53.382252],[-6.597599,53.382279],[-6.597115,53.382345],[-6.595827,53.382585],[-6.595738,53.382522],[-6.595655,53.382467],[-6.595349,53.38253],[-6.595164,53.382569],[-6.594804,53.382648],[-6.594525,53.38271],[-6.594411,53.382718],[-6.594331,53.382713],[-6.594255,53.382696],[-6.594227,53.382688],[-6.593985,53.382634],[-6.593915,53.382574],[-6.593805,53.382443],[-6.593721,53.382343],[-6.593542,53.382122],[-6.593569,53.382101],[-6.593653,53.382068],[-6.5937,53.382123],[-6.594396,53.381841]],"type":"LineString"},"properties":{"hex_id":"89182c1a377ffff","service":"Pharmacy","dest_id":"4","dest_name":"Hickey's Pharmacy","walk_min":14.4,"distance_m":1201}},{"type":"Feature","geometry":{"coordinates":[[-6.584089,53.376677],[-6.584608,53.376543],[-6.584697,53.37654],[-6.584833,53.376385],[-6.584989,53.376025],[-6.585075,53.376015],[-6.585252,53.375982],[-6.585724,53.375825],[-6.585693,53.375762],[-6.585526,53.37546],[-6.586004,53.37524],[-6.586348,53.37508],[-6.586707,53.37493],[-6.587143,53.375291],[-6.587169,53.375336],[-6.587569,53.375305],[-6.58775,53.375318],[-6.587792,53.375237],[-6.587825,53.37517],[-6.587895,53.375055],[-6.58793,53.374986],[-6.588016,53.374902],[-6.588105,53.374748],[-6.588197,53.374577],[-6.588285,53.374406],[-6.588164,53.374311],[-6.588226,53.374171]],"type":"LineString"},"properties":{"hex_id":"89182c1aec7ffff","service":"Pharmacy","dest_id":"6","dest_name":"St Patrick's Pharmacy","walk_min":6.37,"distance_m":531}},{"type":"Feature","geometry":{"coordinates":[[-6.589135,53.375997],[-6.589593,53.376509],[-6.589366,53.376585],[-6.589231,53.376625],[-6.589171,53.376644],[-6.589126,53.376657],[-6.588932,53.37672],[-6.588697,53.376796],[-6.588623,53.376816],[-6.588414,53.376884],[-6.588336,53.376909],[-6.588162,53.376967],[-6.587862,53.377067],[-6.587696,53.377105],[-6.587582,53.377111],[-6.587566,53.376876],[-6.587576,53.376668],[-6.587624,53.376341],[-6.587669,53.376173],[-6.587736,53.375988],[-6.587822,53.375731],[-6.587883,53.375588],[-6.588042,53.375288],[-6.588231,53.374943],[-6.588129,53.374924],[-6.588214,53.374773],[-6.588105,53.374748],[-6.588197,53.374577],[-6.588285,53.374406],[-6.588164,53.374311],[-6.588226,53.374171]],"type":"LineString"},"properties":{"hex_id":"89182c1aecfffff","service":"Pharmacy","dest_id":"6","dest_name":"St Patrick's Pharmacy","walk_min":6.76,"distance_m":564}},{"type":"Feature","geometry":{"coordinates":[[-6.613602,53.37322],[-6.613576,53.373222],[-6.613261,53.373237],[-6.612966,53.37341],[-6.612702,53.373515],[-6.6124,53.3736],[-6.611855,53.373725],[-6.611236,53.37391],[-6.610648,53.374076],[-6.61046,53.37413],[-6.610188,53.374113],[-6.61013,53.374084],[-6.609845,53.374055],[-6.609764,53.37407],[-6.608898,53.37421],[-6.608653,53.374257],[-6.60846,53.374294],[-6.608247,53.374336],[-6.607677,53.374447],[-6.607514,53.374474],[-6.607352,53.374494],[-6.607169,53.374512],[-6.606959,53.374525],[-6.606585,53.374539],[-6.606468,53.374544],[-6.606072,53.374556],[-6.605912,53.374566],[-6.605751,53.374583],[-6.605285,53.37465],[-6.605058,53.374688],[-6.604835,53.374727],[-6.60449,53.374792],[-6.604203,53.374836],[-6.603903,53.37487],[-6.603595,53.374908],[-6.603286,53.374937],[-6.603093,53.374954],[-6.602882,53.37499],[-6.602841,53.374999],[-6.602646,53.375051],[-6.602426,53.375119],[-6.602275,53.375172],[-6.602107,53.375231],[-6.601975,53.375276],[-6.601795,53.37533],[-6.601501,53.375398],[-6.601255,53.375434],[-6.600891,53.375457],[-6.60059,53.375475],[-6.60042,53.375491],[-6.60025,53.375498],[-6.600186,53.375502],[-6.599997,53.37551],[-6.599851,53.375514],[-6.599775,53.375516],[-6.599617,53.37552],[-6.599303,53.375539],[-6.599247,53.375542],[-6.599085,53.375554],[-6.59899,53.375574],[-6.598749,53.375602],[-6.598599,53.375625],[-6.597823,53.375719],[-6.597725,53.375723],[-6.597651,53.375726],[-6.597606,53.375734],[-6.597555,53.375743],[-6.597474,53.375757],[-6.597108,53.375732],[-6.596905,53.375713],[-6.59672,53.375794],[-6.596696,53.375914],[-6.596676,53.376072],[-6.596661,53.376177],[-6.596653,53.376216],[-6.596558,53.376485],[-6.596542,53.376516],[-6.596466,53.376512],[-6.596459,53.376529],[-6.596401,53.376676],[-6.596289,53.376945],[-6.596177,53.377153],[-6.596063,53.377312],[-6.595866,53.377511],[-6.595847,53.377529],[-6.595794,53.377579],[-6.59547,53.377849],[-6.595366,53.377922],[-6.595302,53.377967],[-6.594994,53.378193],[-6.59495,53.378225],[-6.594725,53.378386],[-6.594582,53.378487],[-6.594365,53.378637],[-6.59413,53.378798],[-6.594029,53.378875],[-6.593954,53.378924],[-6.593911,53.378978],[-6.593847,53.379061],[-6.593754,53.379229],[-6.59372,53.379411],[-6.593754,53.379922],[-6.593762,53.38006],[-6.593756,53.380259],[-6.593753,53.380344],[-6.593751,53.380352],[-6.593732,53.380447],[-6.59369,53.380541],[-6.593603,53.380644],[-6.593519,53.38073],[-6.593441,53.380815],[-6.593388,53.380847],[-6.593256,53.380892],[-6.593131,53.380916],[-6.593013,53.380943],[-6.593006,53.380999],[-6.593003,53.381024],[-6.592999,53.38104],[-6.592982,53.381053],[-6.592897,53.381079],[-6.592878,53.381085],[-6.592858,53.381092],[-6.592818,53.381105],[-6.592924,53.381242],[-6.592948,53.38127],[-6.593186,53.381538],[-6.593241,53.381615],[-6.593238,53.381644],[-6.593222,53.381668],[-6.593331,53.381829],[-6.593504,53.382028],[-6.593517,53.382063],[-6.593542,53.382122],[-6.593569,53.382101],[-6.593653,53.382068],[-6.5937,53.382123],[-6.594396,53.381841]],"type":"LineString"},"properties":{"hex_id":"89182c1858bffff","service":"Pharmacy","dest_id":"4","dest_name":"Hickey's Pharmacy","walk_min":24.74,"distance_m":2063}},{"type":"Feature","geometry":{"coordinates":[[-6.594453,53.383626],[-6.594445,53.383613],[-6.594386,53.383469],[-6.594162,53.383085],[-6.594131,53.383031],[-6.593948,53.382741],[-6.593875,53.382644],[-6.593801,53.382546],[-6.593668,53.382395],[-6.593494,53.382187],[-6.593421,53.382098],[-6.593458,53.382081],[-6.593517,53.382063],[-6.593542,53.382122],[-6.593569,53.382101],[-6.593653,53.382068],[-6.5937,53.382123],[-6.594396,53.381841]],"type":"LineString"},"properties":{"hex_id":"89182c1a3afffff","service":"Pharmacy","dest_id":"4","dest_name":"Hickey's Pharmacy","walk_min":3.28,"distance_m":271}},{"type":"Feature","geometry":{"coordinates":[[-6.569818,53.370075],[-6.569824,53.370064],[-6.570037,53.369659],[-6.570099,53.369514],[-6.570143,53.369403],[-6.57015,53.369363],[-6.570157,53.369292],[-6.570156,53.369203],[-6.57015,53.369117],[-6.570159,53.369009],[-6.570173,53.368952],[-6.570195,53.368844],[-6.570232,53.368744],[-6.570288,53.368615],[-6.570341,53.368524],[-6.570422,53.368399],[-6.570513,53.368259],[-6.570608,53.368117],[-6.570679,53.368],[-6.570814,53.367797],[-6.570879,53.367679],[-6.57093,53.367592],[-6.570985,53.367476],[-6.571041,53.367363],[-6.571138,53.367186],[-6.571245,53.367206],[-6.571755,53.367337],[-6.576137,53.368564],[-6.577226,53.368866],[-6.577593,53.368968],[-6.577924,53.36906],[-6.578873,53.369323],[-6.579422,53.369476],[-6.579633,53.369537],[-6.579694,53.369554],[-6.579787,53.369581],[-6.579877,53.369605],[-6.579905,53.369613],[-6.580014,53.369642],[-6.580281,53.369713],[-6.580514,53.369783],[-6.580725,53.369846],[-6.580801,53.369876],[-6.58094,53.369931],[-6.581101,53.370009],[-6.581186,53.370056],[-6.581284,53.370112],[-6.58133,53.370139],[-6.581384,53.37017],[-6.581752,53.370418],[-6.581926,53.370553],[-6.582131,53.370708],[-6.582514,53.370994],[-6.58369,53.371912],[-6.583998,53.372152],[-6.584367,53.372455],[-6.584595,53.372356],[-6.585114,53.372754],[-6.586199,53.373588],[-6.586312,53.373669],[-6.586612,53.373911],[-6.586718,53.374002],[-6.586791,53.374005],[-6.587096,53.373865],[-6.587183,53.373826],[-6.58731,53.373929],[-6.587736,53.373736],[-6.588021,53.373931],[-6.588273,53.374065],[-6.588226,53.374171]],"type":"LineString"},"properties":{"hex_id":"89182c1aea3ffff","service":"Pharmacy","dest_id":"6","dest_name":"St Patrick's Pharmacy","walk_min":21.87,"distance_m":1820}},{"type":"Feature","geometry":{"coordinates":[[-6.58229,53.388681],[-6.58229,53.388681],[-6.582458,53.38866],[-6.582648,53.388623],[-6.582782,53.38859],[-6.582862,53.388556],[-6.582961,53.388521],[-6.583188,53.388462],[-6.583427,53.388388],[-6.583686,53.388288],[-6.583888,53.388202],[-6.584096,53.388096],[-6.584147,53.388071],[-6.584783,53.387733],[-6.584921,53.387643],[-6.585161,53.387465],[-6.585309,53.387362],[-6.585309,53.387347],[-6.585581,53.387174],[-6.585584,53.387106],[-6.585766,53.386988],[-6.585825,53.386946],[-6.5862,53.386686],[-6.58648,53.38649],[-6.586608,53.386401],[-6.586714,53.386317],[-6.586784,53.386262],[-6.587161,53.385943],[-6.587483,53.385663],[-6.587974,53.385227],[-6.588003,53.385201],[-6.588125,53.385092],[-6.588219,53.385008],[-6.588395,53.38485],[-6.588426,53.384824],[-6.588489,53.384768],[-6.588602,53.384657],[-6.588686,53.384578],[-6.58882,53.384452],[-6.588886,53.384384],[-6.589019,53.384248],[-6.589069,53.384193],[-6.589284,53.383959],[-6.58942,53.383792],[-6.589532,53.383621],[-6.589591,53.38348],[-6.5896,53.383374],[-6.589596,53.383306],[-6.589574,53.38324],[-6.589165,53.382759],[-6.5892,53.382749],[-6.588891,53.382394],[-6.588853,53.382347],[-6.588836,53.38232],[-6.588843,53.382307],[-6.588887,53.382249],[-6.589443,53.382087],[-6.589874,53.381953],[-6.590122,53.381881]],"type":"LineString"},"properties":{"hex_id":"89182c1a147ffff","service":"Pharmacy","dest_id":"1","dest_name":"Mc Cormack's","walk_min":12.26,"distance_m":1019}},{"type":"Feature","geometry":{"coordinates":[[-6.608765,53.374235],[-6.608653,53.374257],[-6.60846,53.374294],[-6.608247,53.374336],[-6.607677,53.374447],[-6.607514,53.374474],[-6.607352,53.374494],[-6.607169,53.374512],[-6.606959,53.374525],[-6.606585,53.374539],[-6.606468,53.374544],[-6.606072,53.374556],[-6.605912,53.374566],[-6.605751,53.374583],[-6.605285,53.37465],[-6.605058,53.374688],[-6.604835,53.374727],[-6.60449,53.374792],[-6.604203,53.374836],[-6.603903,53.37487],[-6.603595,53.374908],[-6.603286,53.374937],[-6.603093,53.374954],[-6.602882,53.37499],[-6.602841,53.374999],[-6.602646,53.375051],[-6.602426,53.375119],[-6.602275,53.375172],[-6.602107,53.375231],[-6.601975,53.375276],[-6.601795,53.37533],[-6.601501,53.375398],[-6.601255,53.375434],[-6.600891,53.375457],[-6.60059,53.375475],[-6.60042,53.375491],[-6.60025,53.375498],[-6.600186,53.375502],[-6.599997,53.37551],[-6.599851,53.375514],[-6.599775,53.375516],[-6.599617,53.37552],[-6.599303,53.375539],[-6.599247,53.375542],[-6.599085,53.375554],[-6.59899,53.375574],[-6.598749,53.375602],[-6.598599,53.375625],[-6.597823,53.375719],[-6.597725,53.375723],[-6.597651,53.375726],[-6.597606,53.375734],[-6.597555,53.375743],[-6.597474,53.375757],[-6.597108,53.375732],[-6.596905,53.375713],[-6.59672,53.375794],[-6.596696,53.375914],[-6.596676,53.376072],[-6.596661,53.376177],[-6.596653,53.376216],[-6.596558,53.376485],[-6.596542,53.376516],[-6.596466,53.376512],[-6.596459,53.376529],[-6.596401,53.376676],[-6.596289,53.376945],[-6.596177,53.377153],[-6.596063,53.377312],[-6.595866,53.377511],[-6.595847,53.377529],[-6.595794,53.377579],[-6.59547,53.377849],[-6.595366,53.377922],[-6.595302,53.377967],[-6.594994,53.378193],[-6.59495,53.378225],[-6.594725,53.378386],[-6.594582,53.378487],[-6.594365,53.378637],[-6.59413,53.378798],[-6.594029,53.378875],[-6.593954,53.378924],[-6.593911,53.378978],[-6.593847,53.379061],[-6.593754,53.379229],[-6.59372,53.379411],[-6.593754,53.379922],[-6.593762,53.38006],[-6.593756,53.380259],[-6.593753,53.380344],[-6.593751,53.380352],[-6.593732,53.380447],[-6.59369,53.380541],[-6.593603,53.380644],[-6.593519,53.38073],[-6.593441,53.380815],[-6.593388,53.380847],[-6.593256,53.380892],[-6.593131,53.380916],[-6.593013,53.380943],[-6.593006,53.380999],[-6.593003,53.381024],[-6.592999,53.38104],[-6.592982,53.381053],[-6.592897,53.381079],[-6.592878,53.381085],[-6.592858,53.381092],[-6.592818,53.381105],[-6.592924,53.381242],[-6.592948,53.38127],[-6.593186,53.381538],[-6.593241,53.381615],[-6.593238,53.381644],[-6.593222,53.381668],[-6.593331,53.381829],[-6.593504,53.382028],[-6.593517,53.382063],[-6.593542,53.382122],[-6.593569,53.382101],[-6.593653,53.382068],[-6.5937,53.382123],[-6.594396,53.381841]],"type":"LineString"},"properties":{"hex_id":"89182c18583ffff","service":"Pharmacy","dest_id":"4","dest_name":"Hickey's Pharmacy","walk_min":20.51,"distance_m":1710}},{"type":"Feature","geometry":{"coordinates":[[-6.569962,53.367122],[-6.570872,53.367149],[-6.571138,53.367186],[-6.571245,53.367206],[-6.571755,53.367337],[-6.576137,53.368564],[-6.577226,53.368866],[-6.577593,53.368968],[-6.577924,53.36906],[-6.578873,53.369323],[-6.579422,53.369476],[-6.579633,53.369537],[-6.579694,53.369554],[-6.579787,53.369581],[-6.579877,53.369605],[-6.579905,53.369613],[-6.580014,53.369642],[-6.580281,53.369713],[-6.580514,53.369783],[-6.580725,53.369846],[-6.580801,53.369876],[-6.58094,53.369931],[-6.581101,53.370009],[-6.581186,53.370056],[-6.581284,53.370112],[-6.58133,53.370139],[-6.581384,53.37017],[-6.581752,53.370418],[-6.581926,53.370553],[-6.582131,53.370708],[-6.582514,53.370994],[-6.58369,53.371912],[-6.583998,53.372152],[-6.584367,53.372455],[-6.584595,53.372356],[-6.585114,53.372754],[-6.586199,53.373588],[-6.586312,53.373669],[-6.586612,53.373911],[-6.586718,53.374002],[-6.586791,53.374005],[-6.587096,53.373865],[-6.587183,53.373826],[-6.58731,53.373929],[-6.587736,53.373736],[-6.588021,53.373931],[-6.588273,53.374065],[-6.588226,53.374171]],"type":"LineString"},"properties":{"hex_id":"89182c1aeafffff","service":"Pharmacy","dest_id":"6","dest_name":"St Patrick's Pharmacy","walk_min":18.79,"distance_m":1563}},{"type":"Feature","geometry":{"coordinates":[[-6.587461,53.378874],[-6.587457,53.378875],[-6.587171,53.378925],[-6.587137,53.378947],[-6.587451,53.378931],[-6.587715,53.378965],[-6.587896,53.378995],[-6.588006,53.379001],[-6.588023,53.379],[-6.588028,53.37903],[-6.588349,53.37946],[-6.588428,53.379539],[-6.588481,53.379637],[-6.588788,53.379929],[-6.588763,53.379938],[-6.588697,53.3799],[-6.588633,53.379931],[-6.588604,53.379946],[-6.58864,53.379977],[-6.588424,53.380107],[-6.588317,53.38012],[-6.588248,53.380122],[-6.588173,53.380115],[-6.588106,53.380119],[-6.588041,53.380136],[-6.58795,53.380142],[-6.587832,53.380163],[-6.587691,53.380198],[-6.587717,53.380229],[-6.587859,53.380246],[-6.587898,53.380331],[-6.587906,53.380349],[-6.587959,53.380464],[-6.588361,53.380395]],"type":"LineString"},"properties":{"hex_id":"89182c1aec3ffff","service":"Pharmacy","dest_id":"3","dest_name":"Callagy's","walk_min":4.28,"distance_m":357}},{"type":"Feature","geometry":{"coordinates":[[-6.600306,53.372374],[-6.600371,53.372405],[-6.600384,53.372456],[-6.599665,53.372862],[-6.599591,53.372823],[-6.59929,53.372676],[-6.598959,53.372524],[-6.598765,53.372575],[-6.598736,53.372566],[-6.598701,53.372592],[-6.598592,53.372536],[-6.598403,53.372465],[-6.597996,53.372329],[-6.597934,53.37231],[-6.59777,53.372551],[-6.597699,53.372683],[-6.597678,53.372719],[-6.597602,53.372701],[-6.59758,53.372735],[-6.597459,53.372708],[-6.597231,53.372643],[-6.597068,53.372616],[-6.596962,53.372598],[-6.596716,53.372547],[-6.596358,53.372475],[-6.596391,53.372391],[-6.595926,53.372304],[-6.595827,53.372285],[-6.595692,53.372283],[-6.595332,53.372272],[-6.595089,53.372249],[-6.594934,53.372239],[-6.594419,53.372259],[-6.594148,53.372275],[-6.593723,53.372364],[-6.593289,53.372488],[-6.593228,53.372505],[-6.592771,53.372653],[-6.592378,53.37275],[-6.592137,53.37279],[-6.592017,53.372806],[-6.591804,53.372828],[-6.59139,53.372837],[-6.591078,53.372837],[-6.590756,53.372832],[-6.590705,53.372829],[-6.590546,53.372824],[-6.590087,53.372793],[-6.589889,53.372768],[-6.589698,53.372745],[-6.589466,53.372702],[-6.589159,53.373256],[-6.589052,53.373448],[-6.588958,53.373618],[-6.58893,53.373666],[-6.588825,53.373649],[-6.588694,53.373894],[-6.588632,53.37401],[-6.58852,53.373983],[-6.588416,53.373945],[-6.588259,53.373849],[-6.588249,53.373844],[-6.588113,53.373915],[-6.588021,53.373931],[-6.588273,53.374065],[-6.588226,53.374171]],"type":"LineString"},"properties":{"hex_id":"89182c1ae4bffff","service":"Pharmacy","dest_id":"6","dest_name":"St Patrick's Pharmacy","walk_min":13.19,"distance_m":1096}},{"type":"Feature","geometry":{"coordinates":[[-6.582107,53.379118],[-6.582107,53.379118],[-6.582152,53.379053],[-6.581898,53.378287],[-6.5824,53.378222],[-6.582736,53.37818],[-6.582899,53.378159],[-6.583506,53.378079],[-6.583559,53.378072],[-6.583908,53.378031],[-6.584789,53.377936],[-6.585229,53.377891],[-6.585783,53.377844],[-6.586366,53.377825],[-6.586573,53.377821],[-6.587073,53.377813],[-6.587414,53.377807],[-6.587449,53.377806],[-6.587531,53.378021],[-6.587616,53.378218],[-6.587658,53.378319],[-6.587719,53.378437],[-6.588001,53.378907],[-6.588066,53.379],[-6.588023,53.379],[-6.588028,53.37903],[-6.588349,53.37946],[-6.588428,53.379539],[-6.588481,53.379637],[-6.588788,53.379929],[-6.588763,53.379938],[-6.588697,53.3799],[-6.588633,53.379931],[-6.588604,53.379946],[-6.58864,53.379977],[-6.588424,53.380107],[-6.588317,53.38012],[-6.588248,53.380122],[-6.588173,53.380115],[-6.588106,53.380119],[-6.588041,53.380136],[-6.58795,53.380142],[-6.587832,53.380163],[-6.587691,53.380198],[-6.587717,53.380229],[-6.587859,53.380246],[-6.587898,53.380331],[-6.587906,53.380349],[-6.587959,53.380464],[-6.588361,53.380395]],"type":"LineString"},"properties":{"hex_id":"89182c1aed7ffff","service":"Pharmacy","dest_id":"3","dest_name":"Callagy's","walk_min":10.62,"distance_m":885}},{"type":"Feature","geometry":{"coordinates":[[-6.597442,53.378021],[-6.597247,53.37813],[-6.597186,53.378166],[-6.597165,53.37816],[-6.597138,53.378166],[-6.596834,53.378368],[-6.596779,53.378326],[-6.596737,53.378294],[-6.5967,53.37827],[-6.596609,53.37825],[-6.596582,53.378302],[-6.596553,53.378358],[-6.596533,53.37843],[-6.596509,53.378439],[-6.596479,53.378437],[-6.596433,53.378419],[-6.596341,53.378492],[-6.596089,53.378644],[-6.596016,53.378689],[-6.595938,53.378733],[-6.594954,53.379389],[-6.59493,53.379413],[-6.595009,53.379471],[-6.594914,53.37955],[-6.594896,53.37956],[-6.594965,53.379611],[-6.594991,53.379632],[-6.595028,53.379653],[-6.594884,53.379734],[-6.594547,53.379928],[-6.594517,53.38002],[-6.594505,53.380092],[-6.594515,53.380173],[-6.594527,53.380258],[-6.594516,53.380432],[-6.594455,53.380461],[-6.59433,53.380491],[-6.594288,53.380506],[-6.594225,53.380527],[-6.594011,53.380605],[-6.59372,53.38073],[-6.593656,53.380757],[-6.593575,53.380779],[-6.593441,53.380815],[-6.593388,53.380847],[-6.593256,53.380892],[-6.593131,53.380916],[-6.593013,53.380943],[-6.593006,53.380999],[-6.593003,53.381024],[-6.592999,53.38104],[-6.592982,53.381053],[-6.592897,53.381079],[-6.592878,53.381085],[-6.592858,53.381092],[-6.592818,53.381105],[-6.592924,53.381242],[-6.592948,53.38127],[-6.593186,53.381538],[-6.593241,53.381615],[-6.593238,53.381644],[-6.593222,53.381668],[-6.593331,53.381829],[-6.593504,53.382028],[-6.593517,53.382063],[-6.593542,53.382122],[-6.593569,53.382101],[-6.593653,53.382068],[-6.5937,53.382123],[-6.594396,53.381841]],"type":"LineString"},"properties":{"hex_id":"89182c1a327ffff","service":"Pharmacy","dest_id":"4","dest_name":"Hickey's Pharmacy","walk_min":8.74,"distance_m":728}},{"type":"Feature","geometry":{"coordinates":[[-6.612764,53.369246],[-6.612906,53.369323],[-6.613032,53.369334],[-6.613171,53.36939],[-6.61326,53.369508],[-6.613413,53.36958],[-6.613845,53.369741],[-6.614661,53.370046],[-6.615603,53.370369],[-6.615833,53.370458],[-6.616121,53.370583],[-6.616226,53.370625],[-6.615987,53.370802],[-6.61497,53.371565],[-6.613555,53.372658],[-6.613228,53.372873],[-6.612858,53.373069],[-6.612472,53.373277],[-6.612042,53.373472],[-6.611557,53.373645],[-6.611073,53.373779],[-6.610461,53.373916],[-6.609845,53.374055],[-6.609764,53.37407],[-6.608898,53.37421],[-6.608653,53.374257],[-6.60846,53.374294],[-6.608247,53.374336],[-6.607677,53.374447],[-6.607514,53.374474],[-6.607352,53.374494],[-6.607169,53.374512],[-6.606959,53.374525],[-6.606585,53.374539],[-6.606468,53.374544],[-6.606072,53.374556],[-6.605912,53.374566],[-6.605751,53.374583],[-6.605285,53.37465],[-6.605058,53.374688],[-6.604835,53.374727],[-6.60449,53.374792],[-6.604203,53.374836],[-6.603903,53.37487],[-6.603595,53.374908],[-6.603286,53.374937],[-6.603093,53.374954],[-6.602882,53.37499],[-6.602841,53.374999],[-6.602646,53.375051],[-6.602426,53.375119],[-6.602275,53.375172],[-6.602107,53.375231],[-6.601975,53.375276],[-6.601795,53.37533],[-6.601501,53.375398],[-6.601255,53.375434],[-6.600891,53.375457],[-6.60059,53.375475],[-6.60042,53.375491],[-6.60025,53.375498],[-6.600186,53.375502],[-6.599997,53.37551],[-6.599851,53.375514],[-6.599775,53.375516],[-6.599617,53.37552],[-6.599303,53.375539],[-6.599247,53.375542],[-6.599085,53.375554],[-6.59899,53.375574],[-6.598749,53.375602],[-6.598599,53.375625],[-6.597823,53.375719],[-6.597725,53.375723],[-6.597651,53.375726],[-6.597606,53.375734],[-6.597555,53.375743],[-6.597474,53.375757],[-6.597108,53.375732],[-6.596905,53.375713],[-6.59672,53.375794],[-6.596696,53.375914],[-6.596676,53.376072],[-6.596661,53.376177],[-6.596653,53.376216],[-6.596558,53.376485],[-6.596542,53.376516],[-6.596466,53.376512],[-6.596459,53.376529],[-6.596401,53.376676],[-6.596289,53.376945],[-6.596177,53.377153],[-6.596063,53.377312],[-6.595866,53.377511],[-6.595847,53.377529],[-6.595794,53.377579],[-6.59547,53.377849],[-6.595366,53.377922],[-6.595302,53.377967],[-6.594994,53.378193],[-6.59495,53.378225],[-6.594725,53.378386],[-6.594582,53.378487],[-6.594365,53.378637],[-6.59413,53.378798],[-6.594029,53.378875],[-6.593954,53.378924],[-6.593911,53.378978],[-6.593847,53.379061],[-6.593754,53.379229],[-6.59372,53.379411],[-6.593754,53.379922],[-6.593762,53.38006],[-6.593756,53.380259],[-6.593753,53.380344],[-6.593751,53.380352],[-6.593732,53.380447],[-6.59369,53.380541],[-6.593603,53.380644],[-6.593519,53.38073],[-6.593441,53.380815],[-6.593388,53.380847],[-6.593256,53.380892],[-6.593131,53.380916],[-6.593013,53.380943],[-6.593006,53.380999],[-6.593003,53.381024],[-6.592999,53.38104],[-6.592982,53.381053],[-6.592897,53.381079],[-6.592878,53.381085],[-6.592858,53.381092],[-6.592818,53.381105],[-6.592924,53.381242],[-6.592948,53.38127],[-6.593186,53.381538],[-6.593241,53.381615],[-6.593238,53.381644],[-6.593222,53.381668],[-6.593331,53.381829],[-6.593504,53.382028],[-6.593517,53.382063],[-6.593542,53.382122],[-6.593569,53.382101],[-6.593653,53.382068],[-6.5937,53.382123],[-6.594396,53.381841]],"type":"LineString"},"properties":{"hex_id":"89182c1858fffff","service":"Pharmacy","dest_id":"4","dest_name":"Hickey's Pharmacy","walk_min":31.77,"distance_m":2649}},{"type":"Feature","geometry":{"coordinates":[[-6.5832,53.368486],[-6.583031,53.368852],[-6.582972,53.368901],[-6.582875,53.368919],[-6.581963,53.36871],[-6.581676,53.368645],[-6.581566,53.368807],[-6.581476,53.3689],[-6.581083,53.369531],[-6.580879,53.369818],[-6.580979,53.369849],[-6.580967,53.369872],[-6.58094,53.369931],[-6.581101,53.370009],[-6.581186,53.370056],[-6.581284,53.370112],[-6.58133,53.370139],[-6.581384,53.37017],[-6.581752,53.370418],[-6.581926,53.370553],[-6.582131,53.370708],[-6.582514,53.370994],[-6.58369,53.371912],[-6.583998,53.372152],[-6.584367,53.372455],[-6.584595,53.372356],[-6.585114,53.372754],[-6.586199,53.373588],[-6.586312,53.373669],[-6.586612,53.373911],[-6.586718,53.374002],[-6.586791,53.374005],[-6.587096,53.373865],[-6.587183,53.373826],[-6.58731,53.373929],[-6.587736,53.373736],[-6.588021,53.373931],[-6.588273,53.374065],[-6.588226,53.374171]],"type":"LineString"},"properties":{"hex_id":"89182c1ae0fffff","service":"Pharmacy","dest_id":"6","dest_name":"St Patrick's Pharmacy","walk_min":12.79,"distance_m":1063}},{"type":"Feature","geometry":{"coordinates":[[-6.578716,53.36988],[-6.578808,53.369758],[-6.578865,53.369638],[-6.578856,53.369584],[-6.578824,53.369482],[-6.57883,53.369419],[-6.578873,53.369323],[-6.579422,53.369476],[-6.579633,53.369537],[-6.579694,53.369554],[-6.579787,53.369581],[-6.579877,53.369605],[-6.579905,53.369613],[-6.580014,53.369642],[-6.580281,53.369713],[-6.580514,53.369783],[-6.580725,53.369846],[-6.580801,53.369876],[-6.58094,53.369931],[-6.581101,53.370009],[-6.581186,53.370056],[-6.581284,53.370112],[-6.58133,53.370139],[-6.581384,53.37017],[-6.581752,53.370418],[-6.581926,53.370553],[-6.582131,53.370708],[-6.582514,53.370994],[-6.58369,53.371912],[-6.583998,53.372152],[-6.584367,53.372455],[-6.584595,53.372356],[-6.585114,53.372754],[-6.586199,53.373588],[-6.586312,53.373669],[-6.586612,53.373911],[-6.586718,53.374002],[-6.586791,53.374005],[-6.587096,53.373865],[-6.587183,53.373826],[-6.58731,53.373929],[-6.587736,53.373736],[-6.588021,53.373931],[-6.588273,53.374065],[-6.588226,53.374171]],"type":"LineString"},"properties":{"hex_id":"89182c1ae17ffff","service":"Pharmacy","dest_id":"6","dest_name":"St Patrick's Pharmacy","walk_min":11.81,"distance_m":982}},{"type":"Feature","geometry":{"coordinates":[[-6.577245,53.379648],[-6.577245,53.379648],[-6.577773,53.378827],[-6.578077,53.378805],[-6.578379,53.378767],[-6.578655,53.378728],[-6.579673,53.378595],[-6.580136,53.378524],[-6.580291,53.378502],[-6.580642,53.378454],[-6.581206,53.378376],[-6.581836,53.378295],[-6.581898,53.378287],[-6.5824,53.378222],[-6.582736,53.37818],[-6.582899,53.378159],[-6.583506,53.378079],[-6.583559,53.378072],[-6.583908,53.378031],[-6.584789,53.377936],[-6.585229,53.377891],[-6.585783,53.377844],[-6.586366,53.377825],[-6.586573,53.377821],[-6.587073,53.377813],[-6.587414,53.377807],[-6.587449,53.377806],[-6.587531,53.378021],[-6.587616,53.378218],[-6.587658,53.378319],[-6.587719,53.378437],[-6.588001,53.378907],[-6.588066,53.379],[-6.588023,53.379],[-6.588028,53.37903],[-6.588349,53.37946],[-6.588428,53.379539],[-6.588481,53.379637],[-6.588788,53.379929],[-6.588763,53.379938],[-6.588697,53.3799],[-6.588633,53.379931],[-6.588604,53.379946],[-6.58864,53.379977],[-6.588424,53.380107],[-6.588317,53.38012],[-6.588248,53.380122],[-6.588173,53.380115],[-6.588106,53.380119],[-6.588041,53.380136],[-6.58795,53.380142],[-6.587832,53.380163],[-6.587691,53.380198],[-6.587717,53.380229],[-6.587859,53.380246],[-6.587898,53.380331],[-6.587906,53.380349],[-6.587959,53.380464],[-6.588361,53.380395]],"type":"LineString"},"properties":{"hex_id":"89182c1ae9bffff","service":"Pharmacy","dest_id":"3","dest_name":"Callagy's","walk_min":14.03,"distance_m":1169}},{"type":"Feature","geometry":{"coordinates":[[-6.598132,53.386075],[-6.598218,53.386008],[-6.598381,53.38587],[-6.598504,53.385735],[-6.598471,53.385717],[-6.598465,53.385673],[-6.598468,53.385609],[-6.598476,53.385556],[-6.59833,53.385499],[-6.598215,53.385372],[-6.59821,53.385335],[-6.598123,53.385228],[-6.597989,53.385079],[-6.597796,53.384835],[-6.597775,53.384803],[-6.597755,53.384771],[-6.597431,53.3844],[-6.597371,53.384316],[-6.597146,53.384031],[-6.596983,53.384073],[-6.596496,53.38345],[-6.596104,53.382926],[-6.596136,53.382879],[-6.596075,53.382776],[-6.595925,53.382629],[-6.595842,53.382601],[-6.595827,53.382585],[-6.595738,53.382522],[-6.595655,53.382467],[-6.595349,53.38253],[-6.595164,53.382569],[-6.594804,53.382648],[-6.594525,53.38271],[-6.594411,53.382718],[-6.594331,53.382713],[-6.594255,53.382696],[-6.594227,53.382688],[-6.593985,53.382634],[-6.593915,53.382574],[-6.593805,53.382443],[-6.593721,53.382343],[-6.593542,53.382122],[-6.593569,53.382101],[-6.593653,53.382068],[-6.5937,53.382123],[-6.594396,53.381841]],"type":"LineString"},"properties":{"hex_id":"89182c1a3abffff","service":"Pharmacy","dest_id":"4","dest_name":"Hickey's Pharmacy","walk_min":8.75,"distance_m":729}},{"type":"Feature","geometry":{"coordinates":[[-6.600419,53.394189],[-6.600025,53.393506],[-6.599935,53.393346],[-6.599818,53.393149],[-6.599788,53.39309],[-6.59965,53.393131],[-6.599601,53.393147],[-6.599549,53.393083],[-6.599587,53.393068],[-6.599601,53.393059],[-6.599607,53.393048],[-6.599612,53.393036],[-6.599617,53.393023],[-6.599594,53.392941],[-6.5994,53.392506],[-6.599344,53.392425],[-6.599167,53.3921],[-6.598825,53.391447],[-6.598797,53.391404],[-6.598582,53.391073],[-6.598364,53.390666],[-6.598215,53.390388],[-6.59792,53.389841],[-6.597633,53.389262],[-6.597544,53.389108],[-6.597416,53.388885],[-6.597346,53.388763],[-6.597235,53.388595],[-6.597134,53.388398],[-6.597079,53.388288],[-6.596926,53.387989],[-6.596915,53.387966],[-6.596513,53.387286],[-6.596235,53.386752],[-6.595918,53.386174],[-6.595774,53.385889],[-6.59573,53.385851],[-6.595682,53.38577],[-6.595587,53.385607],[-6.595518,53.38549],[-6.595462,53.38539],[-6.595181,53.384892],[-6.595028,53.384616],[-6.594915,53.384439],[-6.594666,53.383991],[-6.594609,53.383893],[-6.594445,53.383613],[-6.594386,53.383469],[-6.594162,53.383085],[-6.594131,53.383031],[-6.593948,53.382741],[-6.593875,53.382644],[-6.593801,53.382546],[-6.593668,53.382395],[-6.593494,53.382187],[-6.593421,53.382098],[-6.593458,53.382081],[-6.593517,53.382063],[-6.593542,53.382122],[-6.593569,53.382101],[-6.593653,53.382068],[-6.5937,53.382123],[-6.594396,53.381841]],"type":"LineString"},"properties":{"hex_id":"89182c1a38bffff","service":"Pharmacy","dest_id":"4","dest_name":"Hickey's Pharmacy","walk_min":18.45,"distance_m":1532}},{"type":"Feature","geometry":{"coordinates":[[-6.58229,53.388681],[-6.58229,53.388681],[-6.582458,53.38866],[-6.582648,53.388623],[-6.582782,53.38859],[-6.582862,53.388556],[-6.582961,53.388521],[-6.583188,53.388462],[-6.583427,53.388388],[-6.583686,53.388288],[-6.583888,53.388202],[-6.584096,53.388096],[-6.584147,53.388071],[-6.584783,53.387733],[-6.584921,53.387643],[-6.585161,53.387465],[-6.585309,53.387362],[-6.585309,53.387347],[-6.585581,53.387174],[-6.585584,53.387106],[-6.585766,53.386988],[-6.585825,53.386946],[-6.5862,53.386686],[-6.58648,53.38649],[-6.586608,53.386401],[-6.586714,53.386317],[-6.586784,53.386262],[-6.587161,53.385943],[-6.587483,53.385663],[-6.587974,53.385227],[-6.588003,53.385201],[-6.588125,53.385092],[-6.588219,53.385008],[-6.588395,53.38485],[-6.588426,53.384824],[-6.588489,53.384768],[-6.588602,53.384657],[-6.588686,53.384578],[-6.58882,53.384452],[-6.588886,53.384384],[-6.589019,53.384248],[-6.589069,53.384193],[-6.589284,53.383959],[-6.58942,53.383792],[-6.589532,53.383621],[-6.589591,53.38348],[-6.5896,53.383374],[-6.589596,53.383306],[-6.589574,53.38324],[-6.589165,53.382759],[-6.5892,53.382749],[-6.588891,53.382394],[-6.588853,53.382347],[-6.588836,53.38232],[-6.588843,53.382307],[-6.588887,53.382249],[-6.589443,53.382087],[-6.589874,53.381953],[-6.590122,53.381881]],"type":"LineString"},"properties":{"hex_id":"89182c1a143ffff","service":"Pharmacy","dest_id":"1","dest_name":"Mc Cormack's","walk_min":12.26,"distance_m":1019}},{"type":"Feature","geometry":{"coordinates":[[-6.593643,53.36714],[-6.593356,53.367072],[-6.592626,53.366821],[-6.592,53.36656],[-6.591734,53.366389],[-6.591719,53.366343],[-6.591661,53.365913],[-6.591586,53.365526],[-6.591526,53.365519],[-6.591282,53.365581],[-6.591241,53.365621],[-6.59126,53.365686],[-6.591259,53.365748],[-6.591257,53.36581],[-6.591299,53.365914],[-6.591323,53.366122],[-6.591277,53.366683],[-6.591274,53.366796],[-6.591251,53.367314],[-6.591217,53.367553],[-6.591211,53.367656],[-6.591165,53.368273],[-6.591132,53.368544],[-6.590931,53.369334],[-6.590907,53.369468],[-6.590897,53.369528],[-6.590783,53.369918],[-6.590722,53.370082],[-6.590625,53.370293],[-6.590588,53.370363],[-6.590516,53.370469],[-6.590511,53.370479],[-6.59043,53.370645],[-6.590355,53.370799],[-6.590298,53.370913],[-6.590192,53.37094],[-6.589631,53.371959],[-6.589425,53.371861],[-6.589358,53.37183],[-6.589297,53.372021],[-6.589221,53.372212],[-6.588259,53.373849],[-6.588249,53.373844],[-6.588113,53.373915],[-6.588021,53.373931],[-6.588273,53.374065],[-6.588226,53.374171]],"type":"LineString"},"properties":{"hex_id":"89182c1ae7bffff","service":"Pharmacy","dest_id":"6","dest_name":"St Patrick's Pharmacy","walk_min":15.84,"distance_m":1314}},{"type":"Feature","geometry":{"coordinates":[[-6.61413,53.381934],[-6.61413,53.381934],[-6.614063,53.381938],[-6.613859,53.381945],[-6.613671,53.381947],[-6.613521,53.381945],[-6.613462,53.381949],[-6.613383,53.381951],[-6.613249,53.381957],[-6.613245,53.381863],[-6.613238,53.38176],[-6.613229,53.381669],[-6.613222,53.381615],[-6.613242,53.381492],[-6.613254,53.381443],[-6.613262,53.381375],[-6.613197,53.381379],[-6.613023,53.381387],[-6.611475,53.381511],[-6.610401,53.381616],[-6.609939,53.38164],[-6.608601,53.381665],[-6.608029,53.381644],[-6.607472,53.38161],[-6.60652,53.381542],[-6.60616,53.381529],[-6.605703,53.381523],[-6.605678,53.381523],[-6.605651,53.381524],[-6.60563,53.381524],[-6.605138,53.381538],[-6.604679,53.38157],[-6.604512,53.381587],[-6.603872,53.381653],[-6.603332,53.38172],[-6.602779,53.381783],[-6.602574,53.38181],[-6.601772,53.381892],[-6.601532,53.381916],[-6.601527,53.381951],[-6.601504,53.381984],[-6.601467,53.382011],[-6.601417,53.382031],[-6.60136,53.382041],[-6.601374,53.38208],[-6.601238,53.382055],[-6.600986,53.382008],[-6.599714,53.382101],[-6.599357,53.382127],[-6.599222,53.382137],[-6.598387,53.382197],[-6.598259,53.382208],[-6.597858,53.382252],[-6.597599,53.382279],[-6.597115,53.382345],[-6.595827,53.382585],[-6.595738,53.382522],[-6.595655,53.382467],[-6.595349,53.38253],[-6.595164,53.382569],[-6.594804,53.382648],[-6.594525,53.38271],[-6.594411,53.382718],[-6.594331,53.382713],[-6.594255,53.382696],[-6.594227,53.382688],[-6.593985,53.382634],[-6.593915,53.382574],[-6.593805,53.382443],[-6.593721,53.382343],[-6.593542,53.382122],[-6.593569,53.382101],[-6.593653,53.382068],[-6.5937,53.382123],[-6.594396,53.381841]],"type":"LineString"},"properties":{"hex_id":"89182c1a363ffff","service":"Pharmacy","dest_id":"4","dest_name":"Hickey's Pharmacy","walk_min":19.0,"distance_m":1584}},{"type":"Feature","geometry":{"coordinates":[[-6.601629,53.387277],[-6.601003,53.387033],[-6.600894,53.387122],[-6.600859,53.387146],[-6.600777,53.387176],[-6.600573,53.387153],[-6.60043,53.387111],[-6.600165,53.386994],[-6.599954,53.386919],[-6.599085,53.386606],[-6.599123,53.386565],[-6.598716,53.38641],[-6.598625,53.386377],[-6.598758,53.386243],[-6.598917,53.386114],[-6.599035,53.385998],[-6.599025,53.385993],[-6.599017,53.385986],[-6.599013,53.385978],[-6.599013,53.38597],[-6.599017,53.385962],[-6.599024,53.385955],[-6.598939,53.385918],[-6.598891,53.385893],[-6.59881,53.385859],[-6.598796,53.385857],[-6.598731,53.385833],[-6.598614,53.385784],[-6.598504,53.385735],[-6.598471,53.385717],[-6.598465,53.385673],[-6.598468,53.385609],[-6.598476,53.385556],[-6.59833,53.385499],[-6.598215,53.385372],[-6.59821,53.385335],[-6.598123,53.385228],[-6.597989,53.385079],[-6.597796,53.384835],[-6.597775,53.384803],[-6.597755,53.384771],[-6.597431,53.3844],[-6.597371,53.384316],[-6.597146,53.384031],[-6.596983,53.384073],[-6.596496,53.38345],[-6.596104,53.382926],[-6.596136,53.382879],[-6.596075,53.382776],[-6.595925,53.382629],[-6.595842,53.382601],[-6.595827,53.382585],[-6.595738,53.382522],[-6.595655,53.382467],[-6.595349,53.38253],[-6.595164,53.382569],[-6.594804,53.382648],[-6.594525,53.38271],[-6.594411,53.382718],[-6.594331,53.382713],[-6.594255,53.382696],[-6.594227,53.382688],[-6.593985,53.382634],[-6.593915,53.382574],[-6.593805,53.382443],[-6.593721,53.382343],[-6.593542,53.382122],[-6.593569,53.382101],[-6.593653,53.382068],[-6.5937,53.382123],[-6.594396,53.381841]],"type":"LineString"},"properties":{"hex_id":"89182c1a317ffff","service":"Pharmacy","dest_id":"4","dest_name":"Hickey's Pharmacy","walk_min":12.54,"distance_m":1028}},{"type":"Feature","geometry":{"coordinates":[[-6.607035,53.385164],[-6.607022,53.38509],[-6.60699,53.384919],[-6.606949,53.384909],[-6.606542,53.384935],[-6.606083,53.384964],[-6.60544,53.385004],[-6.604928,53.385037],[-6.604832,53.385048],[-6.604773,53.38506],[-6.60471,53.384956],[-6.604672,53.384851],[-6.604662,53.384825],[-6.604642,53.384762],[-6.604616,53.384723],[-6.604498,53.384759],[-6.604436,53.384778],[-6.604392,53.384791],[-6.604252,53.384834],[-6.604128,53.384869],[-6.604045,53.384894],[-6.603974,53.384918],[-6.60367,53.385013],[-6.6036,53.385034],[-6.60354,53.385048],[-6.603426,53.38506],[-6.60339,53.385017],[-6.603251,53.384835],[-6.60322,53.384792],[-6.603027,53.384533],[-6.602988,53.384483],[-6.602962,53.384448],[-6.60294,53.384417],[-6.602921,53.384395],[-6.602907,53.384378],[-6.602898,53.384366],[-6.602789,53.38427],[-6.602757,53.384264],[-6.602611,53.384239],[-6.602482,53.384257],[-6.602446,53.384267],[-6.602374,53.384281],[-6.602232,53.384322],[-6.602086,53.384365],[-6.601773,53.384448],[-6.601682,53.384471],[-6.601557,53.384452],[-6.601421,53.384419],[-6.601222,53.384371],[-6.601188,53.384376],[-6.600893,53.383991],[-6.600844,53.383931],[-6.600827,53.383909],[-6.600777,53.383846],[-6.600576,53.383579],[-6.600459,53.383547],[-6.600221,53.383488],[-6.600134,53.383466],[-6.599971,53.383399],[-6.599805,53.383205],[-6.5997,53.383176],[-6.599194,53.383074],[-6.599126,53.383094],[-6.599054,53.383113],[-6.598975,53.383134],[-6.598944,53.383143],[-6.598935,53.383132],[-6.598881,53.383064],[-6.598862,53.383039],[-6.598917,53.383026],[-6.598839,53.382934],[-6.598738,53.382938],[-6.598653,53.382952],[-6.598586,53.382972],[-6.598494,53.382998],[-6.598301,53.383047],[-6.598074,53.38308],[-6.597811,53.383018],[-6.59766,53.383062],[-6.597556,53.383077],[-6.597432,53.38302],[-6.597307,53.382983],[-6.597035,53.382909],[-6.596847,53.382842],[-6.596739,53.382797],[-6.596665,53.382767],[-6.59645,53.382734],[-6.596176,53.382691],[-6.596004,53.38264],[-6.595925,53.382629],[-6.595842,53.382601],[-6.595827,53.382585],[-6.595738,53.382522],[-6.595655,53.382467],[-6.595349,53.38253],[-6.595164,53.382569],[-6.594804,53.382648],[-6.594525,53.38271],[-6.594411,53.382718],[-6.594331,53.382713],[-6.594255,53.382696],[-6.594227,53.382688],[-6.593985,53.382634],[-6.593915,53.382574],[-6.593805,53.382443],[-6.593721,53.382343],[-6.593542,53.382122],[-6.593569,53.382101],[-6.593653,53.382068],[-6.5937,53.382123],[-6.594396,53.381841]],"type":"LineString"},"properties":{"hex_id":"89182c1a30fffff","service":"Pharmacy","dest_id":"4","dest_name":"Hickey's Pharmacy","walk_min":15.17,"distance_m":1264}},{"type":"Feature","geometry":{"coordinates":[[-6.598473,53.390643],[-6.598364,53.390666],[-6.598215,53.390388],[-6.59792,53.389841],[-6.597633,53.389262],[-6.597544,53.389108],[-6.597416,53.388885],[-6.597346,53.388763],[-6.597235,53.388595],[-6.597134,53.388398],[-6.597079,53.388288],[-6.596926,53.387989],[-6.596915,53.387966],[-6.596513,53.387286],[-6.596235,53.386752],[-6.595918,53.386174],[-6.595774,53.385889],[-6.59573,53.385851],[-6.595682,53.38577],[-6.595587,53.385607],[-6.595518,53.38549],[-6.595462,53.38539],[-6.595181,53.384892],[-6.595028,53.384616],[-6.594915,53.384439],[-6.594666,53.383991],[-6.594609,53.383893],[-6.594445,53.383613],[-6.594386,53.383469],[-6.594162,53.383085],[-6.594131,53.383031],[-6.593948,53.382741],[-6.593875,53.382644],[-6.593801,53.382546],[-6.593668,53.382395],[-6.593494,53.382187],[-6.593421,53.382098],[-6.593458,53.382081],[-6.593517,53.382063],[-6.593542,53.382122],[-6.593569,53.382101],[-6.593653,53.382068],[-6.5937,53.382123],[-6.594396,53.381841]],"type":"LineString"},"properties":{"hex_id":"89182c1a38fffff","service":"Pharmacy","dest_id":"4","dest_name":"Hickey's Pharmacy","walk_min":13.28,"distance_m":1104}},{"type":"Feature","geometry":{"coordinates":[[-6.59129,53.391831],[-6.591863,53.391603],[-6.592003,53.391537],[-6.592143,53.391506],[-6.592167,53.391501],[-6.592255,53.391483],[-6.59223,53.391437],[-6.592329,53.39141],[-6.592434,53.391365],[-6.592503,53.391324],[-6.592535,53.391282],[-6.592503,53.391169],[-6.592466,53.391118],[-6.592662,53.391073],[-6.593427,53.39092],[-6.593527,53.390904],[-6.593796,53.390867],[-6.593958,53.39086],[-6.594039,53.390866],[-6.594072,53.390869],[-6.594081,53.390817],[-6.594076,53.390641],[-6.594074,53.390544],[-6.594008,53.390316],[-6.593924,53.390113],[-6.593873,53.389991],[-6.593751,53.389801],[-6.593613,53.389619],[-6.593496,53.389501],[-6.5933,53.389319],[-6.593591,53.389167],[-6.59384,53.38906],[-6.594144,53.388954],[-6.594177,53.388943],[-6.594243,53.388919],[-6.594279,53.388911],[-6.594582,53.388851],[-6.595142,53.388715],[-6.595332,53.388657],[-6.595563,53.388584],[-6.595704,53.388533],[-6.595855,53.388485],[-6.596064,53.388437],[-6.596754,53.388346],[-6.597079,53.388288],[-6.596926,53.387989],[-6.596915,53.387966],[-6.596513,53.387286],[-6.596235,53.386752],[-6.595918,53.386174],[-6.595774,53.385889],[-6.59573,53.385851],[-6.595682,53.38577],[-6.595587,53.385607],[-6.595518,53.38549],[-6.595462,53.38539],[-6.595181,53.384892],[-6.595028,53.384616],[-6.594915,53.384439],[-6.594666,53.383991],[-6.594609,53.383893],[-6.594445,53.383613],[-6.594386,53.383469],[-6.594162,53.383085],[-6.594131,53.383031],[-6.593948,53.382741],[-6.593875,53.382644],[-6.593801,53.382546],[-6.593668,53.382395],[-6.593494,53.382187],[-6.593421,53.382098],[-6.593458,53.382081],[-6.593517,53.382063],[-6.593542,53.382122],[-6.593569,53.382101],[-6.593653,53.382068],[-6.5937,53.382123],[-6.594396,53.381841]],"type":"LineString"},"properties":{"hex_id":"89182c1a14bffff","service":"Pharmacy","dest_id":"4","dest_name":"Hickey's Pharmacy","walk_min":18.28,"distance_m":1520}},{"type":"Feature","geometry":{"coordinates":[[-6.600798,53.368731],[-6.600497,53.368704],[-6.59991,53.36855],[-6.5982,53.36816],[-6.596054,53.367677],[-6.594322,53.367301],[-6.593356,53.367072],[-6.592626,53.366821],[-6.592,53.36656],[-6.591734,53.366389],[-6.591719,53.366343],[-6.591661,53.365913],[-6.591586,53.365526],[-6.591526,53.365519],[-6.591282,53.365581],[-6.591241,53.365621],[-6.59126,53.365686],[-6.591259,53.365748],[-6.591257,53.36581],[-6.591299,53.365914],[-6.591323,53.366122],[-6.591277,53.366683],[-6.591274,53.366796],[-6.591251,53.367314],[-6.591217,53.367553],[-6.591211,53.367656],[-6.591165,53.368273],[-6.591132,53.368544],[-6.590931,53.369334],[-6.590907,53.369468],[-6.590897,53.369528],[-6.590783,53.369918],[-6.590722,53.370082],[-6.590625,53.370293],[-6.590588,53.370363],[-6.590516,53.370469],[-6.590511,53.370479],[-6.59043,53.370645],[-6.590355,53.370799],[-6.590298,53.370913],[-6.590192,53.37094],[-6.589631,53.371959],[-6.589425,53.371861],[-6.589358,53.37183],[-6.589297,53.372021],[-6.589221,53.372212],[-6.588259,53.373849],[-6.588249,53.373844],[-6.588113,53.373915],[-6.588021,53.373931],[-6.588273,53.374065],[-6.588226,53.374171]],"type":"LineString"},"properties":{"hex_id":"89182c185b3ffff","service":"Pharmacy","dest_id":"6","dest_name":"St Patrick's Pharmacy","walk_min":21.94,"distance_m":1822}},{"type":"Feature","geometry":{"coordinates":[[-6.580664,53.374301],[-6.580572,53.374339],[-6.581245,53.375206],[-6.582234,53.374937],[-6.582214,53.374912],[-6.581875,53.374484],[-6.581883,53.374332],[-6.581978,53.374244],[-6.58251,53.373945],[-6.582618,53.37388],[-6.583028,53.373674],[-6.583311,53.373597],[-6.58354,53.373546],[-6.583898,53.373458],[-6.584135,53.373373],[-6.584335,53.373224],[-6.58444,53.373003],[-6.584562,53.372882],[-6.584711,53.372794],[-6.584789,53.37277],[-6.585108,53.373033],[-6.585232,53.373135],[-6.586314,53.373963],[-6.58638,53.374014],[-6.586612,53.373911],[-6.586718,53.374002],[-6.586791,53.374005],[-6.587096,53.373865],[-6.587183,53.373826],[-6.58731,53.373929],[-6.587736,53.373736],[-6.588021,53.373931],[-6.588273,53.374065],[-6.588226,53.374171]],"type":"LineString"},"properties":{"hex_id":"89182c1ae13ffff","service":"Pharmacy","dest_id":"6","dest_name":"St Patrick's Pharmacy","walk_min":10.62,"distance_m":885}},{"type":"Feature","geometry":{"coordinates":[[-6.591853,53.370295],[-6.591802,53.370296],[-6.591657,53.370336],[-6.591483,53.370395],[-6.591519,53.370478],[-6.591366,53.37077],[-6.591166,53.370732],[-6.591045,53.370777],[-6.590971,53.37076],[-6.590684,53.370734],[-6.590616,53.37074],[-6.590433,53.370781],[-6.590355,53.370799],[-6.590298,53.370913],[-6.590192,53.37094],[-6.589631,53.371959],[-6.589425,53.371861],[-6.589358,53.37183],[-6.589297,53.372021],[-6.589221,53.372212],[-6.588259,53.373849],[-6.588249,53.373844],[-6.588113,53.373915],[-6.588021,53.373931],[-6.588273,53.374065],[-6.588226,53.374171]],"type":"LineString"},"properties":{"hex_id":"89182c1ae47ffff","service":"Pharmacy","dest_id":"6","dest_name":"St Patrick's Pharmacy","walk_min":7.16,"distance_m":596}},{"type":"Feature","geometry":{"coordinates":[[-6.573866,53.367928],[-6.576137,53.368564],[-6.577226,53.368866],[-6.577593,53.368968],[-6.577924,53.36906],[-6.578873,53.369323],[-6.579422,53.369476],[-6.579633,53.369537],[-6.579694,53.369554],[-6.579787,53.369581],[-6.579877,53.369605],[-6.579905,53.369613],[-6.580014,53.369642],[-6.580281,53.369713],[-6.580514,53.369783],[-6.580725,53.369846],[-6.580801,53.369876],[-6.58094,53.369931],[-6.581101,53.370009],[-6.581186,53.370056],[-6.581284,53.370112],[-6.58133,53.370139],[-6.581384,53.37017],[-6.581752,53.370418],[-6.581926,53.370553],[-6.582131,53.370708],[-6.582514,53.370994],[-6.58369,53.371912],[-6.583998,53.372152],[-6.584367,53.372455],[-6.584595,53.372356],[-6.585114,53.372754],[-6.586199,53.373588],[-6.586312,53.373669],[-6.586612,53.373911],[-6.586718,53.374002],[-6.586791,53.374005],[-6.587096,53.373865],[-6.587183,53.373826],[-6.58731,53.373929],[-6.587736,53.373736],[-6.588021,53.373931],[-6.588273,53.374065],[-6.588226,53.374171]],"type":"LineString"},"properties":{"hex_id":"89182c1ae33ffff","service":"Pharmacy","dest_id":"6","dest_name":"St Patrick's Pharmacy","walk_min":15.45,"distance_m":1285}},{"type":"Feature","geometry":{"coordinates":[[-6.592323,53.397378],[-6.592328,53.397375],[-6.592551,53.397276],[-6.5928,53.397073],[-6.593082,53.397075],[-6.593428,53.397004],[-6.59368,53.396924],[-6.59392,53.396737],[-6.594092,53.396797],[-6.594812,53.397049],[-6.59582,53.397388],[-6.596335,53.397578],[-6.596868,53.397805],[-6.597109,53.398],[-6.597247,53.398217],[-6.597432,53.398415],[-6.597767,53.398613],[-6.598036,53.398701],[-6.598182,53.398744],[-6.598414,53.3988],[-6.599107,53.398876],[-6.599337,53.398927],[-6.599524,53.398991],[-6.599689,53.399046],[-6.599889,53.399105],[-6.600099,53.399147],[-6.600415,53.399191],[-6.602154,53.399549],[-6.60219,53.399147],[-6.602211,53.398947],[-6.602217,53.398865],[-6.602245,53.398452],[-6.602247,53.398056],[-6.602276,53.39776],[-6.602273,53.397565],[-6.602251,53.397471],[-6.602226,53.397429],[-6.60217,53.397334],[-6.602068,53.397137],[-6.601903,53.396863],[-6.601472,53.396091],[-6.60145,53.39605],[-6.60127,53.395722],[-6.60092,53.395059],[-6.600571,53.394453],[-6.600025,53.393506],[-6.599935,53.393346],[-6.599818,53.393149],[-6.599788,53.39309],[-6.59965,53.393131],[-6.599601,53.393147],[-6.599549,53.393083],[-6.599587,53.393068],[-6.599601,53.393059],[-6.599607,53.393048],[-6.599612,53.393036],[-6.599617,53.393023],[-6.599594,53.392941],[-6.5994,53.392506],[-6.599344,53.392425],[-6.599167,53.3921],[-6.598825,53.391447],[-6.598797,53.391404],[-6.598582,53.391073],[-6.598364,53.390666],[-6.598215,53.390388],[-6.59792,53.389841],[-6.597633,53.389262],[-6.597544,53.389108],[-6.597416,53.388885],[-6.597346,53.388763],[-6.597235,53.388595],[-6.597134,53.388398],[-6.597079,53.388288],[-6.596926,53.387989],[-6.596915,53.387966],[-6.596513,53.387286],[-6.596235,53.386752],[-6.595918,53.386174],[-6.595774,53.385889],[-6.59573,53.385851],[-6.595682,53.38577],[-6.595587,53.385607],[-6.595518,53.38549],[-6.595462,53.38539],[-6.595181,53.384892],[-6.595028,53.384616],[-6.594915,53.384439],[-6.594666,53.383991],[-6.594609,53.383893],[-6.594445,53.383613],[-6.594386,53.383469],[-6.594162,53.383085],[-6.594131,53.383031],[-6.593948,53.382741],[-6.593875,53.382644],[-6.593801,53.382546],[-6.593668,53.382395],[-6.593494,53.382187],[-6.593421,53.382098],[-6.593458,53.382081],[-6.593517,53.382063],[-6.593542,53.382122],[-6.593569,53.382101],[-6.593653,53.382068],[-6.5937,53.382123],[-6.594396,53.381841]],"type":"LineString"},"properties":{"hex_id":"89182c1a02fffff","service":"Pharmacy","dest_id":"4","dest_name":"Hickey's Pharmacy","walk_min":35.28,"distance_m":2934}},{"type":"Feature","geometry":{"coordinates":[[-6.571008,53.364108],[-6.571262,53.363668],[-6.572504,53.363982],[-6.572727,53.364024],[-6.573092,53.364054],[-6.573231,53.364061],[-6.574992,53.364129],[-6.576074,53.364187],[-6.57611,53.364188],[-6.576565,53.364207],[-6.576886,53.36422],[-6.577506,53.364245],[-6.577525,53.364246],[-6.578138,53.364287],[-6.578231,53.364293],[-6.578949,53.364408],[-6.579144,53.364435],[-6.579339,53.364431],[-6.579822,53.364431],[-6.581441,53.364388],[-6.581702,53.364404],[-6.581771,53.364408],[-6.582078,53.364449],[-6.582528,53.364581],[-6.583056,53.364697],[-6.583418,53.364755],[-6.583737,53.364807],[-6.584107,53.364809],[-6.584657,53.364697],[-6.585012,53.364626],[-6.585365,53.364599],[-6.585787,53.364586],[-6.587501,53.364556],[-6.588145,53.364552],[-6.589129,53.36452],[-6.589334,53.364537],[-6.589491,53.364564],[-6.590147,53.364678],[-6.590623,53.36476],[-6.590924,53.364814],[-6.590968,53.364822],[-6.591256,53.36485],[-6.59134,53.364848],[-6.591423,53.364846],[-6.591427,53.364911],[-6.59142,53.365042],[-6.59138,53.365147],[-6.591223,53.365385],[-6.591262,53.365416],[-6.59129,53.365451],[-6.591304,53.365489],[-6.591303,53.365536],[-6.591282,53.365581],[-6.591241,53.365621],[-6.59126,53.365686],[-6.591259,53.365748],[-6.591257,53.36581],[-6.591299,53.365914],[-6.591323,53.366122],[-6.591277,53.366683],[-6.591274,53.366796],[-6.591251,53.367314],[-6.591217,53.367553],[-6.591211,53.367656],[-6.591165,53.368273],[-6.591132,53.368544],[-6.590931,53.369334],[-6.590907,53.369468],[-6.590897,53.369528],[-6.590783,53.369918],[-6.590722,53.370082],[-6.590625,53.370293],[-6.590588,53.370363],[-6.590516,53.370469],[-6.590511,53.370479],[-6.59043,53.370645],[-6.590355,53.370799],[-6.590298,53.370913],[-6.590192,53.37094],[-6.589631,53.371959],[-6.589425,53.371861],[-6.589358,53.37183],[-6.589297,53.372021],[-6.589221,53.372212],[-6.588259,53.373849],[-6.588249,53.373844],[-6.588113,53.373915],[-6.588021,53.373931],[-6.588273,53.374065],[-6.588226,53.374171]],"type":"LineString"},"properties":{"hex_id":"89182c1ae37ffff","service":"Pharmacy","dest_id":"6","dest_name":"St Patrick's Pharmacy","walk_min":30.66,"distance_m":2549}},{"type":"Feature","geometry":{"coordinates":[[-6.57635,53.364198],[-6.576565,53.364207],[-6.576886,53.36422],[-6.577506,53.364245],[-6.577525,53.364246],[-6.578138,53.364287],[-6.578231,53.364293],[-6.578949,53.364408],[-6.579144,53.364435],[-6.579339,53.364431],[-6.579822,53.364431],[-6.581441,53.364388],[-6.581702,53.364404],[-6.581771,53.364408],[-6.582078,53.364449],[-6.582528,53.364581],[-6.583056,53.364697],[-6.583418,53.364755],[-6.583737,53.364807],[-6.584107,53.364809],[-6.584657,53.364697],[-6.585012,53.364626],[-6.585365,53.364599],[-6.585787,53.364586],[-6.587501,53.364556],[-6.588145,53.364552],[-6.589129,53.36452],[-6.589334,53.364537],[-6.589491,53.364564],[-6.590147,53.364678],[-6.590623,53.36476],[-6.590924,53.364814],[-6.590968,53.364822],[-6.591256,53.36485],[-6.59134,53.364848],[-6.591423,53.364846],[-6.591427,53.364911],[-6.59142,53.365042],[-6.59138,53.365147],[-6.591223,53.365385],[-6.591262,53.365416],[-6.59129,53.365451],[-6.591304,53.365489],[-6.591303,53.365536],[-6.591282,53.365581],[-6.591241,53.365621],[-6.59126,53.365686],[-6.591259,53.365748],[-6.591257,53.36581],[-6.591299,53.365914],[-6.591323,53.366122],[-6.591277,53.366683],[-6.591274,53.366796],[-6.591251,53.367314],[-6.591217,53.367553],[-6.591211,53.367656],[-6.591165,53.368273],[-6.591132,53.368544],[-6.590931,53.369334],[-6.590907,53.369468],[-6.590897,53.369528],[-6.590783,53.369918],[-6.590722,53.370082],[-6.590625,53.370293],[-6.590588,53.370363],[-6.590516,53.370469],[-6.590511,53.370479],[-6.59043,53.370645],[-6.590355,53.370799],[-6.590298,53.370913],[-6.590192,53.37094],[-6.589631,53.371959],[-6.589425,53.371861],[-6.589358,53.37183],[-6.589297,53.372021],[-6.589221,53.372212],[-6.588259,53.373849],[-6.588249,53.373844],[-6.588113,53.373915],[-6.588021,53.373931],[-6.588273,53.374065],[-6.588226,53.374171]],"type":"LineString"},"properties":{"hex_id":"89182c1ae23ffff","service":"Pharmacy","dest_id":"6","dest_name":"St Patrick's Pharmacy","walk_min":25.87,"distance_m":2150}},{"type":"Feature","geometry":{"coordinates":[[-6.589257,53.383989],[-6.589284,53.383959],[-6.58942,53.383792],[-6.589532,53.383621],[-6.589591,53.38348],[-6.5896,53.383374],[-6.589596,53.383306],[-6.589574,53.38324],[-6.589165,53.382759],[-6.5892,53.382749],[-6.588891,53.382394],[-6.588853,53.382347],[-6.588836,53.38232],[-6.588843,53.382307],[-6.588887,53.382249],[-6.589443,53.382087],[-6.589874,53.381953],[-6.590122,53.381881]],"type":"LineString"},"properties":{"hex_id":"89182c1a3a7ffff","service":"Pharmacy","dest_id":"1","dest_name":"Mc Cormack's","walk_min":3.66,"distance_m":305}},{"type":"Feature","geometry":{"coordinates":[[-6.587357,53.389476],[-6.587488,53.389413],[-6.586651,53.388741],[-6.586372,53.388592],[-6.587095,53.388122],[-6.587745,53.387719],[-6.587855,53.387676],[-6.587889,53.387627],[-6.588049,53.387454],[-6.588141,53.38732],[-6.588161,53.387291],[-6.588189,53.387251],[-6.588123,53.387233],[-6.588056,53.387207],[-6.587591,53.386922],[-6.587506,53.386875],[-6.587553,53.386827],[-6.586805,53.38642],[-6.586789,53.386356],[-6.586714,53.386317],[-6.586784,53.386262],[-6.587161,53.385943],[-6.587483,53.385663],[-6.587974,53.385227],[-6.588003,53.385201],[-6.588125,53.385092],[-6.588219,53.385008],[-6.588395,53.38485],[-6.588426,53.384824],[-6.588489,53.384768],[-6.588602,53.384657],[-6.588686,53.384578],[-6.58882,53.384452],[-6.588886,53.384384],[-6.589019,53.384248],[-6.589069,53.384193],[-6.589284,53.383959],[-6.58942,53.383792],[-6.589532,53.383621],[-6.589591,53.38348],[-6.5896,53.383374],[-6.589596,53.383306],[-6.589574,53.38324],[-6.589165,53.382759],[-6.5892,53.382749],[-6.588891,53.382394],[-6.588853,53.382347],[-6.588836,53.38232],[-6.588843,53.382307],[-6.588887,53.382249],[-6.589443,53.382087],[-6.589874,53.381953],[-6.590122,53.381881]],"type":"LineString"},"properties":{"hex_id":"89182c1a14fffff","service":"Pharmacy","dest_id":"1","dest_name":"Mc Cormack's","walk_min":13.05,"distance_m":1088}},{"type":"Feature","geometry":{"coordinates":[[-6.590968,53.381249],[-6.590907,53.38118],[-6.590762,53.38103],[-6.590718,53.380984],[-6.590692,53.380961],[-6.590663,53.380972],[-6.590568,53.381005],[-6.590492,53.38103],[-6.590726,53.3812],[-6.590956,53.381447],[-6.590981,53.381479],[-6.590866,53.381513],[-6.590852,53.381541],[-6.590755,53.381585],[-6.590738,53.381587],[-6.590775,53.381632],[-6.590638,53.381676],[-6.59057,53.381695],[-6.590608,53.38174],[-6.590241,53.381846],[-6.590122,53.381881]],"type":"LineString"},"properties":{"hex_id":"89182c1aedbffff","service":"Pharmacy","dest_id":"1","dest_name":"Mc Cormack's","walk_min":2.34,"distance_m":196}},{"type":"Feature","geometry":{"coordinates":[[-6.600831,53.380395],[-6.600784,53.38036],[-6.600807,53.380293],[-6.600595,53.38035],[-6.599999,53.380508],[-6.599781,53.380565],[-6.59961,53.380628],[-6.599471,53.380665],[-6.599372,53.380692],[-6.599353,53.380698],[-6.599179,53.380743],[-6.599134,53.380753],[-6.599056,53.380773],[-6.598889,53.380817],[-6.598762,53.380856],[-6.598629,53.380893],[-6.598557,53.380888],[-6.598491,53.380873],[-6.598447,53.380856],[-6.598376,53.380826],[-6.598305,53.380754],[-6.598198,53.380633],[-6.598131,53.380554],[-6.597942,53.380563],[-6.597812,53.380572],[-6.597713,53.380579],[-6.597596,53.380589],[-6.597549,53.380593],[-6.597096,53.380617],[-6.59695,53.380621],[-6.5967,53.380638],[-6.59647,53.380649],[-6.596424,53.38065],[-6.596169,53.380658],[-6.596048,53.380678],[-6.5959,53.380688],[-6.595523,53.380705],[-6.595485,53.380708],[-6.595073,53.380739],[-6.594878,53.380728],[-6.594756,53.380679],[-6.59472,53.38066],[-6.594697,53.380646],[-6.594613,53.380596],[-6.594546,53.380546],[-6.59451,53.380558],[-6.594467,53.380569],[-6.594345,53.380622],[-6.594301,53.380635],[-6.594234,53.380655],[-6.594014,53.380702],[-6.593844,53.380737],[-6.593773,53.380751],[-6.593743,53.380757],[-6.593656,53.380757],[-6.593575,53.380779],[-6.593441,53.380815],[-6.593388,53.380847],[-6.593256,53.380892],[-6.593131,53.380916],[-6.593013,53.380943],[-6.593006,53.380999],[-6.593003,53.381024],[-6.592999,53.38104],[-6.592982,53.381053],[-6.592897,53.381079],[-6.592878,53.381085],[-6.592858,53.381092],[-6.592818,53.381105],[-6.592924,53.381242],[-6.592948,53.38127],[-6.593186,53.381538],[-6.593241,53.381615],[-6.593238,53.381644],[-6.593222,53.381668],[-6.593331,53.381829],[-6.593504,53.382028],[-6.593517,53.382063],[-6.593542,53.382122],[-6.593569,53.382101],[-6.593653,53.382068],[-6.5937,53.382123],[-6.594396,53.381841]],"type":"LineString"},"properties":{"hex_id":"89182c1a323ffff","service":"Pharmacy","dest_id":"4","dest_name":"Hickey's Pharmacy","walk_min":9.7,"distance_m":808}},{"type":"Feature","geometry":{"coordinates":[[-6.596955,53.369682],[-6.597576,53.369775],[-6.597759,53.369806],[-6.597952,53.369839],[-6.597933,53.3701],[-6.597887,53.370325],[-6.59804,53.370337],[-6.598034,53.370516],[-6.598023,53.370529],[-6.597886,53.370852],[-6.597818,53.37103],[-6.597737,53.371139],[-6.597768,53.371144],[-6.598596,53.371257],[-6.598484,53.371445],[-6.59835,53.371686],[-6.598269,53.37182],[-6.598143,53.372001],[-6.598045,53.372134],[-6.597858,53.372102],[-6.597399,53.372032],[-6.597234,53.372004],[-6.596715,53.371914],[-6.596641,53.371924],[-6.596606,53.371949],[-6.596555,53.372063],[-6.596391,53.372391],[-6.595926,53.372304],[-6.595827,53.372285],[-6.595692,53.372283],[-6.595332,53.372272],[-6.595089,53.372249],[-6.594934,53.372239],[-6.594419,53.372259],[-6.594148,53.372275],[-6.593723,53.372364],[-6.593289,53.372488],[-6.593228,53.372505],[-6.592771,53.372653],[-6.592378,53.37275],[-6.592137,53.37279],[-6.592017,53.372806],[-6.591804,53.372828],[-6.59139,53.372837],[-6.591078,53.372837],[-6.590756,53.372832],[-6.590705,53.372829],[-6.590546,53.372824],[-6.590087,53.372793],[-6.589889,53.372768],[-6.589698,53.372745],[-6.589466,53.372702],[-6.589159,53.373256],[-6.589052,53.373448],[-6.588958,53.373618],[-6.58893,53.373666],[-6.588825,53.373649],[-6.588694,53.373894],[-6.588632,53.37401],[-6.58852,53.373983],[-6.588416,53.373945],[-6.588259,53.373849],[-6.588249,53.373844],[-6.588113,53.373915],[-6.588021,53.373931],[-6.588273,53.374065],[-6.588226,53.374171]],"type":"LineString"},"properties":{"hex_id":"89182c1ae4fffff","service":"Pharmacy","dest_id":"6","dest_name":"St Patrick's Pharmacy","walk_min":15.18,"distance_m":1265}},{"type":"Feature","geometry":{"coordinates":[[-6.603595,53.37268],[-6.603595,53.37268],[-6.603664,53.372736],[-6.603674,53.37276],[-6.603667,53.37278],[-6.603624,53.372807],[-6.603587,53.37283],[-6.603654,53.373024],[-6.603717,53.373256],[-6.60378,53.373506],[-6.603708,53.373534],[-6.60425,53.37393],[-6.604536,53.374006],[-6.604645,53.374248],[-6.604667,53.374348],[-6.604814,53.37469],[-6.604611,53.374729],[-6.604303,53.374779],[-6.604147,53.3748],[-6.60399,53.374819],[-6.603898,53.374829],[-6.603337,53.374896],[-6.603286,53.374937],[-6.603093,53.374954],[-6.602882,53.37499],[-6.602841,53.374999],[-6.602646,53.375051],[-6.602426,53.375119],[-6.602275,53.375172],[-6.602107,53.375231],[-6.601975,53.375276],[-6.601795,53.37533],[-6.601501,53.375398],[-6.601255,53.375434],[-6.600891,53.375457],[-6.60059,53.375475],[-6.60042,53.375491],[-6.60025,53.375498],[-6.600186,53.375502],[-6.599997,53.37551],[-6.599851,53.375514],[-6.599775,53.375516],[-6.599617,53.37552],[-6.599303,53.375539],[-6.599247,53.375542],[-6.599085,53.375554],[-6.59899,53.375574],[-6.598749,53.375602],[-6.598599,53.375625],[-6.597823,53.375719],[-6.597725,53.375723],[-6.597651,53.375726],[-6.597606,53.375734],[-6.597555,53.375743],[-6.597474,53.375757],[-6.597108,53.375732],[-6.596905,53.375713],[-6.59672,53.375794],[-6.596696,53.375914],[-6.596676,53.376072],[-6.596661,53.376177],[-6.596653,53.376216],[-6.596558,53.376485],[-6.596542,53.376516],[-6.596466,53.376512],[-6.596459,53.376529],[-6.596401,53.376676],[-6.596289,53.376945],[-6.596177,53.377153],[-6.596063,53.377312],[-6.595866,53.377511],[-6.595847,53.377529],[-6.595794,53.377579],[-6.59547,53.377849],[-6.595366,53.377922],[-6.595302,53.377967],[-6.594994,53.378193],[-6.59495,53.378225],[-6.594725,53.378386],[-6.594582,53.378487],[-6.594365,53.378637],[-6.59413,53.378798],[-6.594029,53.378875],[-6.593954,53.378924],[-6.593911,53.378978],[-6.593847,53.379061],[-6.593754,53.379229],[-6.59372,53.379411],[-6.593754,53.379922],[-6.593762,53.38006],[-6.593756,53.380259],[-6.593753,53.380344],[-6.593751,53.380352],[-6.593732,53.380447],[-6.59369,53.380541],[-6.593603,53.380644],[-6.593519,53.38073],[-6.593441,53.380815],[-6.593388,53.380847],[-6.593256,53.380892],[-6.593131,53.380916],[-6.593013,53.380943],[-6.593006,53.380999],[-6.593003,53.381024],[-6.592999,53.38104],[-6.592982,53.381053],[-6.592897,53.381079],[-6.592878,53.381085],[-6.592858,53.381092],[-6.592818,53.381105],[-6.592924,53.381242],[-6.592948,53.38127],[-6.593186,53.381538],[-6.593241,53.381615],[-6.593238,53.381644],[-6.593222,53.381668],[-6.593331,53.381829],[-6.593504,53.382028],[-6.593517,53.382063],[-6.593542,53.382122],[-6.593569,53.382101],[-6.593653,53.382068],[-6.5937,53.382123],[-6.594396,53.381841]],"type":"LineString"},"properties":{"hex_id":"89182c18587ffff","service":"Pharmacy","dest_id":"4","dest_name":"Hickey's Pharmacy","walk_min":20.4,"distance_m":1701}},{"type":"Feature","geometry":{"coordinates":[[-6.57378,53.377653],[-6.574201,53.377797],[-6.575293,53.378194],[-6.575875,53.378401],[-6.57653,53.378546],[-6.577773,53.378827],[-6.578077,53.378805],[-6.578379,53.378767],[-6.578655,53.378728],[-6.579673,53.378595],[-6.580136,53.378524],[-6.580291,53.378502],[-6.580642,53.378454],[-6.581206,53.378376],[-6.581836,53.378295],[-6.581898,53.378287],[-6.5824,53.378222],[-6.582736,53.37818],[-6.582899,53.378159],[-6.583506,53.378079],[-6.583559,53.378072],[-6.583908,53.378031],[-6.584789,53.377936],[-6.585229,53.377891],[-6.585783,53.377844],[-6.586366,53.377825],[-6.586573,53.377821],[-6.587073,53.377813],[-6.587414,53.377807],[-6.587449,53.377806],[-6.587531,53.378021],[-6.587616,53.378218],[-6.587658,53.378319],[-6.587719,53.378437],[-6.588001,53.378907],[-6.588066,53.379],[-6.588023,53.379],[-6.588028,53.37903],[-6.588349,53.37946],[-6.588428,53.379539],[-6.588481,53.379637],[-6.588788,53.379929],[-6.588763,53.379938],[-6.588697,53.3799],[-6.588633,53.379931],[-6.588604,53.379946],[-6.58864,53.379977],[-6.588424,53.380107],[-6.588317,53.38012],[-6.588248,53.380122],[-6.588173,53.380115],[-6.588106,53.380119],[-6.588041,53.380136],[-6.58795,53.380142],[-6.587832,53.380163],[-6.587691,53.380198],[-6.587717,53.380229],[-6.587859,53.380246],[-6.587898,53.380331],[-6.587906,53.380349],[-6.587959,53.380464],[-6.588361,53.380395]],"type":"LineString"},"properties":{"hex_id":"89182c1ae83ffff","service":"Pharmacy","dest_id":"3","dest_name":"Callagy's","walk_min":16.42,"distance_m":1368}},{"type":"Feature","geometry":{"coordinates":[[-6.612369,53.376647],[-6.61233,53.376563],[-6.612295,53.376551],[-6.612244,53.376397],[-6.612229,53.37636],[-6.611862,53.376416],[-6.611521,53.376514],[-6.611177,53.376669],[-6.611038,53.376744],[-6.610886,53.376824],[-6.610674,53.376923],[-6.610547,53.376982],[-6.610237,53.377061],[-6.609953,53.377117],[-6.609918,53.377124],[-6.609843,53.377138],[-6.609354,53.377222],[-6.609263,53.377231],[-6.609091,53.37724],[-6.60891,53.377248],[-6.608752,53.377242],[-6.608608,53.377235],[-6.608461,53.377218],[-6.608299,53.377193],[-6.6081,53.377154],[-6.607923,53.377094],[-6.607855,53.377066],[-6.607797,53.377041],[-6.607661,53.376949],[-6.607541,53.376855],[-6.607427,53.376764],[-6.607195,53.376551],[-6.607099,53.376469],[-6.606784,53.376255],[-6.606709,53.376194],[-6.606633,53.376106],[-6.606597,53.376008],[-6.6066,53.375901],[-6.606664,53.375745],[-6.60667,53.375712],[-6.606672,53.375676],[-6.606637,53.375591],[-6.606542,53.375441],[-6.606282,53.375482],[-6.60615,53.375505],[-6.606037,53.375531],[-6.605949,53.375565],[-6.605493,53.375844],[-6.605308,53.375967],[-6.605005,53.375774],[-6.604723,53.375587],[-6.604423,53.375391],[-6.604284,53.375304],[-6.604299,53.375266],[-6.604307,53.375244],[-6.604299,53.375221],[-6.604279,53.3752],[-6.604248,53.375178],[-6.60416,53.375131],[-6.604031,53.375057],[-6.603986,53.375016],[-6.603913,53.374907],[-6.603903,53.37487],[-6.603595,53.374908],[-6.603286,53.374937],[-6.603093,53.374954],[-6.602882,53.37499],[-6.602841,53.374999],[-6.602646,53.375051],[-6.602426,53.375119],[-6.602275,53.375172],[-6.602107,53.375231],[-6.601975,53.375276],[-6.601795,53.37533],[-6.601501,53.375398],[-6.601255,53.375434],[-6.600891,53.375457],[-6.60059,53.375475],[-6.60042,53.375491],[-6.60025,53.375498],[-6.600186,53.375502],[-6.599997,53.37551],[-6.599851,53.375514],[-6.599775,53.375516],[-6.599617,53.37552],[-6.599303,53.375539],[-6.599247,53.375542],[-6.599085,53.375554],[-6.59899,53.375574],[-6.598749,53.375602],[-6.598599,53.375625],[-6.597823,53.375719],[-6.597725,53.375723],[-6.597651,53.375726],[-6.597606,53.375734],[-6.597555,53.375743],[-6.597474,53.375757],[-6.597108,53.375732],[-6.596905,53.375713],[-6.59672,53.375794],[-6.596696,53.375914],[-6.596676,53.376072],[-6.596661,53.376177],[-6.596653,53.376216],[-6.596558,53.376485],[-6.596542,53.376516],[-6.596466,53.376512],[-6.596459,53.376529],[-6.596401,53.376676],[-6.596289,53.376945],[-6.596177,53.377153],[-6.596063,53.377312],[-6.595866,53.377511],[-6.595847,53.377529],[-6.595794,53.377579],[-6.59547,53.377849],[-6.595366,53.377922],[-6.595302,53.377967],[-6.594994,53.378193],[-6.59495,53.378225],[-6.594725,53.378386],[-6.594582,53.378487],[-6.594365,53.378637],[-6.59413,53.378798],[-6.594029,53.378875],[-6.593954,53.378924],[-6.593911,53.378978],[-6.593847,53.379061],[-6.593754,53.379229],[-6.59372,53.379411],[-6.593754,53.379922],[-6.593762,53.38006],[-6.593756,53.380259],[-6.593753,53.380344],[-6.593751,53.380352],[-6.593732,53.380447],[-6.59369,53.380541],[-6.593603,53.380644],[-6.593519,53.38073],[-6.593441,53.380815],[-6.593388,53.380847],[-6.593256,53.380892],[-6.593131,53.380916],[-6.593013,53.380943],[-6.593006,53.380999],[-6.593003,53.381024],[-6.592999,53.38104],[-6.592982,53.381053],[-6.592897,53.381079],[-6.592878,53.381085],[-6.592858,53.381092],[-6.592818,53.381105],[-6.592924,53.381242],[-6.592948,53.38127],[-6.593186,53.381538],[-6.593241,53.381615],[-6.593238,53.381644],[-6.593222,53.381668],[-6.593331,53.381829],[-6.593504,53.382028],[-6.593517,53.382063],[-6.593542,53.382122],[-6.593569,53.382101],[-6.593653,53.382068],[-6.5937,53.382123],[-6.594396,53.381841]],"type":"LineString"},"properties":{"hex_id":"89182c1859bffff","service":"Pharmacy","dest_id":"4","dest_name":"Hickey's Pharmacy","walk_min":26.46,"distance_m":2206}},{"type":"Feature","geometry":{"coordinates":[[-6.60414,53.382798],[-6.604086,53.382717],[-6.604051,53.38269],[-6.603949,53.382628],[-6.603707,53.382712],[-6.603491,53.382769],[-6.603324,53.382555],[-6.603244,53.38258],[-6.602927,53.382681],[-6.602876,53.382624],[-6.602858,53.382604],[-6.602824,53.382557],[-6.602799,53.382539],[-6.602707,53.382474],[-6.602641,53.382438],[-6.602591,53.382421],[-6.602534,53.382401],[-6.60241,53.382384],[-6.602299,53.382384],[-6.602158,53.38238],[-6.60213,53.382379],[-6.601999,53.3824],[-6.601692,53.382401],[-6.601568,53.382335],[-6.601478,53.382181],[-6.601463,53.382181],[-6.601398,53.382181],[-6.601374,53.38208],[-6.601238,53.382055],[-6.600986,53.382008],[-6.599714,53.382101],[-6.599357,53.382127],[-6.599222,53.382137],[-6.598387,53.382197],[-6.598259,53.382208],[-6.597858,53.382252],[-6.597599,53.382279],[-6.597115,53.382345],[-6.595827,53.382585],[-6.595738,53.382522],[-6.595655,53.382467],[-6.595349,53.38253],[-6.595164,53.382569],[-6.594804,53.382648],[-6.594525,53.38271],[-6.594411,53.382718],[-6.594331,53.382713],[-6.594255,53.382696],[-6.594227,53.382688],[-6.593985,53.382634],[-6.593915,53.382574],[-6.593805,53.382443],[-6.593721,53.382343],[-6.593542,53.382122],[-6.593569,53.382101],[-6.593653,53.382068],[-6.5937,53.382123],[-6.594396,53.381841]],"type":"LineString"},"properties":{"hex_id":"89182c1a33bffff","service":"Pharmacy","dest_id":"4","dest_name":"Hickey's Pharmacy","walk_min":10.88,"distance_m":907}},{"type":"Feature","geometry":{"coordinates":[[-6.596343,53.3884],[-6.596754,53.388346],[-6.597079,53.388288],[-6.596926,53.387989],[-6.596915,53.387966],[-6.596513,53.387286],[-6.596235,53.386752],[-6.595918,53.386174],[-6.595774,53.385889],[-6.59573,53.385851],[-6.595682,53.38577],[-6.595587,53.385607],[-6.595518,53.38549],[-6.595462,53.38539],[-6.595181,53.384892],[-6.595028,53.384616],[-6.594915,53.384439],[-6.594666,53.383991],[-6.594609,53.383893],[-6.594445,53.383613],[-6.594386,53.383469],[-6.594162,53.383085],[-6.594131,53.383031],[-6.593948,53.382741],[-6.593875,53.382644],[-6.593801,53.382546],[-6.593668,53.382395],[-6.593494,53.382187],[-6.593421,53.382098],[-6.593458,53.382081],[-6.593517,53.382063],[-6.593542,53.382122],[-6.593569,53.382101],[-6.593653,53.382068],[-6.5937,53.382123],[-6.594396,53.381841]],"type":"LineString"},"properties":{"hex_id":"89182c1a3bbffff","service":"Pharmacy","dest_id":"4","dest_name":"Hickey's Pharmacy","walk_min":10.46,"distance_m":869}},{"type":"Feature","geometry":{"coordinates":[[-6.598579,53.394064],[-6.597507,53.394354],[-6.597314,53.39443],[-6.597494,53.394677],[-6.597633,53.394868],[-6.597821,53.395122],[-6.598442,53.395232],[-6.598981,53.395329],[-6.599019,53.395313],[-6.599259,53.395249],[-6.60022,53.395021],[-6.600291,53.394978],[-6.600304,53.394971],[-6.600269,53.394939],[-6.600194,53.394839],[-6.600173,53.394796],[-6.600135,53.394747],[-6.600134,53.394712],[-6.600147,53.394689],[-6.600179,53.394661],[-6.600233,53.39463],[-6.600309,53.394564],[-6.600319,53.394536],[-6.600321,53.394507],[-6.600294,53.39446],[-6.600221,53.394414],[-6.600155,53.394363],[-6.600125,53.394337],[-6.600028,53.394213],[-6.600004,53.394168],[-6.599976,53.39411],[-6.59998,53.39402],[-6.599995,53.393897],[-6.599976,53.39386],[-6.599924,53.393824],[-6.599773,53.393775],[-6.599526,53.393733],[-6.599395,53.393714],[-6.599171,53.393671],[-6.599119,53.393664],[-6.598938,53.393648],[-6.598965,53.393428],[-6.599644,53.393204],[-6.599601,53.393147],[-6.599549,53.393083],[-6.599587,53.393068],[-6.599601,53.393059],[-6.599607,53.393048],[-6.599612,53.393036],[-6.599617,53.393023],[-6.599594,53.392941],[-6.5994,53.392506],[-6.599344,53.392425],[-6.599167,53.3921],[-6.598825,53.391447],[-6.598797,53.391404],[-6.598582,53.391073],[-6.598364,53.390666],[-6.598215,53.390388],[-6.59792,53.389841],[-6.597633,53.389262],[-6.597544,53.389108],[-6.597416,53.388885],[-6.597346,53.388763],[-6.597235,53.388595],[-6.597134,53.388398],[-6.597079,53.388288],[-6.596926,53.387989],[-6.596915,53.387966],[-6.596513,53.387286],[-6.596235,53.386752],[-6.595918,53.386174],[-6.595774,53.385889],[-6.59573,53.385851],[-6.595682,53.38577],[-6.595587,53.385607],[-6.595518,53.38549],[-6.595462,53.38539],[-6.595181,53.384892],[-6.595028,53.384616],[-6.594915,53.384439],[-6.594666,53.383991],[-6.594609,53.383893],[-6.594445,53.383613],[-6.594386,53.383469],[-6.594162,53.383085],[-6.594131,53.383031],[-6.593948,53.382741],[-6.593875,53.382644],[-6.593801,53.382546],[-6.593668,53.382395],[-6.593494,53.382187],[-6.593421,53.382098],[-6.593458,53.382081],[-6.593517,53.382063],[-6.593542,53.382122],[-6.593569,53.382101],[-6.593653,53.382068],[-6.5937,53.382123],[-6.594396,53.381841]],"type":"LineString"},"properties":{"hex_id":"89182c1a383ffff","service":"Pharmacy","dest_id":"4","dest_name":"Hickey's Pharmacy","walk_min":24.49,"distance_m":2038}},{"type":"Feature","geometry":{"coordinates":[[-6.593484,53.394299],[-6.59356,53.394284],[-6.593897,53.394213],[-6.593862,53.394144],[-6.593786,53.394034],[-6.593719,53.393842],[-6.593705,53.393739],[-6.594448,53.393617],[-6.5945,53.393608],[-6.594404,53.393382],[-6.594298,53.393252],[-6.59429,53.393236],[-6.594148,53.392935],[-6.594142,53.392862],[-6.594117,53.392546],[-6.594114,53.392526],[-6.594098,53.392365],[-6.593985,53.392069],[-6.593966,53.392008],[-6.593968,53.391905],[-6.593956,53.391874],[-6.593955,53.3918],[-6.593954,53.391691],[-6.593999,53.391401],[-6.593994,53.39135],[-6.594101,53.390924],[-6.594072,53.390869],[-6.594081,53.390817],[-6.594076,53.390641],[-6.594074,53.390544],[-6.594008,53.390316],[-6.593924,53.390113],[-6.593873,53.389991],[-6.593751,53.389801],[-6.593613,53.389619],[-6.593496,53.389501],[-6.5933,53.389319],[-6.593591,53.389167],[-6.59384,53.38906],[-6.594144,53.388954],[-6.594177,53.388943],[-6.594243,53.388919],[-6.594279,53.388911],[-6.594582,53.388851],[-6.595142,53.388715],[-6.595332,53.388657],[-6.595563,53.388584],[-6.595704,53.388533],[-6.595855,53.388485],[-6.596064,53.388437],[-6.596754,53.388346],[-6.597079,53.388288],[-6.596926,53.387989],[-6.596915,53.387966],[-6.596513,53.387286],[-6.596235,53.386752],[-6.595918,53.386174],[-6.595774,53.385889],[-6.59573,53.385851],[-6.595682,53.38577],[-6.595587,53.385607],[-6.595518,53.38549],[-6.595462,53.38539],[-6.595181,53.384892],[-6.595028,53.384616],[-6.594915,53.384439],[-6.594666,53.383991],[-6.594609,53.383893],[-6.594445,53.383613],[-6.594386,53.383469],[-6.594162,53.383085],[-6.594131,53.383031],[-6.593948,53.382741],[-6.593875,53.382644],[-6.593801,53.382546],[-6.593668,53.382395],[-6.593494,53.382187],[-6.593421,53.382098],[-6.593458,53.382081],[-6.593517,53.382063],[-6.593542,53.382122],[-6.593569,53.382101],[-6.593653,53.382068],[-6.5937,53.382123],[-6.594396,53.381841]],"type":"LineString"},"properties":{"hex_id":"89182c1a397ffff","service":"Pharmacy","dest_id":"4","dest_name":"Hickey's Pharmacy","walk_min":20.8,"distance_m":1731}},{"type":"Feature","geometry":{"coordinates":[[-6.57448,53.3681],[-6.576137,53.368564],[-6.577226,53.368866],[-6.577593,53.368968],[-6.577924,53.36906],[-6.578873,53.369323],[-6.579422,53.369476],[-6.579633,53.369537],[-6.579694,53.369554],[-6.579787,53.369581],[-6.579877,53.369605],[-6.579905,53.369613],[-6.580014,53.369642],[-6.580281,53.369713],[-6.580514,53.369783],[-6.580725,53.369846],[-6.580801,53.369876],[-6.58094,53.369931],[-6.581101,53.370009],[-6.581186,53.370056],[-6.581284,53.370112],[-6.58133,53.370139],[-6.581384,53.37017],[-6.581752,53.370418],[-6.581926,53.370553],[-6.582131,53.370708],[-6.582514,53.370994],[-6.58369,53.371912],[-6.583998,53.372152],[-6.584367,53.372455],[-6.584595,53.372356],[-6.585114,53.372754],[-6.586199,53.373588],[-6.586312,53.373669],[-6.586612,53.373911],[-6.586718,53.374002],[-6.586791,53.374005],[-6.587096,53.373865],[-6.587183,53.373826],[-6.58731,53.373929],[-6.587736,53.373736],[-6.588021,53.373931],[-6.588273,53.374065],[-6.588226,53.374171]],"type":"LineString"},"properties":{"hex_id":"89182c1aeabffff","service":"Pharmacy","dest_id":"6","dest_name":"St Patrick's Pharmacy","walk_min":14.91,"distance_m":1240}},{"type":"Feature","geometry":{"coordinates":[[-6.609751,53.38553],[-6.609623,53.384981],[-6.609515,53.384877],[-6.609074,53.384796],[-6.608869,53.384704],[-6.608195,53.383569],[-6.60816,53.383425],[-6.60832,53.382832],[-6.60837,53.382526],[-6.608484,53.38213],[-6.608506,53.382041],[-6.608521,53.381954],[-6.608527,53.381924],[-6.608594,53.381733],[-6.608601,53.381665],[-6.608029,53.381644],[-6.607472,53.38161],[-6.60652,53.381542],[-6.60616,53.381529],[-6.605703,53.381523],[-6.605678,53.381523],[-6.605651,53.381524],[-6.60563,53.381524],[-6.605138,53.381538],[-6.604679,53.38157],[-6.604512,53.381587],[-6.603872,53.381653],[-6.603332,53.38172],[-6.602779,53.381783],[-6.602574,53.38181],[-6.601772,53.381892],[-6.601532,53.381916],[-6.601527,53.381951],[-6.601504,53.381984],[-6.601467,53.382011],[-6.601417,53.382031],[-6.60136,53.382041],[-6.601374,53.38208],[-6.601238,53.382055],[-6.600986,53.382008],[-6.599714,53.382101],[-6.599357,53.382127],[-6.599222,53.382137],[-6.598387,53.382197],[-6.598259,53.382208],[-6.597858,53.382252],[-6.597599,53.382279],[-6.597115,53.382345],[-6.595827,53.382585],[-6.595738,53.382522],[-6.595655,53.382467],[-6.595349,53.38253],[-6.595164,53.382569],[-6.594804,53.382648],[-6.594525,53.38271],[-6.594411,53.382718],[-6.594331,53.382713],[-6.594255,53.382696],[-6.594227,53.382688],[-6.593985,53.382634],[-6.593915,53.382574],[-6.593805,53.382443],[-6.593721,53.382343],[-6.593542,53.382122],[-6.593569,53.382101],[-6.593653,53.382068],[-6.5937,53.382123],[-6.594396,53.381841]],"type":"LineString"},"properties":{"hex_id":"89182c1a30bffff","service":"Pharmacy","dest_id":"4","dest_name":"Hickey's Pharmacy","walk_min":19.43,"distance_m":1620}},{"type":"Feature","geometry":{"coordinates":[[-6.601629,53.387277],[-6.601003,53.387033],[-6.600894,53.387122],[-6.600859,53.387146],[-6.600777,53.387176],[-6.600573,53.387153],[-6.60043,53.387111],[-6.600165,53.386994],[-6.599954,53.386919],[-6.599085,53.386606],[-6.599123,53.386565],[-6.598716,53.38641],[-6.598625,53.386377],[-6.598758,53.386243],[-6.598917,53.386114],[-6.599035,53.385998],[-6.599025,53.385993],[-6.599017,53.385986],[-6.599013,53.385978],[-6.599013,53.38597],[-6.599017,53.385962],[-6.599024,53.385955],[-6.598939,53.385918],[-6.598891,53.385893],[-6.59881,53.385859],[-6.598796,53.385857],[-6.598731,53.385833],[-6.598614,53.385784],[-6.598504,53.385735],[-6.598471,53.385717],[-6.598465,53.385673],[-6.598468,53.385609],[-6.598476,53.385556],[-6.59833,53.385499],[-6.598215,53.385372],[-6.59821,53.385335],[-6.598123,53.385228],[-6.597989,53.385079],[-6.597796,53.384835],[-6.597775,53.384803],[-6.597755,53.384771],[-6.597431,53.3844],[-6.597371,53.384316],[-6.597146,53.384031],[-6.596983,53.384073],[-6.596496,53.38345],[-6.596104,53.382926],[-6.596136,53.382879],[-6.596075,53.382776],[-6.595925,53.382629],[-6.595842,53.382601],[-6.595827,53.382585],[-6.595738,53.382522],[-6.595655,53.382467],[-6.595349,53.38253],[-6.595164,53.382569],[-6.594804,53.382648],[-6.594525,53.38271],[-6.594411,53.382718],[-6.594331,53.382713],[-6.594255,53.382696],[-6.594227,53.382688],[-6.593985,53.382634],[-6.593915,53.382574],[-6.593805,53.382443],[-6.593721,53.382343],[-6.593542,53.382122],[-6.593569,53.382101],[-6.593653,53.382068],[-6.5937,53.382123],[-6.594396,53.381841]],"type":"LineString"},"properties":{"hex_id":"89182c1a313ffff","service":"Pharmacy","dest_id":"4","dest_name":"Hickey's Pharmacy","walk_min":12.54,"distance_m":1028}},{"type":"Feature","geometry":{"coordinates":[[-6.578268,53.369155],[-6.578873,53.369323],[-6.579422,53.369476],[-6.579633,53.369537],[-6.579694,53.369554],[-6.579787,53.369581],[-6.579877,53.369605],[-6.579905,53.369613],[-6.580014,53.369642],[-6.580281,53.369713],[-6.580514,53.369783],[-6.580725,53.369846],[-6.580801,53.369876],[-6.58094,53.369931],[-6.581101,53.370009],[-6.581186,53.370056],[-6.581284,53.370112],[-6.58133,53.370139],[-6.581384,53.37017],[-6.581752,53.370418],[-6.581926,53.370553],[-6.582131,53.370708],[-6.582514,53.370994],[-6.58369,53.371912],[-6.583998,53.372152],[-6.584367,53.372455],[-6.584595,53.372356],[-6.585114,53.372754],[-6.586199,53.373588],[-6.586312,53.373669],[-6.586612,53.373911],[-6.586718,53.374002],[-6.586791,53.374005],[-6.587096,53.373865],[-6.587183,53.373826],[-6.58731,53.373929],[-6.587736,53.373736],[-6.588021,53.373931],[-6.588273,53.374065],[-6.588226,53.374171]],"type":"LineString"},"properties":{"hex_id":"89182c1ae07ffff","service":"Pharmacy","dest_id":"6","dest_name":"St Patrick's Pharmacy","walk_min":11.57,"distance_m":962}},{"type":"Feature","geometry":{"coordinates":[[-6.590175,53.365278],[-6.590121,53.365452],[-6.59011,53.365493],[-6.590089,53.365565],[-6.589952,53.36576],[-6.589741,53.365968],[-6.589493,53.365985],[-6.588994,53.365973],[-6.588904,53.365989],[-6.588859,53.366029],[-6.588841,53.366158],[-6.588838,53.366202],[-6.588948,53.366204],[-6.589058,53.366232],[-6.589128,53.366234],[-6.589215,53.366237],[-6.589287,53.366221],[-6.589353,53.366222],[-6.589511,53.36621],[-6.58981,53.366136],[-6.589968,53.366047],[-6.590249,53.365806],[-6.590386,53.365596],[-6.590431,53.365553],[-6.590621,53.365562],[-6.59075,53.365603],[-6.590804,53.365642],[-6.59089,53.365675],[-6.590991,53.365688],[-6.591107,53.365725],[-6.591257,53.36581],[-6.591299,53.365914],[-6.591323,53.366122],[-6.591277,53.366683],[-6.591274,53.366796],[-6.591251,53.367314],[-6.591217,53.367553],[-6.591211,53.367656],[-6.591165,53.368273],[-6.591132,53.368544],[-6.590931,53.369334],[-6.590907,53.369468],[-6.590897,53.369528],[-6.590783,53.369918],[-6.590722,53.370082],[-6.590625,53.370293],[-6.590588,53.370363],[-6.590516,53.370469],[-6.590511,53.370479],[-6.59043,53.370645],[-6.590355,53.370799],[-6.590298,53.370913],[-6.590192,53.37094],[-6.589631,53.371959],[-6.589425,53.371861],[-6.589358,53.37183],[-6.589297,53.372021],[-6.589221,53.372212],[-6.588259,53.373849],[-6.588249,53.373844],[-6.588113,53.373915],[-6.588021,53.373931],[-6.588273,53.374065],[-6.588226,53.374171]],"type":"LineString"},"properties":{"hex_id":"89182c1ae63ffff","service":"Pharmacy","dest_id":"6","dest_name":"St Patrick's Pharmacy","walk_min":16.74,"distance_m":1389}},{"type":"Feature","geometry":{"coordinates":[[-6.59745,53.39617],[-6.59745,53.39617],[-6.597405,53.396158],[-6.597367,53.39614],[-6.597337,53.396116],[-6.597319,53.396089],[-6.597313,53.39606],[-6.597319,53.396031],[-6.597339,53.396003],[-6.59737,53.395979],[-6.597412,53.39596],[-6.597459,53.395949],[-6.597518,53.395946],[-6.597644,53.395927],[-6.597919,53.395847],[-6.597934,53.395842],[-6.598042,53.39581],[-6.598287,53.395741],[-6.598546,53.395672],[-6.598779,53.395612],[-6.598951,53.395563],[-6.599181,53.395509],[-6.599193,53.395436],[-6.599214,53.395369],[-6.599259,53.395249],[-6.60022,53.395021],[-6.600291,53.394978],[-6.600304,53.394971],[-6.600269,53.394939],[-6.600194,53.394839],[-6.600173,53.394796],[-6.600135,53.394747],[-6.600134,53.394712],[-6.600147,53.394689],[-6.600179,53.394661],[-6.600233,53.39463],[-6.600309,53.394564],[-6.600319,53.394536],[-6.600321,53.394507],[-6.600294,53.39446],[-6.600221,53.394414],[-6.600155,53.394363],[-6.600125,53.394337],[-6.600028,53.394213],[-6.600004,53.394168],[-6.599976,53.39411],[-6.59998,53.39402],[-6.599995,53.393897],[-6.599976,53.39386],[-6.599924,53.393824],[-6.599773,53.393775],[-6.599526,53.393733],[-6.599395,53.393714],[-6.599171,53.393671],[-6.599119,53.393664],[-6.598938,53.393648],[-6.598965,53.393428],[-6.599644,53.393204],[-6.599601,53.393147],[-6.599549,53.393083],[-6.599587,53.393068],[-6.599601,53.393059],[-6.599607,53.393048],[-6.599612,53.393036],[-6.599617,53.393023],[-6.599594,53.392941],[-6.5994,53.392506],[-6.599344,53.392425],[-6.599167,53.3921],[-6.598825,53.391447],[-6.598797,53.391404],[-6.598582,53.391073],[-6.598364,53.390666],[-6.598215,53.390388],[-6.59792,53.389841],[-6.597633,53.389262],[-6.597544,53.389108],[-6.597416,53.388885],[-6.597346,53.388763],[-6.597235,53.388595],[-6.597134,53.388398],[-6.597079,53.388288],[-6.596926,53.387989],[-6.596915,53.387966],[-6.596513,53.387286],[-6.596235,53.386752],[-6.595918,53.386174],[-6.595774,53.385889],[-6.59573,53.385851],[-6.595682,53.38577],[-6.595587,53.385607],[-6.595518,53.38549],[-6.595462,53.38539],[-6.595181,53.384892],[-6.595028,53.384616],[-6.594915,53.384439],[-6.594666,53.383991],[-6.594609,53.383893],[-6.594445,53.383613],[-6.594386,53.383469],[-6.594162,53.383085],[-6.594131,53.383031],[-6.593948,53.382741],[-6.593875,53.382644],[-6.593801,53.382546],[-6.593668,53.382395],[-6.593494,53.382187],[-6.593421,53.382098],[-6.593458,53.382081],[-6.593517,53.382063],[-6.593542,53.382122],[-6.593569,53.382101],[-6.593653,53.382068],[-6.5937,53.382123],[-6.594396,53.381841]],"type":"LineString"},"properties":{"hex_id":"89182c1a393ffff","service":"Pharmacy","dest_id":"4","dest_name":"Hickey's Pharmacy","walk_min":23.39,"distance_m":1947}},{"type":"Feature","geometry":{"coordinates":[[-6.599459,53.383127],[-6.599194,53.383074],[-6.599126,53.383094],[-6.599054,53.383113],[-6.598975,53.383134],[-6.598944,53.383143],[-6.598935,53.383132],[-6.598881,53.383064],[-6.598862,53.383039],[-6.598917,53.383026],[-6.598839,53.382934],[-6.598738,53.382938],[-6.598653,53.382952],[-6.598586,53.382972],[-6.598494,53.382998],[-6.598301,53.383047],[-6.598074,53.38308],[-6.597811,53.383018],[-6.59766,53.383062],[-6.597556,53.383077],[-6.597432,53.38302],[-6.597307,53.382983],[-6.597035,53.382909],[-6.596847,53.382842],[-6.596739,53.382797],[-6.596665,53.382767],[-6.59645,53.382734],[-6.596176,53.382691],[-6.596004,53.38264],[-6.595925,53.382629],[-6.595842,53.382601],[-6.595827,53.382585],[-6.595738,53.382522],[-6.595655,53.382467],[-6.595349,53.38253],[-6.595164,53.382569],[-6.594804,53.382648],[-6.594525,53.38271],[-6.594411,53.382718],[-6.594331,53.382713],[-6.594255,53.382696],[-6.594227,53.382688],[-6.593985,53.382634],[-6.593915,53.382574],[-6.593805,53.382443],[-6.593721,53.382343],[-6.593542,53.382122],[-6.593569,53.382101],[-6.593653,53.382068],[-6.5937,53.382123],[-6.594396,53.381841]],"type":"LineString"},"properties":{"hex_id":"89182c1a333ffff","service":"Pharmacy","dest_id":"4","dest_name":"Hickey's Pharmacy","walk_min":6.68,"distance_m":557}},{"type":"Feature","geometry":{"coordinates":[[-6.581677,53.36354],[-6.581897,53.363569],[-6.582143,53.363672],[-6.582133,53.364093],[-6.582097,53.364324],[-6.582078,53.364449],[-6.582528,53.364581],[-6.583056,53.364697],[-6.583418,53.364755],[-6.583737,53.364807],[-6.584107,53.364809],[-6.584657,53.364697],[-6.585012,53.364626],[-6.585365,53.364599],[-6.585787,53.364586],[-6.587501,53.364556],[-6.588145,53.364552],[-6.589129,53.36452],[-6.589334,53.364537],[-6.589491,53.364564],[-6.590147,53.364678],[-6.590623,53.36476],[-6.590924,53.364814],[-6.590968,53.364822],[-6.591256,53.36485],[-6.59134,53.364848],[-6.591423,53.364846],[-6.591427,53.364911],[-6.59142,53.365042],[-6.59138,53.365147],[-6.591223,53.365385],[-6.591262,53.365416],[-6.59129,53.365451],[-6.591304,53.365489],[-6.591303,53.365536],[-6.591282,53.365581],[-6.591241,53.365621],[-6.59126,53.365686],[-6.591259,53.365748],[-6.591257,53.36581],[-6.591299,53.365914],[-6.591323,53.366122],[-6.591277,53.366683],[-6.591274,53.366796],[-6.591251,53.367314],[-6.591217,53.367553],[-6.591211,53.367656],[-6.591165,53.368273],[-6.591132,53.368544],[-6.590931,53.369334],[-6.590907,53.369468],[-6.590897,53.369528],[-6.590783,53.369918],[-6.590722,53.370082],[-6.590625,53.370293],[-6.590588,53.370363],[-6.590516,53.370469],[-6.590511,53.370479],[-6.59043,53.370645],[-6.590355,53.370799],[-6.590298,53.370913],[-6.590192,53.37094],[-6.589631,53.371959],[-6.589425,53.371861],[-6.589358,53.37183],[-6.589297,53.372021],[-6.589221,53.372212],[-6.588259,53.373849],[-6.588249,53.373844],[-6.588113,53.373915],[-6.588021,53.373931],[-6.588273,53.374065],[-6.588226,53.374171]],"type":"LineString"},"properties":{"hex_id":"89182c1ae2bffff","service":"Pharmacy","dest_id":"6","dest_name":"St Patrick's Pharmacy","walk_min":22.72,"distance_m":1888}},{"type":"Feature","geometry":{"coordinates":[[-6.604904,53.385955],[-6.604609,53.385975],[-6.604351,53.385971],[-6.604242,53.38596],[-6.604149,53.38595],[-6.604095,53.385945],[-6.604088,53.385944],[-6.603778,53.385896],[-6.603725,53.385885],[-6.603673,53.385875],[-6.603622,53.385867],[-6.603592,53.385859],[-6.603556,53.385852],[-6.603454,53.385832],[-6.603384,53.38582],[-6.603326,53.385809],[-6.603265,53.385799],[-6.603222,53.385787],[-6.603034,53.385765],[-6.603022,53.38576],[-6.602706,53.385752],[-6.602521,53.385755],[-6.602375,53.385757],[-6.602221,53.385756],[-6.602093,53.385755],[-6.602024,53.385755],[-6.601943,53.385752],[-6.601892,53.385751],[-6.601508,53.385734],[-6.601359,53.385722],[-6.601289,53.385717],[-6.601159,53.385707],[-6.600683,53.385669],[-6.600459,53.385654],[-6.600155,53.385632],[-6.599883,53.385621],[-6.59978,53.385611],[-6.598742,53.385582],[-6.59861,53.385576],[-6.598586,53.385571],[-6.598476,53.385556],[-6.59833,53.385499],[-6.598215,53.385372],[-6.59821,53.385335],[-6.598123,53.385228],[-6.597989,53.385079],[-6.597796,53.384835],[-6.597775,53.384803],[-6.597755,53.384771],[-6.597431,53.3844],[-6.597371,53.384316],[-6.597146,53.384031],[-6.596983,53.384073],[-6.596496,53.38345],[-6.596104,53.382926],[-6.596136,53.382879],[-6.596075,53.382776],[-6.595925,53.382629],[-6.595842,53.382601],[-6.595827,53.382585],[-6.595738,53.382522],[-6.595655,53.382467],[-6.595349,53.38253],[-6.595164,53.382569],[-6.594804,53.382648],[-6.594525,53.38271],[-6.594411,53.382718],[-6.594331,53.382713],[-6.594255,53.382696],[-6.594227,53.382688],[-6.593985,53.382634],[-6.593915,53.382574],[-6.593805,53.382443],[-6.593721,53.382343],[-6.593542,53.382122],[-6.593569,53.382101],[-6.593653,53.382068],[-6.5937,53.382123],[-6.594396,53.381841]],"type":"LineString"},"properties":{"hex_id":"89182c1a31bffff","service":"Pharmacy","dest_id":"4","dest_name":"Hickey's Pharmacy","walk_min":13.15,"distance_m":1095}},{"type":"Feature","geometry":{"coordinates":[[-6.574671,53.385375],[-6.574469,53.385124],[-6.574064,53.384628],[-6.57415,53.384608],[-6.578291,53.383391],[-6.580905,53.382625],[-6.581554,53.382443],[-6.581587,53.382414],[-6.581971,53.382322],[-6.582078,53.382301],[-6.582247,53.382282],[-6.582349,53.382267],[-6.582439,53.382239],[-6.582487,53.382207],[-6.58253,53.382182],[-6.582554,53.382141],[-6.582563,53.382115],[-6.582581,53.382055],[-6.582504,53.382034],[-6.582466,53.382012],[-6.582441,53.381984],[-6.58243,53.381953],[-6.582435,53.381921],[-6.582454,53.381891],[-6.582464,53.381882],[-6.582501,53.381796],[-6.582493,53.381688],[-6.582455,53.381648],[-6.582397,53.381602],[-6.582343,53.38158],[-6.582264,53.381579],[-6.582158,53.381577],[-6.582055,53.381543],[-6.581913,53.381545],[-6.581907,53.381429],[-6.581906,53.381368],[-6.582133,53.381365],[-6.58221,53.381364],[-6.582285,53.381361],[-6.582451,53.381358],[-6.582395,53.381306],[-6.58237,53.381305],[-6.582371,53.381197]],"type":"LineString"},"properties":{"hex_id":"89182c1a177ffff","service":"Pharmacy","dest_id":"2","dest_name":"McCartan's","walk_min":10.84,"distance_m":903}},{"type":"Feature","geometry":{"coordinates":[[-6.578126,53.387843],[-6.57832,53.38791],[-6.578168,53.388064],[-6.57811,53.388125],[-6.57808,53.388158],[-6.578014,53.388141],[-6.577967,53.388142],[-6.577825,53.388209],[-6.577766,53.38822],[-6.577708,53.388221],[-6.577587,53.388185],[-6.57749,53.388143],[-6.577439,53.388113],[-6.577362,53.388034],[-6.577285,53.387979],[-6.577173,53.387948],[-6.577036,53.387943],[-6.576947,53.387938],[-6.576802,53.387886],[-6.57671,53.387809],[-6.576164,53.387131],[-6.575399,53.386173],[-6.577023,53.385682],[-6.577468,53.385554],[-6.578466,53.385268],[-6.580431,53.384687],[-6.58099,53.384518],[-6.581785,53.384292],[-6.582691,53.38403],[-6.583201,53.383883],[-6.583674,53.383739],[-6.583518,53.383484],[-6.583493,53.383438],[-6.583306,53.383185],[-6.583148,53.383029],[-6.58297,53.382785],[-6.582731,53.382499],[-6.582623,53.382372],[-6.582565,53.382274],[-6.582487,53.382207],[-6.58253,53.382182],[-6.582554,53.382141],[-6.582563,53.382115],[-6.582581,53.382055],[-6.582504,53.382034],[-6.582466,53.382012],[-6.582441,53.381984],[-6.58243,53.381953],[-6.582435,53.381921],[-6.582454,53.381891],[-6.582464,53.381882],[-6.582501,53.381796],[-6.582493,53.381688],[-6.582455,53.381648],[-6.582397,53.381602],[-6.582343,53.38158],[-6.582264,53.381579],[-6.582158,53.381577],[-6.582055,53.381543],[-6.581913,53.381545],[-6.581907,53.381429],[-6.581906,53.381368],[-6.582133,53.381365],[-6.58221,53.381364],[-6.582285,53.381361],[-6.582451,53.381358],[-6.582395,53.381306],[-6.58237,53.381305],[-6.582371,53.381197]],"type":"LineString"},"properties":{"hex_id":"89182c1a173ffff","service":"Pharmacy","dest_id":"2","dest_name":"McCartan's","walk_min":16.21,"distance_m":1351}},{"type":"Feature","geometry":{"coordinates":[[-6.615305,53.379816],[-6.613216,53.379352],[-6.612753,53.379245],[-6.611711,53.379015],[-6.610483,53.378737],[-6.609871,53.378599],[-6.608414,53.378276],[-6.607431,53.378062],[-6.606378,53.377818],[-6.605499,53.37762],[-6.604388,53.377371],[-6.6032,53.377088],[-6.602653,53.376961],[-6.602122,53.376843],[-6.601545,53.376721],[-6.60096,53.37663],[-6.60038,53.37656],[-6.59976,53.37651],[-6.59908,53.376482],[-6.59844,53.376489],[-6.597857,53.376508],[-6.597619,53.376527],[-6.597185,53.376575],[-6.596996,53.376621],[-6.596958,53.376629],[-6.596816,53.376681],[-6.596761,53.376694],[-6.59656,53.376719],[-6.596519,53.376724],[-6.596434,53.376731],[-6.596393,53.376802],[-6.596385,53.37683],[-6.596337,53.376998],[-6.596193,53.377253],[-6.595998,53.37753],[-6.595886,53.377632],[-6.595674,53.377799],[-6.595418,53.377978],[-6.595202,53.3781],[-6.595066,53.378186],[-6.594994,53.378193],[-6.59495,53.378225],[-6.594725,53.378386],[-6.594582,53.378487],[-6.594365,53.378637],[-6.59413,53.378798],[-6.594029,53.378875],[-6.593954,53.378924],[-6.593911,53.378978],[-6.593847,53.379061],[-6.593754,53.379229],[-6.59372,53.379411],[-6.593754,53.379922],[-6.593762,53.38006],[-6.593756,53.380259],[-6.593753,53.380344],[-6.593751,53.380352],[-6.593732,53.380447],[-6.59369,53.380541],[-6.593603,53.380644],[-6.593519,53.38073],[-6.593441,53.380815],[-6.593388,53.380847],[-6.593256,53.380892],[-6.593131,53.380916],[-6.593013,53.380943],[-6.593006,53.380999],[-6.593003,53.381024],[-6.592999,53.38104],[-6.592982,53.381053],[-6.592897,53.381079],[-6.592878,53.381085],[-6.592858,53.381092],[-6.592818,53.381105],[-6.592924,53.381242],[-6.592948,53.38127],[-6.593186,53.381538],[-6.593241,53.381615],[-6.593238,53.381644],[-6.593222,53.381668],[-6.593331,53.381829],[-6.593504,53.382028],[-6.593517,53.382063],[-6.593542,53.382122],[-6.593569,53.382101],[-6.593653,53.382068],[-6.5937,53.382123],[-6.594396,53.381841]],"type":"LineString"},"properties":{"hex_id":"89182c1a36fffff","service":"Pharmacy","dest_id":"4","dest_name":"Hickey's Pharmacy","walk_min":25.19,"distance_m":2099}},{"type":"Feature","geometry":{"coordinates":[[-6.601987,53.397003],[-6.601903,53.396863],[-6.601472,53.396091],[-6.60145,53.39605],[-6.60127,53.395722],[-6.60092,53.395059],[-6.600571,53.394453],[-6.600025,53.393506],[-6.599935,53.393346],[-6.599818,53.393149],[-6.599788,53.39309],[-6.59965,53.393131],[-6.599601,53.393147],[-6.599549,53.393083],[-6.599587,53.393068],[-6.599601,53.393059],[-6.599607,53.393048],[-6.599612,53.393036],[-6.599617,53.393023],[-6.599594,53.392941],[-6.5994,53.392506],[-6.599344,53.392425],[-6.599167,53.3921],[-6.598825,53.391447],[-6.598797,53.391404],[-6.598582,53.391073],[-6.598364,53.390666],[-6.598215,53.390388],[-6.59792,53.389841],[-6.597633,53.389262],[-6.597544,53.389108],[-6.597416,53.388885],[-6.597346,53.388763],[-6.597235,53.388595],[-6.597134,53.388398],[-6.597079,53.388288],[-6.596926,53.387989],[-6.596915,53.387966],[-6.596513,53.387286],[-6.596235,53.386752],[-6.595918,53.386174],[-6.595774,53.385889],[-6.59573,53.385851],[-6.595682,53.38577],[-6.595587,53.385607],[-6.595518,53.38549],[-6.595462,53.38539],[-6.595181,53.384892],[-6.595028,53.384616],[-6.594915,53.384439],[-6.594666,53.383991],[-6.594609,53.383893],[-6.594445,53.383613],[-6.594386,53.383469],[-6.594162,53.383085],[-6.594131,53.383031],[-6.593948,53.382741],[-6.593875,53.382644],[-6.593801,53.382546],[-6.593668,53.382395],[-6.593494,53.382187],[-6.593421,53.382098],[-6.593458,53.382081],[-6.593517,53.382063],[-6.593542,53.382122],[-6.593569,53.382101],[-6.593653,53.382068],[-6.5937,53.382123],[-6.594396,53.381841]],"type":"LineString"},"properties":{"hex_id":"89182c1a3d7ffff","service":"Pharmacy","dest_id":"4","dest_name":"Hickey's Pharmacy","walk_min":22.41,"distance_m":1862}},{"type":"Feature","geometry":{"coordinates":[[-6.604904,53.385955],[-6.604609,53.385975],[-6.604351,53.385971],[-6.604242,53.38596],[-6.604149,53.38595],[-6.604095,53.385945],[-6.604088,53.385944],[-6.603778,53.385896],[-6.603725,53.385885],[-6.603673,53.385875],[-6.603622,53.385867],[-6.603592,53.385859],[-6.603556,53.385852],[-6.603454,53.385832],[-6.603384,53.38582],[-6.603326,53.385809],[-6.603265,53.385799],[-6.603222,53.385787],[-6.603034,53.385765],[-6.603022,53.38576],[-6.602706,53.385752],[-6.602521,53.385755],[-6.602375,53.385757],[-6.602221,53.385756],[-6.602093,53.385755],[-6.602024,53.385755],[-6.601943,53.385752],[-6.601892,53.385751],[-6.601508,53.385734],[-6.601359,53.385722],[-6.601289,53.385717],[-6.601159,53.385707],[-6.600683,53.385669],[-6.600459,53.385654],[-6.600155,53.385632],[-6.599883,53.385621],[-6.59978,53.385611],[-6.598742,53.385582],[-6.59861,53.385576],[-6.598586,53.385571],[-6.598476,53.385556],[-6.59833,53.385499],[-6.598215,53.385372],[-6.59821,53.385335],[-6.598123,53.385228],[-6.597989,53.385079],[-6.597796,53.384835],[-6.597775,53.384803],[-6.597755,53.384771],[-6.597431,53.3844],[-6.597371,53.384316],[-6.597146,53.384031],[-6.596983,53.384073],[-6.596496,53.38345],[-6.596104,53.382926],[-6.596136,53.382879],[-6.596075,53.382776],[-6.595925,53.382629],[-6.595842,53.382601],[-6.595827,53.382585],[-6.595738,53.382522],[-6.595655,53.382467],[-6.595349,53.38253],[-6.595164,53.382569],[-6.594804,53.382648],[-6.594525,53.38271],[-6.594411,53.382718],[-6.594331,53.382713],[-6.594255,53.382696],[-6.594227,53.382688],[-6.593985,53.382634],[-6.593915,53.382574],[-6.593805,53.382443],[-6.593721,53.382343],[-6.593542,53.382122],[-6.593569,53.382101],[-6.593653,53.382068],[-6.5937,53.382123],[-6.594396,53.381841]],"type":"LineString"},"properties":{"hex_id":"89182c1a303ffff","service":"Pharmacy","dest_id":"4","dest_name":"Hickey's Pharmacy","walk_min":13.15,"distance_m":1095}},{"type":"Feature","geometry":{"coordinates":[[-6.588173,53.368029],[-6.588189,53.36799],[-6.588258,53.367797],[-6.588217,53.367737],[-6.587705,53.367722],[-6.587415,53.367701],[-6.587098,53.367685],[-6.586998,53.367746],[-6.586916,53.367836],[-6.586824,53.367936],[-6.586692,53.368029],[-6.586547,53.368162],[-6.586892,53.368499],[-6.587178,53.368673],[-6.587493,53.368804],[-6.588038,53.368969],[-6.588284,53.369036],[-6.588363,53.369049],[-6.589788,53.369284],[-6.590835,53.369456],[-6.590817,53.369514],[-6.590897,53.369528],[-6.590783,53.369918],[-6.590722,53.370082],[-6.590625,53.370293],[-6.590588,53.370363],[-6.590516,53.370469],[-6.590511,53.370479],[-6.59043,53.370645],[-6.590355,53.370799],[-6.590298,53.370913],[-6.590192,53.37094],[-6.589631,53.371959],[-6.589425,53.371861],[-6.589358,53.37183],[-6.589297,53.372021],[-6.589221,53.372212],[-6.588259,53.373849],[-6.588249,53.373844],[-6.588113,53.373915],[-6.588021,53.373931],[-6.588273,53.374065],[-6.588226,53.374171]],"type":"LineString"},"properties":{"hex_id":"89182c1ae73ffff","service":"Pharmacy","dest_id":"6","dest_name":"St Patrick's Pharmacy","walk_min":13.44,"distance_m":1117}},{"type":"Feature","geometry":{"coordinates":[[-6.567742,53.361618],[-6.567318,53.361765],[-6.567027,53.361877],[-6.566947,53.361931],[-6.567134,53.362122],[-6.566726,53.362341],[-6.566516,53.362479],[-6.566326,53.362667],[-6.566111,53.363192],[-6.56613,53.363736],[-6.566097,53.364479],[-6.566075,53.364763],[-6.566048,53.365417],[-6.565996,53.366692],[-6.565991,53.366834],[-6.565997,53.366889],[-6.56604,53.366948],[-6.566102,53.366978],[-6.566183,53.366993],[-6.567038,53.367023],[-6.567547,53.367041],[-6.567762,53.367048],[-6.568705,53.367081],[-6.569815,53.367118],[-6.570872,53.367149],[-6.571138,53.367186],[-6.571245,53.367206],[-6.571755,53.367337],[-6.576137,53.368564],[-6.577226,53.368866],[-6.577593,53.368968],[-6.577924,53.36906],[-6.578873,53.369323],[-6.579422,53.369476],[-6.579633,53.369537],[-6.579694,53.369554],[-6.579787,53.369581],[-6.579877,53.369605],[-6.579905,53.369613],[-6.580014,53.369642],[-6.580281,53.369713],[-6.580514,53.369783],[-6.580725,53.369846],[-6.580801,53.369876],[-6.58094,53.369931],[-6.581101,53.370009],[-6.581186,53.370056],[-6.581284,53.370112],[-6.58133,53.370139],[-6.581384,53.37017],[-6.581752,53.370418],[-6.581926,53.370553],[-6.582131,53.370708],[-6.582514,53.370994],[-6.58369,53.371912],[-6.583998,53.372152],[-6.584367,53.372455],[-6.584595,53.372356],[-6.585114,53.372754],[-6.586199,53.373588],[-6.586312,53.373669],[-6.586612,53.373911],[-6.586718,53.374002],[-6.586791,53.374005],[-6.587096,53.373865],[-6.587183,53.373826],[-6.58731,53.373929],[-6.587736,53.373736],[-6.588021,53.373931],[-6.588273,53.374065],[-6.588226,53.374171]],"type":"LineString"},"properties":{"hex_id":"89182c1a8cbffff","service":"Pharmacy","dest_id":"6","dest_name":"St Patrick's Pharmacy","walk_min":29.73,"distance_m":2475}},{"type":"Feature","geometry":{"coordinates":[[-6.567796,53.386378],[-6.567807,53.386391],[-6.567885,53.386647],[-6.567893,53.386841],[-6.567771,53.387167],[-6.567894,53.387242],[-6.568041,53.387304],[-6.568121,53.387336],[-6.568511,53.387386],[-6.568984,53.387388],[-6.569312,53.387389],[-6.569656,53.387392],[-6.569867,53.38738],[-6.570305,53.387339],[-6.570484,53.387318],[-6.570596,53.387308],[-6.571064,53.387238],[-6.571607,53.387146],[-6.572107,53.387043],[-6.572707,53.386914],[-6.573289,53.386758],[-6.573734,53.38663],[-6.574247,53.386485],[-6.574769,53.386335],[-6.575206,53.386232],[-6.575328,53.386194],[-6.575399,53.386173],[-6.577023,53.385682],[-6.577468,53.385554],[-6.578466,53.385268],[-6.580431,53.384687],[-6.58099,53.384518],[-6.581785,53.384292],[-6.582691,53.38403],[-6.583201,53.383883],[-6.583674,53.383739],[-6.583518,53.383484],[-6.583493,53.383438],[-6.583306,53.383185],[-6.583148,53.383029],[-6.58297,53.382785],[-6.582731,53.382499],[-6.582623,53.382372],[-6.582565,53.382274],[-6.582487,53.382207],[-6.58253,53.382182],[-6.582554,53.382141],[-6.582563,53.382115],[-6.582581,53.382055],[-6.582504,53.382034],[-6.582466,53.382012],[-6.582441,53.381984],[-6.58243,53.381953],[-6.582435,53.381921],[-6.582454,53.381891],[-6.582464,53.381882],[-6.582501,53.381796],[-6.582493,53.381688],[-6.582455,53.381648],[-6.582397,53.381602],[-6.582343,53.38158],[-6.582264,53.381579],[-6.582158,53.381577],[-6.582055,53.381543],[-6.581913,53.381545],[-6.581907,53.381429],[-6.581906,53.381368],[-6.582133,53.381365],[-6.58221,53.381364],[-6.582285,53.381361],[-6.582451,53.381358],[-6.582395,53.381306],[-6.58237,53.381305],[-6.582371,53.381197]],"type":"LineString"},"properties":{"hex_id":"89182c1a13bffff","service":"Pharmacy","dest_id":"2","dest_name":"McCartan's","walk_min":19.43,"distance_m":1619}},{"type":"Feature","geometry":{"coordinates":[[-6.579557,53.384945],[-6.580431,53.384687],[-6.58099,53.384518],[-6.581785,53.384292],[-6.582691,53.38403],[-6.583201,53.383883],[-6.583674,53.383739],[-6.583518,53.383484],[-6.583493,53.383438],[-6.583306,53.383185],[-6.583148,53.383029],[-6.58297,53.382785],[-6.582731,53.382499],[-6.582623,53.382372],[-6.582565,53.382274],[-6.582487,53.382207],[-6.58253,53.382182],[-6.582554,53.382141],[-6.582563,53.382115],[-6.582581,53.382055],[-6.582504,53.382034],[-6.582466,53.382012],[-6.582441,53.381984],[-6.58243,53.381953],[-6.582435,53.381921],[-6.582454,53.381891],[-6.582464,53.381882],[-6.582501,53.381796],[-6.582493,53.381688],[-6.582455,53.381648],[-6.582397,53.381602],[-6.582343,53.38158],[-6.582264,53.381579],[-6.582158,53.381577],[-6.582055,53.381543],[-6.581913,53.381545],[-6.581907,53.381429],[-6.581906,53.381368],[-6.582133,53.381365],[-6.58221,53.381364],[-6.582285,53.381361],[-6.582451,53.381358],[-6.582395,53.381306],[-6.58237,53.381305],[-6.582371,53.381197]],"type":"LineString"},"properties":{"hex_id":"89182c1a163ffff","service":"Pharmacy","dest_id":"2","dest_name":"McCartan's","walk_min":8.17,"distance_m":681}},{"type":"Feature","geometry":{"coordinates":[[-6.565101,53.367451],[-6.5651,53.367433],[-6.565185,53.367356],[-6.565237,53.367358],[-6.565374,53.367408],[-6.565615,53.367186],[-6.565697,53.367064],[-6.565742,53.367015],[-6.56577,53.366986],[-6.565873,53.366987],[-6.56604,53.366948],[-6.566102,53.366978],[-6.566183,53.366993],[-6.567038,53.367023],[-6.567547,53.367041],[-6.567762,53.367048],[-6.568705,53.367081],[-6.569815,53.367118],[-6.570872,53.367149],[-6.571138,53.367186],[-6.571245,53.367206],[-6.571755,53.367337],[-6.576137,53.368564],[-6.577226,53.368866],[-6.577593,53.368968],[-6.577924,53.36906],[-6.578873,53.369323],[-6.579422,53.369476],[-6.579633,53.369537],[-6.579694,53.369554],[-6.579787,53.369581],[-6.579877,53.369605],[-6.579905,53.369613],[-6.580014,53.369642],[-6.580281,53.369713],[-6.580514,53.369783],[-6.580725,53.369846],[-6.580801,53.369876],[-6.58094,53.369931],[-6.581101,53.370009],[-6.581186,53.370056],[-6.581284,53.370112],[-6.58133,53.370139],[-6.581384,53.37017],[-6.581752,53.370418],[-6.581926,53.370553],[-6.582131,53.370708],[-6.582514,53.370994],[-6.58369,53.371912],[-6.583998,53.372152],[-6.584367,53.372455],[-6.584595,53.372356],[-6.585114,53.372754],[-6.586199,53.373588],[-6.586312,53.373669],[-6.586612,53.373911],[-6.586718,53.374002],[-6.586791,53.374005],[-6.587096,53.373865],[-6.587183,53.373826],[-6.58731,53.373929],[-6.587736,53.373736],[-6.588021,53.373931],[-6.588273,53.374065],[-6.588226,53.374171]],"type":"LineString"},"properties":{"hex_id":"89182c1aea7ffff","service":"Pharmacy","dest_id":"6","dest_name":"St Patrick's Pharmacy","walk_min":23.14,"distance_m":1925}},{"type":"Feature","geometry":{"coordinates":[[-6.607474,53.377206],[-6.607737,53.377072],[-6.607797,53.377041],[-6.607661,53.376949],[-6.607541,53.376855],[-6.607427,53.376764],[-6.607195,53.376551],[-6.607099,53.376469],[-6.606784,53.376255],[-6.606709,53.376194],[-6.606633,53.376106],[-6.606597,53.376008],[-6.6066,53.375901],[-6.606664,53.375745],[-6.60667,53.375712],[-6.606672,53.375676],[-6.606637,53.375591],[-6.606542,53.375441],[-6.606282,53.375482],[-6.60615,53.375505],[-6.606037,53.375531],[-6.605949,53.375565],[-6.605493,53.375844],[-6.605308,53.375967],[-6.605005,53.375774],[-6.604723,53.375587],[-6.604423,53.375391],[-6.604284,53.375304],[-6.604299,53.375266],[-6.604307,53.375244],[-6.604299,53.375221],[-6.604279,53.3752],[-6.604248,53.375178],[-6.60416,53.375131],[-6.604031,53.375057],[-6.603986,53.375016],[-6.603913,53.374907],[-6.603903,53.37487],[-6.603595,53.374908],[-6.603286,53.374937],[-6.603093,53.374954],[-6.602882,53.37499],[-6.602841,53.374999],[-6.602646,53.375051],[-6.602426,53.375119],[-6.602275,53.375172],[-6.602107,53.375231],[-6.601975,53.375276],[-6.601795,53.37533],[-6.601501,53.375398],[-6.601255,53.375434],[-6.600891,53.375457],[-6.60059,53.375475],[-6.60042,53.375491],[-6.60025,53.375498],[-6.600186,53.375502],[-6.599997,53.37551],[-6.599851,53.375514],[-6.599775,53.375516],[-6.599617,53.37552],[-6.599303,53.375539],[-6.599247,53.375542],[-6.599085,53.375554],[-6.59899,53.375574],[-6.598749,53.375602],[-6.598599,53.375625],[-6.597823,53.375719],[-6.597725,53.375723],[-6.597651,53.375726],[-6.597606,53.375734],[-6.597555,53.375743],[-6.597474,53.375757],[-6.597108,53.375732],[-6.596905,53.375713],[-6.59672,53.375794],[-6.596696,53.375914],[-6.596676,53.376072],[-6.596661,53.376177],[-6.596653,53.376216],[-6.596558,53.376485],[-6.596542,53.376516],[-6.596466,53.376512],[-6.596459,53.376529],[-6.596401,53.376676],[-6.596289,53.376945],[-6.596177,53.377153],[-6.596063,53.377312],[-6.595866,53.377511],[-6.595847,53.377529],[-6.595794,53.377579],[-6.59547,53.377849],[-6.595366,53.377922],[-6.595302,53.377967],[-6.594994,53.378193],[-6.59495,53.378225],[-6.594725,53.378386],[-6.594582,53.378487],[-6.594365,53.378637],[-6.59413,53.378798],[-6.594029,53.378875],[-6.593954,53.378924],[-6.593911,53.378978],[-6.593847,53.379061],[-6.593754,53.379229],[-6.59372,53.379411],[-6.593754,53.379922],[-6.593762,53.38006],[-6.593756,53.380259],[-6.593753,53.380344],[-6.593751,53.380352],[-6.593732,53.380447],[-6.59369,53.380541],[-6.593603,53.380644],[-6.593519,53.38073],[-6.593441,53.380815],[-6.593388,53.380847],[-6.593256,53.380892],[-6.593131,53.380916],[-6.593013,53.380943],[-6.593006,53.380999],[-6.593003,53.381024],[-6.592999,53.38104],[-6.592982,53.381053],[-6.592897,53.381079],[-6.592878,53.381085],[-6.592858,53.381092],[-6.592818,53.381105],[-6.592924,53.381242],[-6.592948,53.38127],[-6.593186,53.381538],[-6.593241,53.381615],[-6.593238,53.381644],[-6.593222,53.381668],[-6.593331,53.381829],[-6.593504,53.382028],[-6.593517,53.382063],[-6.593542,53.382122],[-6.593569,53.382101],[-6.593653,53.382068],[-6.5937,53.382123],[-6.594396,53.381841]],"type":"LineString"},"properties":{"hex_id":"89182c18593ffff","service":"Pharmacy","dest_id":"4","dest_name":"Hickey's Pharmacy","walk_min":22.48,"distance_m":1874}},{"type":"Feature","geometry":{"coordinates":[[-6.599085,53.375554],[-6.59899,53.375574],[-6.598749,53.375602],[-6.598599,53.375625],[-6.597823,53.375719],[-6.597725,53.375723],[-6.597651,53.375726],[-6.597606,53.375734],[-6.597555,53.375743],[-6.597474,53.375757],[-6.597108,53.375732],[-6.596905,53.375713],[-6.59672,53.375794],[-6.596696,53.375914],[-6.596676,53.376072],[-6.596661,53.376177],[-6.596653,53.376216],[-6.596558,53.376485],[-6.596542,53.376516],[-6.596466,53.376512],[-6.596459,53.376529],[-6.596401,53.376676],[-6.596289,53.376945],[-6.596177,53.377153],[-6.596063,53.377312],[-6.595866,53.377511],[-6.595847,53.377529],[-6.595794,53.377579],[-6.59547,53.377849],[-6.595366,53.377922],[-6.595302,53.377967],[-6.594994,53.378193],[-6.59495,53.378225],[-6.594725,53.378386],[-6.594582,53.378487],[-6.594365,53.378637],[-6.59413,53.378798],[-6.594029,53.378875],[-6.593954,53.378924],[-6.593911,53.378978],[-6.593847,53.379061],[-6.593754,53.379229],[-6.59372,53.379411],[-6.593754,53.379922],[-6.593762,53.38006],[-6.593756,53.380259],[-6.593753,53.380344],[-6.593751,53.380352],[-6.593732,53.380447],[-6.59369,53.380541],[-6.593603,53.380644],[-6.593519,53.38073],[-6.593441,53.380815],[-6.593388,53.380847],[-6.593256,53.380892],[-6.593131,53.380916],[-6.593013,53.380943],[-6.593006,53.380999],[-6.593003,53.381024],[-6.592999,53.38104],[-6.592982,53.381053],[-6.592897,53.381079],[-6.592878,53.381085],[-6.592858,53.381092],[-6.592818,53.381105],[-6.592924,53.381242],[-6.592948,53.38127],[-6.593186,53.381538],[-6.593241,53.381615],[-6.593238,53.381644],[-6.593222,53.381668],[-6.593331,53.381829],[-6.593504,53.382028],[-6.593517,53.382063],[-6.593542,53.382122],[-6.593569,53.382101],[-6.593653,53.382068],[-6.5937,53.382123],[-6.594396,53.381841]],"type":"LineString"},"properties":{"hex_id":"89182c1ae5bffff","service":"Pharmacy","dest_id":"4","dest_name":"Hickey's Pharmacy","walk_min":12.51,"distance_m":1043}},{"type":"Feature","geometry":{"coordinates":[[-6.581079,53.381996],[-6.581193,53.38201],[-6.581215,53.381943],[-6.582316,53.382058],[-6.582316,53.382021],[-6.582309,53.381972],[-6.582298,53.381929],[-6.582358,53.381918],[-6.582454,53.381891],[-6.582464,53.381882],[-6.582501,53.381796],[-6.582493,53.381688],[-6.582455,53.381648],[-6.582397,53.381602],[-6.582343,53.38158],[-6.582264,53.381579],[-6.582158,53.381577],[-6.582055,53.381543],[-6.581913,53.381545],[-6.581907,53.381429],[-6.581906,53.381368],[-6.582133,53.381365],[-6.58221,53.381364],[-6.582285,53.381361],[-6.582451,53.381358],[-6.582395,53.381306],[-6.58237,53.381305],[-6.582371,53.381197]],"type":"LineString"},"properties":{"hex_id":"89182c1a16fffff","service":"Pharmacy","dest_id":"2","dest_name":"McCartan's","walk_min":3.13,"distance_m":261}},{"type":"Feature","geometry":{"coordinates":[[-6.585627,53.373596],[-6.585729,53.373673],[-6.586249,53.374074],[-6.58638,53.374014],[-6.586612,53.373911],[-6.586718,53.374002],[-6.586791,53.374005],[-6.587096,53.373865],[-6.587183,53.373826],[-6.58731,53.373929],[-6.587736,53.373736],[-6.588021,53.373931],[-6.588273,53.374065],[-6.588226,53.374171]],"type":"LineString"},"properties":{"hex_id":"89182c1ae1bffff","service":"Pharmacy","dest_id":"6","dest_name":"St Patrick's Pharmacy","walk_min":3.13,"distance_m":261}},{"type":"Feature","geometry":{"coordinates":[[-6.592174,53.378716],[-6.592174,53.378716],[-6.592136,53.378802],[-6.592064,53.378957],[-6.591997,53.379101],[-6.591927,53.379081],[-6.591867,53.379197],[-6.591826,53.379185],[-6.591807,53.379228],[-6.591793,53.379261],[-6.59179,53.379289],[-6.591848,53.379386],[-6.591792,53.3794],[-6.591763,53.379409],[-6.591601,53.379457],[-6.591554,53.379472],[-6.59146,53.379509],[-6.591423,53.379537],[-6.591381,53.379572],[-6.591294,53.379472],[-6.591065,53.379542],[-6.590482,53.379749],[-6.589636,53.380136],[-6.589519,53.380187],[-6.589412,53.380231],[-6.589385,53.380212],[-6.589363,53.380196],[-6.589345,53.380183],[-6.58928,53.380213],[-6.589253,53.380224],[-6.589271,53.380241],[-6.589278,53.380263],[-6.589269,53.38028],[-6.589256,53.38029],[-6.589235,53.380307],[-6.589198,53.380312],[-6.589167,53.380309],[-6.589131,53.380294],[-6.589104,53.380266],[-6.588999,53.380287],[-6.588921,53.380303],[-6.588837,53.380305],[-6.588792,53.380313],[-6.588722,53.380326],[-6.588719,53.38032],[-6.588712,53.380312],[-6.58869,53.380301],[-6.588662,53.380305],[-6.588618,53.380217],[-6.587887,53.380343],[-6.587926,53.380443],[-6.587959,53.380464],[-6.588361,53.380395]],"type":"LineString"},"properties":{"hex_id":"89182c1aecbffff","service":"Pharmacy","dest_id":"3","dest_name":"Callagy's","walk_min":5.56,"distance_m":463}},{"type":"Feature","geometry":{"coordinates":[[-6.579453,53.377031],[-6.579458,53.377021],[-6.579536,53.376967],[-6.579605,53.376965],[-6.579689,53.377],[-6.579749,53.377071],[-6.579919,53.377595],[-6.580004,53.377586],[-6.580047,53.377721],[-6.580467,53.377681],[-6.580879,53.377635],[-6.581475,53.37756],[-6.581642,53.377979],[-6.581631,53.37807],[-6.581743,53.378054],[-6.581836,53.378295],[-6.581898,53.378287],[-6.5824,53.378222],[-6.582736,53.37818],[-6.582899,53.378159],[-6.583506,53.378079],[-6.583559,53.378072],[-6.583908,53.378031],[-6.584789,53.377936],[-6.585229,53.377891],[-6.585783,53.377844],[-6.586366,53.377825],[-6.586573,53.377821],[-6.587073,53.377813],[-6.587414,53.377807],[-6.587449,53.377806],[-6.587531,53.378021],[-6.587616,53.378218],[-6.587658,53.378319],[-6.587719,53.378437],[-6.588001,53.378907],[-6.588066,53.379],[-6.588023,53.379],[-6.588028,53.37903],[-6.588349,53.37946],[-6.588428,53.379539],[-6.588481,53.379637],[-6.588788,53.379929],[-6.588763,53.379938],[-6.588697,53.3799],[-6.588633,53.379931],[-6.588604,53.379946],[-6.58864,53.379977],[-6.588424,53.380107],[-6.588317,53.38012],[-6.588248,53.380122],[-6.588173,53.380115],[-6.588106,53.380119],[-6.588041,53.380136],[-6.58795,53.380142],[-6.587832,53.380163],[-6.587691,53.380198],[-6.587717,53.380229],[-6.587859,53.380246],[-6.587898,53.380331],[-6.587906,53.380349],[-6.587959,53.380464],[-6.588361,53.380395]],"type":"LineString"},"properties":{"hex_id":"89182c1ae8bffff","service":"Pharmacy","dest_id":"3","dest_name":"Callagy's","walk_min":13.12,"distance_m":1094}},{"type":"Feature","geometry":{"coordinates":[[-6.580681,53.365944],[-6.580744,53.36588],[-6.580809,53.365825],[-6.580997,53.365685],[-6.580869,53.36552],[-6.580737,53.36534],[-6.58064,53.365371],[-6.580634,53.365325],[-6.580672,53.365227],[-6.580729,53.365186],[-6.580801,53.365179],[-6.580799,53.365232],[-6.58247,53.365237],[-6.582469,53.365221],[-6.58266,53.36522],[-6.582657,53.365082],[-6.582803,53.365082],[-6.582801,53.365143],[-6.582929,53.36515],[-6.583009,53.365154],[-6.582985,53.365242],[-6.582946,53.365382],[-6.582918,53.365485],[-6.582895,53.365567],[-6.582863,53.365682],[-6.582975,53.365693],[-6.583552,53.365748],[-6.584128,53.365803],[-6.584226,53.365813],[-6.584161,53.366067],[-6.584159,53.366112],[-6.585525,53.366146],[-6.586916,53.366171],[-6.587917,53.366186],[-6.588838,53.366202],[-6.588948,53.366204],[-6.589058,53.366232],[-6.589128,53.366234],[-6.589215,53.366237],[-6.589287,53.366221],[-6.589353,53.366222],[-6.589511,53.36621],[-6.58981,53.366136],[-6.589968,53.366047],[-6.590249,53.365806],[-6.590386,53.365596],[-6.590431,53.365553],[-6.590621,53.365562],[-6.59075,53.365603],[-6.590804,53.365642],[-6.59089,53.365675],[-6.590991,53.365688],[-6.591107,53.365725],[-6.591257,53.36581],[-6.591299,53.365914],[-6.591323,53.366122],[-6.591277,53.366683],[-6.591274,53.366796],[-6.591251,53.367314],[-6.591217,53.367553],[-6.591211,53.367656],[-6.591165,53.368273],[-6.591132,53.368544],[-6.590931,53.369334],[-6.590907,53.369468],[-6.590897,53.369528],[-6.590783,53.369918],[-6.590722,53.370082],[-6.590625,53.370293],[-6.590588,53.370363],[-6.590516,53.370469],[-6.590511,53.370479],[-6.59043,53.370645],[-6.590355,53.370799],[-6.590298,53.370913],[-6.590192,53.37094],[-6.589631,53.371959],[-6.589425,53.371861],[-6.589358,53.37183],[-6.589297,53.372021],[-6.589221,53.372212],[-6.588259,53.373849],[-6.588249,53.373844],[-6.588113,53.373915],[-6.588021,53.373931],[-6.588273,53.374065],[-6.588226,53.374171]],"type":"LineString"},"properties":{"hex_id":"89182c1ae3bffff","service":"Pharmacy","dest_id":"6","dest_name":"St Patrick's Pharmacy","walk_min":24.22,"distance_m":2012}},{"type":"Feature","geometry":{"coordinates":[[-6.576762,53.377115],[-6.576368,53.377575],[-6.575875,53.378401],[-6.57653,53.378546],[-6.577773,53.378827],[-6.578077,53.378805],[-6.578379,53.378767],[-6.578655,53.378728],[-6.579673,53.378595],[-6.580136,53.378524],[-6.580291,53.378502],[-6.580642,53.378454],[-6.581206,53.378376],[-6.581836,53.378295],[-6.581898,53.378287],[-6.5824,53.378222],[-6.582736,53.37818],[-6.582899,53.378159],[-6.583506,53.378079],[-6.583559,53.378072],[-6.583908,53.378031],[-6.584789,53.377936],[-6.585229,53.377891],[-6.585783,53.377844],[-6.586366,53.377825],[-6.586573,53.377821],[-6.587073,53.377813],[-6.587414,53.377807],[-6.587449,53.377806],[-6.587531,53.378021],[-6.587616,53.378218],[-6.587658,53.378319],[-6.587719,53.378437],[-6.588001,53.378907],[-6.588066,53.379],[-6.588023,53.379],[-6.588028,53.37903],[-6.588349,53.37946],[-6.588428,53.379539],[-6.588481,53.379637],[-6.588788,53.379929],[-6.588763,53.379938],[-6.588697,53.3799],[-6.588633,53.379931],[-6.588604,53.379946],[-6.58864,53.379977],[-6.588424,53.380107],[-6.588317,53.38012],[-6.588248,53.380122],[-6.588173,53.380115],[-6.588106,53.380119],[-6.588041,53.380136],[-6.58795,53.380142],[-6.587832,53.380163],[-6.587691,53.380198],[-6.587717,53.380229],[-6.587859,53.380246],[-6.587898,53.380331],[-6.587906,53.380349],[-6.587959,53.380464],[-6.588361,53.380395]],"type":"LineString"},"properties":{"hex_id":"89182c1ae8fffff","service":"Pharmacy","dest_id":"3","dest_name":"Callagy's","walk_min":16.33,"distance_m":1361}},{"type":"Feature","geometry":{"coordinates":[[-6.60993,53.379494],[-6.60994,53.379675],[-6.609722,53.380012],[-6.609577,53.380236],[-6.609503,53.380327],[-6.609381,53.380537],[-6.609268,53.38069],[-6.609181,53.380813],[-6.609037,53.381095],[-6.608984,53.381185],[-6.608939,53.381278],[-6.6089,53.38134],[-6.608895,53.381349],[-6.60888,53.381371],[-6.608822,53.381535],[-6.6088,53.381597],[-6.608746,53.381754],[-6.608737,53.381811],[-6.608729,53.381846],[-6.60872,53.381923],[-6.608643,53.382005],[-6.608506,53.382041],[-6.608521,53.381954],[-6.608527,53.381924],[-6.608594,53.381733],[-6.608601,53.381665],[-6.608029,53.381644],[-6.607472,53.38161],[-6.60652,53.381542],[-6.60616,53.381529],[-6.605703,53.381523],[-6.605678,53.381523],[-6.605651,53.381524],[-6.60563,53.381524],[-6.605138,53.381538],[-6.604679,53.38157],[-6.604512,53.381587],[-6.603872,53.381653],[-6.603332,53.38172],[-6.602779,53.381783],[-6.602574,53.38181],[-6.601772,53.381892],[-6.601532,53.381916],[-6.601527,53.381951],[-6.601504,53.381984],[-6.601467,53.382011],[-6.601417,53.382031],[-6.60136,53.382041],[-6.601374,53.38208],[-6.601238,53.382055],[-6.600986,53.382008],[-6.599714,53.382101],[-6.599357,53.382127],[-6.599222,53.382137],[-6.598387,53.382197],[-6.598259,53.382208],[-6.597858,53.382252],[-6.597599,53.382279],[-6.597115,53.382345],[-6.595827,53.382585],[-6.595738,53.382522],[-6.595655,53.382467],[-6.595349,53.38253],[-6.595164,53.382569],[-6.594804,53.382648],[-6.594525,53.38271],[-6.594411,53.382718],[-6.594331,53.382713],[-6.594255,53.382696],[-6.594227,53.382688],[-6.593985,53.382634],[-6.593915,53.382574],[-6.593805,53.382443],[-6.593721,53.382343],[-6.593542,53.382122],[-6.593569,53.382101],[-6.593653,53.382068],[-6.5937,53.382123],[-6.594396,53.381841]],"type":"LineString"},"properties":{"hex_id":"89182c1a367ffff","service":"Pharmacy","dest_id":"4","dest_name":"Hickey's Pharmacy","walk_min":17.94,"distance_m":1495}},{"type":"Feature","geometry":{"coordinates":[[-6.605825,53.379615],[-6.605155,53.379644],[-6.604877,53.379661],[-6.604569,53.379671],[-6.604046,53.379729],[-6.602044,53.37998],[-6.601744,53.380029],[-6.601536,53.380075],[-6.601499,53.380081],[-6.601329,53.380127],[-6.601154,53.380173],[-6.600807,53.380293],[-6.600595,53.38035],[-6.599999,53.380508],[-6.599781,53.380565],[-6.59961,53.380628],[-6.599471,53.380665],[-6.599372,53.380692],[-6.599353,53.380698],[-6.599179,53.380743],[-6.599134,53.380753],[-6.599056,53.380773],[-6.598889,53.380817],[-6.598762,53.380856],[-6.598629,53.380893],[-6.598557,53.380888],[-6.598491,53.380873],[-6.598447,53.380856],[-6.598376,53.380826],[-6.598305,53.380754],[-6.598198,53.380633],[-6.598131,53.380554],[-6.597942,53.380563],[-6.597812,53.380572],[-6.597713,53.380579],[-6.597596,53.380589],[-6.597549,53.380593],[-6.597096,53.380617],[-6.59695,53.380621],[-6.5967,53.380638],[-6.59647,53.380649],[-6.596424,53.38065],[-6.596169,53.380658],[-6.596048,53.380678],[-6.5959,53.380688],[-6.595523,53.380705],[-6.595485,53.380708],[-6.595073,53.380739],[-6.594878,53.380728],[-6.594756,53.380679],[-6.59472,53.38066],[-6.594697,53.380646],[-6.594613,53.380596],[-6.594546,53.380546],[-6.59451,53.380558],[-6.594467,53.380569],[-6.594345,53.380622],[-6.594301,53.380635],[-6.594234,53.380655],[-6.594014,53.380702],[-6.593844,53.380737],[-6.593773,53.380751],[-6.593743,53.380757],[-6.593656,53.380757],[-6.593575,53.380779],[-6.593441,53.380815],[-6.593388,53.380847],[-6.593256,53.380892],[-6.593131,53.380916],[-6.593013,53.380943],[-6.593006,53.380999],[-6.593003,53.381024],[-6.592999,53.38104],[-6.592982,53.381053],[-6.592897,53.381079],[-6.592878,53.381085],[-6.592858,53.381092],[-6.592818,53.381105],[-6.592924,53.381242],[-6.592948,53.38127],[-6.593186,53.381538],[-6.593241,53.381615],[-6.593238,53.381644],[-6.593222,53.381668],[-6.593331,53.381829],[-6.593504,53.382028],[-6.593517,53.382063],[-6.593542,53.382122],[-6.593569,53.382101],[-6.593653,53.382068],[-6.5937,53.382123],[-6.594396,53.381841]],"type":"LineString"},"properties":{"hex_id":"89182c1a32bffff","service":"Pharmacy","dest_id":"4","dest_name":"Hickey's Pharmacy","walk_min":13.69,"distance_m":1141}},{"type":"Feature","geometry":{"coordinates":[[-6.595927,53.380807],[-6.595893,53.380851],[-6.595785,53.380822],[-6.595704,53.380811],[-6.595621,53.380791],[-6.595537,53.380779],[-6.595495,53.3808],[-6.595447,53.380838],[-6.595409,53.380863],[-6.595346,53.380878],[-6.595256,53.380917],[-6.595195,53.380903],[-6.595157,53.380887],[-6.595116,53.380869],[-6.5951,53.380829],[-6.595055,53.380811],[-6.59501,53.380802],[-6.594947,53.380791],[-6.594859,53.380788],[-6.594814,53.380788],[-6.594756,53.38077],[-6.594715,53.380759],[-6.594683,53.380732],[-6.59472,53.38066],[-6.594697,53.380646],[-6.594613,53.380596],[-6.594546,53.380546],[-6.59451,53.380558],[-6.594467,53.380569],[-6.594345,53.380622],[-6.594301,53.380635],[-6.594234,53.380655],[-6.594014,53.380702],[-6.593844,53.380737],[-6.593773,53.380751],[-6.593743,53.380757],[-6.593656,53.380757],[-6.593575,53.380779],[-6.593441,53.380815],[-6.593388,53.380847],[-6.593256,53.380892],[-6.593131,53.380916],[-6.593013,53.380943],[-6.593006,53.380999],[-6.593003,53.381024],[-6.592999,53.38104],[-6.592982,53.381053],[-6.592897,53.381079],[-6.592878,53.381085],[-6.592858,53.381092],[-6.592818,53.381105],[-6.592924,53.381242],[-6.592948,53.38127],[-6.593186,53.381538],[-6.593241,53.381615],[-6.593238,53.381644],[-6.593222,53.381668],[-6.593331,53.381829],[-6.593504,53.382028],[-6.593517,53.382063],[-6.593542,53.382122],[-6.593569,53.382101],[-6.593653,53.382068],[-6.5937,53.382123],[-6.594396,53.381841]],"type":"LineString"},"properties":{"hex_id":"89182c1a337ffff","service":"Pharmacy","dest_id":"4","dest_name":"Hickey's Pharmacy","walk_min":5.54,"distance_m":462}},{"type":"Feature","geometry":{"coordinates":[[-6.587031,53.370763],[-6.587553,53.37099],[-6.587692,53.371039],[-6.587801,53.371031],[-6.587895,53.370981],[-6.58834,53.370629],[-6.588898,53.370868],[-6.58862,53.37139],[-6.588626,53.371439],[-6.58863,53.37147],[-6.588697,53.371535],[-6.58914,53.371735],[-6.589265,53.371966],[-6.589297,53.372021],[-6.589221,53.372212],[-6.588259,53.373849],[-6.588249,53.373844],[-6.588113,53.373915],[-6.588021,53.373931],[-6.588273,53.374065],[-6.588226,53.374171]],"type":"LineString"},"properties":{"hex_id":"89182c1ae0bffff","service":"Pharmacy","dest_id":"6","dest_name":"St Patrick's Pharmacy","walk_min":6.98,"distance_m":582}},{"type":"Feature","geometry":{"coordinates":[[-6.601629,53.387277],[-6.601003,53.387033],[-6.600894,53.387122],[-6.600859,53.387146],[-6.600777,53.387176],[-6.600573,53.387153],[-6.60043,53.387111],[-6.600165,53.386994],[-6.599954,53.386919],[-6.599085,53.386606],[-6.599123,53.386565],[-6.598716,53.38641],[-6.598625,53.386377],[-6.598758,53.386243],[-6.598917,53.386114],[-6.599035,53.385998],[-6.599025,53.385993],[-6.599017,53.385986],[-6.599013,53.385978],[-6.599013,53.38597],[-6.599017,53.385962],[-6.599024,53.385955],[-6.598939,53.385918],[-6.598891,53.385893],[-6.59881,53.385859],[-6.598796,53.385857],[-6.598731,53.385833],[-6.598614,53.385784],[-6.598504,53.385735],[-6.598471,53.385717],[-6.598465,53.385673],[-6.598468,53.385609],[-6.598476,53.385556],[-6.59833,53.385499],[-6.598215,53.385372],[-6.59821,53.385335],[-6.598123,53.385228],[-6.597989,53.385079],[-6.597796,53.384835],[-6.597775,53.384803],[-6.597755,53.384771],[-6.597431,53.3844],[-6.597371,53.384316],[-6.597146,53.384031],[-6.596983,53.384073],[-6.596496,53.38345],[-6.596104,53.382926],[-6.596136,53.382879],[-6.596075,53.382776],[-6.595925,53.382629],[-6.595842,53.382601],[-6.595827,53.382585],[-6.595738,53.382522],[-6.595655,53.382467],[-6.595349,53.38253],[-6.595164,53.382569],[-6.594804,53.382648],[-6.594525,53.38271],[-6.594411,53.382718],[-6.594331,53.382713],[-6.594255,53.382696],[-6.594227,53.382688],[-6.593985,53.382634],[-6.593915,53.382574],[-6.593805,53.382443],[-6.593721,53.382343],[-6.593542,53.382122],[-6.593569,53.382101],[-6.593653,53.382068],[-6.5937,53.382123],[-6.594396,53.381841]],"type":"LineString"},"properties":{"hex_id":"89182c1a3c7ffff","service":"Pharmacy","dest_id":"4","dest_name":"Hickey's Pharmacy","walk_min":12.54,"distance_m":1028}},{"type":"Feature","geometry":{"coordinates":[[-6.593697,53.375922],[-6.593697,53.375922],[-6.593176,53.3761],[-6.593105,53.376142],[-6.593079,53.376184],[-6.593095,53.376235],[-6.593234,53.376328],[-6.593034,53.376464],[-6.592793,53.37658],[-6.592665,53.376626],[-6.592251,53.376747],[-6.591837,53.376883],[-6.591749,53.376912],[-6.59111,53.377102],[-6.590576,53.377269],[-6.590175,53.377393],[-6.589986,53.377447],[-6.589497,53.377599],[-6.589386,53.377616],[-6.589258,53.377624],[-6.589006,53.377589],[-6.588327,53.37761],[-6.588092,53.377579],[-6.587904,53.377527],[-6.587699,53.377506],[-6.587625,53.377507],[-6.587589,53.377297],[-6.587582,53.377111],[-6.587566,53.376876],[-6.587576,53.376668],[-6.587624,53.376341],[-6.587669,53.376173],[-6.587736,53.375988],[-6.587822,53.375731],[-6.587883,53.375588],[-6.588042,53.375288],[-6.588231,53.374943],[-6.588129,53.374924],[-6.588214,53.374773],[-6.588105,53.374748],[-6.588197,53.374577],[-6.588285,53.374406],[-6.588164,53.374311],[-6.588226,53.374171]],"type":"LineString"},"properties":{"hex_id":"89182c1ae53ffff","service":"Pharmacy","dest_id":"6","dest_name":"St Patrick's Pharmacy","walk_min":10.55,"distance_m":879}},{"type":"Feature","geometry":{"coordinates":[[-6.59122,53.389547],[-6.590885,53.389353],[-6.589787,53.388723],[-6.589709,53.388664],[-6.589619,53.388588],[-6.589532,53.388516],[-6.589195,53.38866],[-6.58825,53.387902],[-6.587855,53.387676],[-6.587889,53.387627],[-6.588049,53.387454],[-6.588141,53.38732],[-6.588161,53.387291],[-6.588189,53.387251],[-6.588123,53.387233],[-6.588056,53.387207],[-6.587591,53.386922],[-6.587506,53.386875],[-6.587553,53.386827],[-6.586805,53.38642],[-6.586789,53.386356],[-6.586714,53.386317],[-6.586784,53.386262],[-6.587161,53.385943],[-6.587483,53.385663],[-6.587974,53.385227],[-6.588003,53.385201],[-6.588125,53.385092],[-6.588219,53.385008],[-6.588395,53.38485],[-6.588426,53.384824],[-6.588489,53.384768],[-6.588602,53.384657],[-6.588686,53.384578],[-6.58882,53.384452],[-6.588886,53.384384],[-6.589019,53.384248],[-6.589069,53.384193],[-6.589284,53.383959],[-6.58942,53.383792],[-6.589532,53.383621],[-6.589591,53.38348],[-6.5896,53.383374],[-6.589596,53.383306],[-6.589574,53.38324],[-6.589165,53.382759],[-6.5892,53.382749],[-6.588891,53.382394],[-6.588853,53.382347],[-6.588836,53.38232],[-6.588843,53.382307],[-6.588887,53.382249],[-6.589443,53.382087],[-6.589874,53.381953],[-6.590122,53.381881]],"type":"LineString"},"properties":{"hex_id":"89182c1a3b3ffff","service":"Pharmacy","dest_id":"1","dest_name":"Mc Cormack's","walk_min":13.75,"distance_m":1146}},{"type":"Feature","geometry":{"coordinates":[[-6.57229,53.382774],[-6.572318,53.382806],[-6.572374,53.382877],[-6.572432,53.382971],[-6.572562,53.383141],[-6.572624,53.383221],[-6.572659,53.383265],[-6.572743,53.383369],[-6.572847,53.383502],[-6.572931,53.383616],[-6.572989,53.383676],[-6.573082,53.38377],[-6.573149,53.38384],[-6.573276,53.383977],[-6.573367,53.384079],[-6.573421,53.38414],[-6.573505,53.384233],[-6.573585,53.384294],[-6.573654,53.384359],[-6.573816,53.38455],[-6.573971,53.384742],[-6.574086,53.384882],[-6.57417,53.384984],[-6.574263,53.385098],[-6.574356,53.385221],[-6.574431,53.385338],[-6.574496,53.385465],[-6.574509,53.385575],[-6.574509,53.385623],[-6.574477,53.385656],[-6.574444,53.385723],[-6.574362,53.385866],[-6.574461,53.385936],[-6.574606,53.386107],[-6.574769,53.386335],[-6.575206,53.386232],[-6.575328,53.386194],[-6.575399,53.386173],[-6.577023,53.385682],[-6.577468,53.385554],[-6.578466,53.385268],[-6.580431,53.384687],[-6.58099,53.384518],[-6.581785,53.384292],[-6.582691,53.38403],[-6.583201,53.383883],[-6.583674,53.383739],[-6.583518,53.383484],[-6.583493,53.383438],[-6.583306,53.383185],[-6.583148,53.383029],[-6.58297,53.382785],[-6.582731,53.382499],[-6.582623,53.382372],[-6.582565,53.382274],[-6.582487,53.382207],[-6.58253,53.382182],[-6.582554,53.382141],[-6.582563,53.382115],[-6.582581,53.382055],[-6.582504,53.382034],[-6.582466,53.382012],[-6.582441,53.381984],[-6.58243,53.381953],[-6.582435,53.381921],[-6.582454,53.381891],[-6.582464,53.381882],[-6.582501,53.381796],[-6.582493,53.381688],[-6.582455,53.381648],[-6.582397,53.381602],[-6.582343,53.38158],[-6.582264,53.381579],[-6.582158,53.381577],[-6.582055,53.381543],[-6.581913,53.381545],[-6.581907,53.381429],[-6.581906,53.381368],[-6.582133,53.381365],[-6.58221,53.381364],[-6.582285,53.381361],[-6.582451,53.381358],[-6.582395,53.381306],[-6.58237,53.381305],[-6.582371,53.381197]],"type":"LineString"},"properties":{"hex_id":"89182c1a12bffff","service":"Pharmacy","dest_id":"2","dest_name":"McCartan's","walk_min":17.7,"distance_m":1475}},{"type":"Feature","geometry":{"coordinates":[[-6.588048,53.386921],[-6.588278,53.386879],[-6.588369,53.386852],[-6.588437,53.386819],[-6.588504,53.386767],[-6.588775,53.386609],[-6.588887,53.386569],[-6.589168,53.386528],[-6.589262,53.386511],[-6.589374,53.38646],[-6.58926,53.386239],[-6.589101,53.386039],[-6.588936,53.385964],[-6.588708,53.385988],[-6.588566,53.386079],[-6.588361,53.386229],[-6.58836,53.386258],[-6.588293,53.386352],[-6.587685,53.386672],[-6.587619,53.386761],[-6.587553,53.386827],[-6.586805,53.38642],[-6.586789,53.386356],[-6.586714,53.386317],[-6.586784,53.386262],[-6.587161,53.385943],[-6.587483,53.385663],[-6.587974,53.385227],[-6.588003,53.385201],[-6.588125,53.385092],[-6.588219,53.385008],[-6.588395,53.38485],[-6.588426,53.384824],[-6.588489,53.384768],[-6.588602,53.384657],[-6.588686,53.384578],[-6.58882,53.384452],[-6.588886,53.384384],[-6.589019,53.384248],[-6.589069,53.384193],[-6.589284,53.383959],[-6.58942,53.383792],[-6.589532,53.383621],[-6.589591,53.38348],[-6.5896,53.383374],[-6.589596,53.383306],[-6.589574,53.38324],[-6.589165,53.382759],[-6.5892,53.382749],[-6.588891,53.382394],[-6.588853,53.382347],[-6.588836,53.38232],[-6.588843,53.382307],[-6.588887,53.382249],[-6.589443,53.382087],[-6.589874,53.381953],[-6.590122,53.381881]],"type":"LineString"},"properties":{"hex_id":"89182c1a3b7ffff","service":"Pharmacy","dest_id":"1","dest_name":"Mc Cormack's","walk_min":12.04,"distance_m":1003}},{"type":"Feature","geometry":{"coordinates":[[-6.582861,53.387571],[-6.583042,53.387624],[-6.582939,53.387761],[-6.582894,53.387832],[-6.582893,53.387901],[-6.582946,53.38801],[-6.582985,53.38807],[-6.583008,53.388108],[-6.583127,53.388274],[-6.583141,53.388294],[-6.58317,53.38833],[-6.58324,53.388309],[-6.583277,53.388316],[-6.583498,53.388239],[-6.583675,53.388169],[-6.583853,53.388085],[-6.584224,53.387895],[-6.584285,53.387936],[-6.584675,53.38773],[-6.584839,53.387632],[-6.585257,53.387317],[-6.585584,53.387106],[-6.585766,53.386988],[-6.585825,53.386946],[-6.5862,53.386686],[-6.58648,53.38649],[-6.586608,53.386401],[-6.586714,53.386317],[-6.586784,53.386262],[-6.587161,53.385943],[-6.587483,53.385663],[-6.587974,53.385227],[-6.588003,53.385201],[-6.588125,53.385092],[-6.588219,53.385008],[-6.588395,53.38485],[-6.588426,53.384824],[-6.588489,53.384768],[-6.588602,53.384657],[-6.588686,53.384578],[-6.58882,53.384452],[-6.588886,53.384384],[-6.589019,53.384248],[-6.589069,53.384193],[-6.589284,53.383959],[-6.58942,53.383792],[-6.589532,53.383621],[-6.589591,53.38348],[-6.5896,53.383374],[-6.589596,53.383306],[-6.589574,53.38324],[-6.589165,53.382759],[-6.5892,53.382749],[-6.588891,53.382394],[-6.588853,53.382347],[-6.588836,53.38232],[-6.588843,53.382307],[-6.588887,53.382249],[-6.589443,53.382087],[-6.589874,53.381953],[-6.590122,53.381881]],"type":"LineString"},"properties":{"hex_id":"89182c1a17bffff","service":"Pharmacy","dest_id":"1","dest_name":"Mc Cormack's","walk_min":12.6,"distance_m":1047}},{"type":"Feature","geometry":{"coordinates":[[-6.602937,53.385551],[-6.602763,53.385336],[-6.602656,53.385369],[-6.6026,53.385297],[-6.602441,53.385335],[-6.602375,53.385247],[-6.601962,53.384732],[-6.601857,53.384579],[-6.601773,53.384448],[-6.601682,53.384471],[-6.601557,53.384452],[-6.601421,53.384419],[-6.601222,53.384371],[-6.601188,53.384376],[-6.600893,53.383991],[-6.600844,53.383931],[-6.600827,53.383909],[-6.600777,53.383846],[-6.600576,53.383579],[-6.600459,53.383547],[-6.600221,53.383488],[-6.600134,53.383466],[-6.599971,53.383399],[-6.599805,53.383205],[-6.5997,53.383176],[-6.599194,53.383074],[-6.599126,53.383094],[-6.599054,53.383113],[-6.598975,53.383134],[-6.598944,53.383143],[-6.598935,53.383132],[-6.598881,53.383064],[-6.598862,53.383039],[-6.598917,53.383026],[-6.598839,53.382934],[-6.598738,53.382938],[-6.598653,53.382952],[-6.598586,53.382972],[-6.598494,53.382998],[-6.598301,53.383047],[-6.598074,53.38308],[-6.597811,53.383018],[-6.59766,53.383062],[-6.597556,53.383077],[-6.597432,53.38302],[-6.597307,53.382983],[-6.597035,53.382909],[-6.596847,53.382842],[-6.596739,53.382797],[-6.596665,53.382767],[-6.59645,53.382734],[-6.596176,53.382691],[-6.596004,53.38264],[-6.595925,53.382629],[-6.595842,53.382601],[-6.595827,53.382585],[-6.595738,53.382522],[-6.595655,53.382467],[-6.595349,53.38253],[-6.595164,53.382569],[-6.594804,53.382648],[-6.594525,53.38271],[-6.594411,53.382718],[-6.594331,53.382713],[-6.594255,53.382696],[-6.594227,53.382688],[-6.593985,53.382634],[-6.593915,53.382574],[-6.593805,53.382443],[-6.593721,53.382343],[-6.593542,53.382122],[-6.593569,53.382101],[-6.593653,53.382068],[-6.5937,53.382123],[-6.594396,53.381841]],"type":"LineString"},"properties":{"hex_id":"89182c1a307ffff","service":"Pharmacy","dest_id":"4","dest_name":"Hickey's Pharmacy","walk_min":11.47,"distance_m":953}},{"type":"Feature","geometry":{"coordinates":[[-6.592994,53.386364],[-6.59309,53.386363],[-6.593188,53.386366],[-6.593524,53.38589],[-6.593558,53.385842],[-6.593655,53.385866],[-6.593711,53.385787],[-6.593855,53.385585],[-6.59389,53.385537],[-6.594133,53.385593],[-6.594177,53.385532],[-6.59436,53.38556],[-6.594566,53.385566],[-6.594703,53.385571],[-6.594855,53.385566],[-6.595208,53.385492],[-6.595394,53.385454],[-6.595427,53.385396],[-6.595462,53.38539],[-6.595181,53.384892],[-6.595028,53.384616],[-6.594915,53.384439],[-6.594666,53.383991],[-6.594609,53.383893],[-6.594445,53.383613],[-6.594386,53.383469],[-6.594162,53.383085],[-6.594131,53.383031],[-6.593948,53.382741],[-6.593875,53.382644],[-6.593801,53.382546],[-6.593668,53.382395],[-6.593494,53.382187],[-6.593421,53.382098],[-6.593458,53.382081],[-6.593517,53.382063],[-6.593542,53.382122],[-6.593569,53.382101],[-6.593653,53.382068],[-6.5937,53.382123],[-6.594396,53.381841]],"type":"LineString"},"properties":{"hex_id":"89182c1a3a3ffff","service":"Pharmacy","dest_id":"4","dest_name":"Hickey's Pharmacy","walk_min":8.65,"distance_m":719}},{"type":"Feature","geometry":{"coordinates":[[-6.584848,53.365748],[-6.584888,53.365752],[-6.58552,53.365813],[-6.585601,53.36582],[-6.585528,53.366083],[-6.585525,53.366146],[-6.586916,53.366171],[-6.587917,53.366186],[-6.588838,53.366202],[-6.588948,53.366204],[-6.589058,53.366232],[-6.589128,53.366234],[-6.589215,53.366237],[-6.589287,53.366221],[-6.589353,53.366222],[-6.589511,53.36621],[-6.58981,53.366136],[-6.589968,53.366047],[-6.590249,53.365806],[-6.590386,53.365596],[-6.590431,53.365553],[-6.590621,53.365562],[-6.59075,53.365603],[-6.590804,53.365642],[-6.59089,53.365675],[-6.590991,53.365688],[-6.591107,53.365725],[-6.591257,53.36581],[-6.591299,53.365914],[-6.591323,53.366122],[-6.591277,53.366683],[-6.591274,53.366796],[-6.591251,53.367314],[-6.591217,53.367553],[-6.591211,53.367656],[-6.591165,53.368273],[-6.591132,53.368544],[-6.590931,53.369334],[-6.590907,53.369468],[-6.590897,53.369528],[-6.590783,53.369918],[-6.590722,53.370082],[-6.590625,53.370293],[-6.590588,53.370363],[-6.590516,53.370469],[-6.590511,53.370479],[-6.59043,53.370645],[-6.590355,53.370799],[-6.590298,53.370913],[-6.590192,53.37094],[-6.589631,53.371959],[-6.589425,53.371861],[-6.589358,53.37183],[-6.589297,53.372021],[-6.589221,53.372212],[-6.588259,53.373849],[-6.588249,53.373844],[-6.588113,53.373915],[-6.588021,53.373931],[-6.588273,53.374065],[-6.588226,53.374171]],"type":"LineString"},"properties":{"hex_id":"89182c1ae77ffff","service":"Pharmacy","dest_id":"6","dest_name":"St Patrick's Pharmacy","walk_min":18.48,"distance_m":1533}},{"type":"Feature","geometry":{"coordinates":[[-6.590601,53.373271],[-6.590609,53.373247],[-6.590647,53.373046],[-6.590705,53.372829],[-6.590546,53.372824],[-6.590087,53.372793],[-6.589889,53.372768],[-6.589698,53.372745],[-6.589466,53.372702],[-6.589159,53.373256],[-6.589052,53.373448],[-6.588958,53.373618],[-6.58893,53.373666],[-6.588825,53.373649],[-6.588694,53.373894],[-6.588632,53.37401],[-6.58852,53.373983],[-6.588416,53.373945],[-6.588259,53.373849],[-6.588249,53.373844],[-6.588113,53.373915],[-6.588021,53.373931],[-6.588273,53.374065],[-6.588226,53.374171]],"type":"LineString"},"properties":{"hex_id":"89182c1ae57ffff","service":"Pharmacy","dest_id":"6","dest_name":"St Patrick's Pharmacy","walk_min":4.57,"distance_m":381}},{"type":"Feature","geometry":{"coordinates":[[-6.588834,53.395704],[-6.588703,53.395718],[-6.588437,53.395717],[-6.584715,53.395353],[-6.583417,53.395224],[-6.582527,53.395136],[-6.582058,53.395096],[-6.581799,53.395063],[-6.581653,53.395022],[-6.581547,53.39498],[-6.581454,53.394937],[-6.581192,53.394785],[-6.580931,53.394685],[-6.58,53.394369],[-6.578823,53.393964],[-6.577176,53.393389],[-6.575613,53.392868],[-6.575542,53.392845],[-6.575588,53.392782],[-6.575631,53.392686],[-6.575735,53.392355],[-6.575842,53.392043],[-6.575934,53.39177],[-6.576041,53.391471],[-6.576258,53.390831],[-6.57631,53.390667],[-6.576491,53.390095],[-6.576745,53.389099],[-6.576806,53.388824],[-6.576902,53.388457],[-6.576947,53.388357],[-6.576943,53.388217],[-6.576903,53.388187],[-6.57688,53.388151],[-6.576736,53.387926],[-6.576561,53.387732],[-6.576095,53.387152],[-6.576085,53.38714],[-6.575453,53.386349],[-6.575328,53.386194],[-6.575399,53.386173],[-6.577023,53.385682],[-6.577468,53.385554],[-6.578466,53.385268],[-6.580431,53.384687],[-6.58099,53.384518],[-6.581785,53.384292],[-6.582691,53.38403],[-6.583201,53.383883],[-6.583674,53.383739],[-6.583518,53.383484],[-6.583493,53.383438],[-6.583306,53.383185],[-6.583148,53.383029],[-6.58297,53.382785],[-6.582731,53.382499],[-6.582623,53.382372],[-6.582565,53.382274],[-6.582487,53.382207],[-6.58253,53.382182],[-6.582554,53.382141],[-6.582563,53.382115],[-6.582581,53.382055],[-6.582504,53.382034],[-6.582466,53.382012],[-6.582441,53.381984],[-6.58243,53.381953],[-6.582435,53.381921],[-6.582454,53.381891],[-6.582464,53.381882],[-6.582501,53.381796],[-6.582493,53.381688],[-6.582455,53.381648],[-6.582397,53.381602],[-6.582343,53.38158],[-6.582264,53.381579],[-6.582158,53.381577],[-6.582055,53.381543],[-6.581913,53.381545],[-6.581907,53.381429],[-6.581906,53.381368],[-6.582133,53.381365],[-6.58221,53.381364],[-6.582285,53.381361],[-6.582451,53.381358],[-6.582395,53.381306],[-6.58237,53.381305],[-6.582371,53.381197]],"type":"LineString"},"properties":{"hex_id":"89182c1a15bffff","service":"Pharmacy","dest_id":"2","dest_name":"McCartan's","walk_min":32.73,"distance_m":2728}},{"type":"Feature","geometry":{"coordinates":[[-6.60167,53.396446],[-6.601472,53.396091],[-6.60145,53.39605],[-6.60127,53.395722],[-6.60092,53.395059],[-6.600571,53.394453],[-6.600025,53.393506],[-6.599935,53.393346],[-6.599818,53.393149],[-6.599788,53.39309],[-6.59965,53.393131],[-6.599601,53.393147],[-6.599549,53.393083],[-6.599587,53.393068],[-6.599601,53.393059],[-6.599607,53.393048],[-6.599612,53.393036],[-6.599617,53.393023],[-6.599594,53.392941],[-6.5994,53.392506],[-6.599344,53.392425],[-6.599167,53.3921],[-6.598825,53.391447],[-6.598797,53.391404],[-6.598582,53.391073],[-6.598364,53.390666],[-6.598215,53.390388],[-6.59792,53.389841],[-6.597633,53.389262],[-6.597544,53.389108],[-6.597416,53.388885],[-6.597346,53.388763],[-6.597235,53.388595],[-6.597134,53.388398],[-6.597079,53.388288],[-6.596926,53.387989],[-6.596915,53.387966],[-6.596513,53.387286],[-6.596235,53.386752],[-6.595918,53.386174],[-6.595774,53.385889],[-6.59573,53.385851],[-6.595682,53.38577],[-6.595587,53.385607],[-6.595518,53.38549],[-6.595462,53.38539],[-6.595181,53.384892],[-6.595028,53.384616],[-6.594915,53.384439],[-6.594666,53.383991],[-6.594609,53.383893],[-6.594445,53.383613],[-6.594386,53.383469],[-6.594162,53.383085],[-6.594131,53.383031],[-6.593948,53.382741],[-6.593875,53.382644],[-6.593801,53.382546],[-6.593668,53.382395],[-6.593494,53.382187],[-6.593421,53.382098],[-6.593458,53.382081],[-6.593517,53.382063],[-6.593542,53.382122],[-6.593569,53.382101],[-6.593653,53.382068],[-6.5937,53.382123],[-6.594396,53.381841]],"type":"LineString"},"properties":{"hex_id":"89182c1a39bffff","service":"Pharmacy","dest_id":"4","dest_name":"Hickey's Pharmacy","walk_min":21.63,"distance_m":1796}},{"type":"Feature","geometry":{"coordinates":[[-6.58256,53.37103],[-6.58369,53.371912],[-6.583998,53.372152],[-6.584367,53.372455],[-6.584595,53.372356],[-6.585114,53.372754],[-6.586199,53.373588],[-6.586312,53.373669],[-6.586612,53.373911],[-6.586718,53.374002],[-6.586791,53.374005],[-6.587096,53.373865],[-6.587183,53.373826],[-6.58731,53.373929],[-6.587736,53.373736],[-6.588021,53.373931],[-6.588273,53.374065],[-6.588226,53.374171]],"type":"LineString"},"properties":{"hex_id":"89182c1ae03ffff","service":"Pharmacy","dest_id":"6","dest_name":"St Patrick's Pharmacy","walk_min":7.24,"distance_m":600}},{"type":"Feature","geometry":{"coordinates":[[-6.567646,53.380274],[-6.567728,53.380278],[-6.568149,53.380327],[-6.568609,53.380398],[-6.568809,53.380438],[-6.569019,53.38049],[-6.569505,53.380555],[-6.569729,53.380618],[-6.569803,53.380639],[-6.569887,53.380671],[-6.569969,53.380692],[-6.570049,53.38071],[-6.570409,53.380813],[-6.570543,53.380872],[-6.570718,53.380943],[-6.570899,53.381019],[-6.57096,53.381077],[-6.57105,53.381153],[-6.571167,53.381289],[-6.571266,53.381396],[-6.571309,53.381445],[-6.571443,53.381606],[-6.571644,53.381856],[-6.571715,53.381953],[-6.571864,53.382138],[-6.57194,53.382219],[-6.572005,53.382287],[-6.572061,53.382367],[-6.572104,53.382425],[-6.572138,53.382486],[-6.57229,53.382774],[-6.572318,53.382806],[-6.572374,53.382877],[-6.572432,53.382971],[-6.572562,53.383141],[-6.572624,53.383221],[-6.572659,53.383265],[-6.572743,53.383369],[-6.572847,53.383502],[-6.572931,53.383616],[-6.572989,53.383676],[-6.573082,53.38377],[-6.573149,53.38384],[-6.573276,53.383977],[-6.573367,53.384079],[-6.573421,53.38414],[-6.573505,53.384233],[-6.573585,53.384294],[-6.573654,53.384359],[-6.573816,53.38455],[-6.573971,53.384742],[-6.574086,53.384882],[-6.57417,53.384984],[-6.574263,53.385098],[-6.574356,53.385221],[-6.574431,53.385338],[-6.574496,53.385465],[-6.574509,53.385575],[-6.574509,53.385623],[-6.574477,53.385656],[-6.574444,53.385723],[-6.574362,53.385866],[-6.574461,53.385936],[-6.574606,53.386107],[-6.574769,53.386335],[-6.575206,53.386232],[-6.575328,53.386194],[-6.575399,53.386173],[-6.577023,53.385682],[-6.577468,53.385554],[-6.578466,53.385268],[-6.580431,53.384687],[-6.58099,53.384518],[-6.581785,53.384292],[-6.582691,53.38403],[-6.583201,53.383883],[-6.583674,53.383739],[-6.583518,53.383484],[-6.583493,53.383438],[-6.583306,53.383185],[-6.583148,53.383029],[-6.58297,53.382785],[-6.582731,53.382499],[-6.582623,53.382372],[-6.582565,53.382274],[-6.582487,53.382207],[-6.58253,53.382182],[-6.582554,53.382141],[-6.582563,53.382115],[-6.582581,53.382055],[-6.582504,53.382034],[-6.582466,53.382012],[-6.582441,53.381984],[-6.58243,53.381953],[-6.582435,53.381921],[-6.582454,53.381891],[-6.582464,53.381882],[-6.582501,53.381796],[-6.582493,53.381688],[-6.582455,53.381648],[-6.582397,53.381602],[-6.582343,53.38158],[-6.582264,53.381579],[-6.582158,53.381577],[-6.582055,53.381543],[-6.581913,53.381545],[-6.581907,53.381429],[-6.581906,53.381368],[-6.582133,53.381365],[-6.58221,53.381364],[-6.582285,53.381361],[-6.582451,53.381358],[-6.582395,53.381306],[-6.58237,53.381305],[-6.582371,53.381197]],"type":"LineString"},"properties":{"hex_id":"89182c1a12fffff","service":"Pharmacy","dest_id":"2","dest_name":"McCartan's","walk_min":23.12,"distance_m":1926}},{"type":"Feature","geometry":{"coordinates":[[-6.584565,53.384584],[-6.584565,53.384584],[-6.584503,53.384604],[-6.584428,53.384671],[-6.584373,53.384719],[-6.583083,53.384273],[-6.582915,53.384213],[-6.58282,53.384176],[-6.582751,53.384128],[-6.582691,53.38403],[-6.583201,53.383883],[-6.583674,53.383739],[-6.584245,53.383565],[-6.58488,53.383379],[-6.585439,53.38321],[-6.586123,53.383002],[-6.586771,53.382816],[-6.587493,53.3826],[-6.58834,53.382363],[-6.588496,53.382319],[-6.588515,53.382313],[-6.588547,53.382351],[-6.588589,53.382382],[-6.588625,53.382397],[-6.588657,53.382406],[-6.588681,53.382413],[-6.588724,53.382425],[-6.588731,53.382437],[-6.588842,53.382405],[-6.588891,53.382394],[-6.588853,53.382347],[-6.588836,53.38232],[-6.588843,53.382307],[-6.588887,53.382249],[-6.589443,53.382087],[-6.589874,53.381953],[-6.590148,53.381873]],"type":"LineString"},"properties":{"hex_id":"89182c1a16bffff","service":"GP","dest_id":"1","dest_name":"Maynooth Medical","walk_min":8.82,"distance_m":735}},{"type":"Feature","geometry":{"coordinates":[[-6.576153,53.382683],[-6.576268,53.382648],[-6.577229,53.382374],[-6.577538,53.382445],[-6.577562,53.382458],[-6.577757,53.382692],[-6.578214,53.383241],[-6.578252,53.383291],[-6.578228,53.38331],[-6.578291,53.383391],[-6.580905,53.382625],[-6.581554,53.382443],[-6.581587,53.382414],[-6.581971,53.382322],[-6.582078,53.382301],[-6.582247,53.382282],[-6.582349,53.382267],[-6.582439,53.382239],[-6.582487,53.382207],[-6.58253,53.382182],[-6.582554,53.382141],[-6.582563,53.382115],[-6.582581,53.382055],[-6.582611,53.382055],[-6.582659,53.382052],[-6.582704,53.382041],[-6.582742,53.382023],[-6.582867,53.382017],[-6.583003,53.382022],[-6.583137,53.382016],[-6.583508,53.382054],[-6.584175,53.382056],[-6.584402,53.38205],[-6.58463,53.382046],[-6.584975,53.382037],[-6.585539,53.382017],[-6.585626,53.382014],[-6.585895,53.382004],[-6.586262,53.381995],[-6.586426,53.381997],[-6.586571,53.382001],[-6.58685,53.382007],[-6.586971,53.382012],[-6.587268,53.382021],[-6.587994,53.382042],[-6.588266,53.382059],[-6.588381,53.382067],[-6.58859,53.382131],[-6.588678,53.382163],[-6.588746,53.382189],[-6.588887,53.382249],[-6.589443,53.382087],[-6.589874,53.381953],[-6.590148,53.381873]],"type":"LineString"},"properties":{"hex_id":"89182c1a167ffff","service":"GP","dest_id":"1","dest_name":"Maynooth Medical","walk_min":12.83,"distance_m":1070}},{"type":"Feature","geometry":{"coordinates":[[-6.59503,53.391614],[-6.594844,53.391612],[-6.594046,53.391697],[-6.593954,53.391691],[-6.593999,53.391401],[-6.593994,53.39135],[-6.594101,53.390924],[-6.594072,53.390869],[-6.594081,53.390817],[-6.594076,53.390641],[-6.594074,53.390544],[-6.594008,53.390316],[-6.593924,53.390113],[-6.593873,53.389991],[-6.593751,53.389801],[-6.593613,53.389619],[-6.593496,53.389501],[-6.5933,53.389319],[-6.593591,53.389167],[-6.59384,53.38906],[-6.594144,53.388954],[-6.594177,53.388943],[-6.594243,53.388919],[-6.594279,53.388911],[-6.594582,53.388851],[-6.595142,53.388715],[-6.595332,53.388657],[-6.595563,53.388584],[-6.595704,53.388533],[-6.595855,53.388485],[-6.596064,53.388437],[-6.596754,53.388346],[-6.597079,53.388288],[-6.596926,53.387989],[-6.596915,53.387966],[-6.596513,53.387286],[-6.596235,53.386752],[-6.595918,53.386174],[-6.595774,53.385889],[-6.59573,53.385851],[-6.595682,53.38577],[-6.595587,53.385607],[-6.595518,53.38549],[-6.595462,53.38539],[-6.595181,53.384892],[-6.595028,53.384616],[-6.594915,53.384439],[-6.594666,53.383991],[-6.594609,53.383893],[-6.594445,53.383613],[-6.594386,53.383469],[-6.594162,53.383085],[-6.594131,53.383031],[-6.594189,53.383022],[-6.594345,53.382995],[-6.594251,53.382845],[-6.594201,53.382794],[-6.594197,53.38272],[-6.594227,53.382688],[-6.593985,53.382634],[-6.593915,53.382574],[-6.593805,53.382443],[-6.593721,53.382343],[-6.593625,53.382225]],"type":"LineString"},"properties":{"hex_id":"89182c1a387ffff","service":"GP","dest_id":"2","dest_name":"Manor Mills Medical","walk_min":16.39,"distance_m":1366}},{"type":"Feature","geometry":{"coordinates":[[-6.585873,53.381731],[-6.58589,53.381946],[-6.586238,53.381938],[-6.586431,53.381942],[-6.586608,53.381945],[-6.586854,53.381952],[-6.587898,53.38198],[-6.587991,53.381999],[-6.587994,53.382042],[-6.588266,53.382059],[-6.588381,53.382067],[-6.58859,53.382131],[-6.588678,53.382163],[-6.588746,53.382189],[-6.588887,53.382249],[-6.589443,53.382087],[-6.589874,53.381953],[-6.590148,53.381873]],"type":"LineString"},"properties":{"hex_id":"89182c1aed3ffff","service":"GP","dest_id":"1","dest_name":"Maynooth Medical","walk_min":3.94,"distance_m":328}},{"type":"Feature","geometry":{"coordinates":[[-6.595097,53.372727],[-6.595028,53.372813],[-6.595313,53.373092],[-6.595395,53.373207],[-6.595391,53.37326],[-6.595341,53.373324],[-6.595347,53.373491],[-6.595425,53.373505],[-6.595623,53.373698],[-6.595559,53.373826],[-6.595551,53.373843],[-6.595582,53.373912],[-6.595733,53.374102],[-6.595911,53.3741],[-6.595966,53.374098],[-6.595984,53.374165],[-6.596019,53.37421],[-6.596242,53.374293],[-6.596306,53.374321],[-6.596343,53.374357],[-6.596498,53.374317],[-6.596635,53.37431],[-6.596904,53.374327],[-6.596844,53.374542],[-6.596815,53.374652],[-6.596792,53.374758],[-6.597162,53.374788],[-6.597415,53.374776],[-6.597698,53.374758],[-6.598325,53.374689],[-6.598429,53.374658],[-6.598852,53.374642],[-6.598993,53.374628],[-6.599097,53.374617],[-6.599707,53.374534],[-6.599931,53.374501],[-6.600079,53.374478],[-6.600192,53.374766],[-6.600575,53.374708]],"type":"LineString"},"properties":{"hex_id":"89182c1ae43ffff","service":"GP","dest_id":"6","dest_name":"Dr Denise Nolan","walk_min":7.17,"distance_m":597}},{"type":"Feature","geometry":{"coordinates":[[-6.566085,53.364628],[-6.566075,53.364763],[-6.566048,53.365417],[-6.565996,53.366692],[-6.565991,53.366834],[-6.565997,53.366889],[-6.56604,53.366948],[-6.566102,53.366978],[-6.566183,53.366993],[-6.567038,53.367023],[-6.567547,53.367041],[-6.567762,53.367048],[-6.568705,53.367081],[-6.569815,53.367118],[-6.570872,53.367149],[-6.571138,53.367186],[-6.571245,53.367206],[-6.571755,53.367337],[-6.576137,53.368564],[-6.577226,53.368866],[-6.577593,53.368968],[-6.577924,53.36906],[-6.578873,53.369323],[-6.579422,53.369476],[-6.579633,53.369537],[-6.579694,53.369554],[-6.579787,53.369581],[-6.579877,53.369605],[-6.579905,53.369613],[-6.580014,53.369642],[-6.580281,53.369713],[-6.580514,53.369783],[-6.580725,53.369846],[-6.580801,53.369876],[-6.58094,53.369931],[-6.581101,53.370009],[-6.581186,53.370056],[-6.581284,53.370112],[-6.58133,53.370139],[-6.581384,53.37017],[-6.581752,53.370418],[-6.581926,53.370553],[-6.582131,53.370708],[-6.582514,53.370994],[-6.58369,53.371912],[-6.583998,53.372152],[-6.584367,53.372455],[-6.584468,53.37253],[-6.584789,53.37277],[-6.585108,53.373033],[-6.585232,53.373135],[-6.586314,53.373963],[-6.58638,53.374014],[-6.586485,53.374095],[-6.586529,53.374128],[-6.58755,53.374913],[-6.587695,53.374993],[-6.58779,53.375029],[-6.587895,53.375055],[-6.587825,53.37517],[-6.587792,53.375237],[-6.58775,53.375318],[-6.587701,53.375495],[-6.587634,53.375618],[-6.58745,53.376106],[-6.587381,53.376391],[-6.587358,53.376609],[-6.587348,53.376878],[-6.587345,53.377193],[-6.587361,53.377298],[-6.587417,53.377646],[-6.587449,53.377806],[-6.587414,53.377807],[-6.587073,53.377813],[-6.58679,53.377818]],"type":"LineString"},"properties":{"hex_id":"89182c1a8dbffff","service":"GP","dest_id":"4","dest_name":"Park Lodge Medical","walk_min":28.99,"distance_m":2413}},{"type":"Feature","geometry":{"coordinates":[[-6.573777,53.387211],[-6.573968,53.387111],[-6.574045,53.387095],[-6.57415,53.387099],[-6.574236,53.387104],[-6.57429,53.387065],[-6.574333,53.386992],[-6.574351,53.386965],[-6.574357,53.386893],[-6.574359,53.386835],[-6.574191,53.386799],[-6.57413,53.386783],[-6.574064,53.386745],[-6.574031,53.386712],[-6.574001,53.386693],[-6.573734,53.38663],[-6.574247,53.386485],[-6.574769,53.386335],[-6.575206,53.386232],[-6.575328,53.386194],[-6.575399,53.386173],[-6.577023,53.385682],[-6.577468,53.385554],[-6.578466,53.385268],[-6.580431,53.384687],[-6.58099,53.384518],[-6.581785,53.384292],[-6.582691,53.38403],[-6.583201,53.383883],[-6.583674,53.383739],[-6.584245,53.383565],[-6.58488,53.383379],[-6.585439,53.38321],[-6.586123,53.383002],[-6.586771,53.382816],[-6.587493,53.3826],[-6.58834,53.382363],[-6.588496,53.382319],[-6.588515,53.382313],[-6.588547,53.382351],[-6.588589,53.382382],[-6.588625,53.382397],[-6.588657,53.382406],[-6.588681,53.382413],[-6.588724,53.382425],[-6.588731,53.382437],[-6.588842,53.382405],[-6.588891,53.382394],[-6.588853,53.382347],[-6.588836,53.38232],[-6.588843,53.382307],[-6.588887,53.382249],[-6.589443,53.382087],[-6.589874,53.381953],[-6.590148,53.381873]],"type":"LineString"},"properties":{"hex_id":"89182c1a10fffff","service":"GP","dest_id":"1","dest_name":"Maynooth Medical","walk_min":16.26,"distance_m":1355}},{"type":"Feature","geometry":{"coordinates":[[-6.572657,53.379925],[-6.572672,53.379927],[-6.573385,53.38],[-6.574685,53.380157],[-6.575269,53.380218],[-6.576101,53.380254],[-6.577088,53.380259],[-6.577938,53.380233],[-6.579311,53.380121],[-6.58017,53.379993],[-6.581611,53.379783],[-6.583156,53.379552],[-6.584993,53.379261],[-6.585064,53.379249],[-6.585722,53.379154],[-6.58667,53.37903],[-6.587062,53.378963],[-6.587137,53.378947],[-6.587451,53.378931],[-6.587715,53.378965],[-6.587896,53.378995],[-6.588006,53.379001],[-6.588023,53.379],[-6.588066,53.379],[-6.588001,53.378907],[-6.587719,53.378437],[-6.587658,53.378319],[-6.587616,53.378218],[-6.587531,53.378021],[-6.587449,53.377806],[-6.587414,53.377807],[-6.587073,53.377813],[-6.58679,53.377818]],"type":"LineString"},"properties":{"hex_id":"89182c1ae93ffff","service":"GP","dest_id":"4","dest_name":"Park Lodge Medical","walk_min":14.76,"distance_m":1230}},{"type":"Feature","geometry":{"coordinates":[[-6.603861,53.374833],[-6.603337,53.374896],[-6.603286,53.374937],[-6.603093,53.374954],[-6.602882,53.37499],[-6.602841,53.374999],[-6.602646,53.375051],[-6.602426,53.375119],[-6.602275,53.375172],[-6.602107,53.375231],[-6.601975,53.375276],[-6.601795,53.37533],[-6.601501,53.375398],[-6.601255,53.375434],[-6.600891,53.375457],[-6.60059,53.375475],[-6.600526,53.375266],[-6.600478,53.375147],[-6.600367,53.374994],[-6.600192,53.374766],[-6.600575,53.374708]],"type":"LineString"},"properties":{"hex_id":"89182c18597ffff","service":"GP","dest_id":"6","dest_name":"Dr Denise Nolan","walk_min":4.11,"distance_m":343}},{"type":"Feature","geometry":{"coordinates":[[-6.6023,53.377485],[-6.601981,53.377594],[-6.601161,53.377886],[-6.600635,53.378072],[-6.60019,53.378195],[-6.600123,53.37821],[-6.599849,53.378316],[-6.599337,53.37853],[-6.59912,53.37862],[-6.599006,53.37866],[-6.598937,53.37868],[-6.598544,53.378197],[-6.598514,53.378161],[-6.598487,53.378133],[-6.59809,53.378261],[-6.597696,53.378405],[-6.597646,53.378432],[-6.597585,53.378466],[-6.597708,53.378567],[-6.597514,53.378614],[-6.597193,53.378712],[-6.596819,53.37887],[-6.596768,53.378887],[-6.596746,53.378896],[-6.596406,53.379031],[-6.596254,53.379098],[-6.596173,53.379138],[-6.596141,53.379151],[-6.595973,53.379219],[-6.595931,53.379235],[-6.595902,53.379248],[-6.595548,53.379416],[-6.595469,53.379454],[-6.595311,53.379524],[-6.595198,53.379562],[-6.595163,53.379576],[-6.595028,53.379653],[-6.594884,53.379734],[-6.594547,53.379928],[-6.594517,53.38002],[-6.594505,53.380092],[-6.594515,53.380173],[-6.594527,53.380258],[-6.594516,53.380432],[-6.594455,53.380461],[-6.59433,53.380491],[-6.594288,53.380506],[-6.594225,53.380527],[-6.594011,53.380605],[-6.59372,53.38073],[-6.593656,53.380757],[-6.593575,53.380779],[-6.593441,53.380815],[-6.593388,53.380847],[-6.593256,53.380892],[-6.593131,53.380916],[-6.593013,53.380943],[-6.593006,53.380999],[-6.593003,53.381024],[-6.592999,53.38104],[-6.592982,53.381053],[-6.592897,53.381079],[-6.592878,53.381085],[-6.592858,53.381092],[-6.592818,53.381105],[-6.592924,53.381242],[-6.592948,53.38127],[-6.593186,53.381538],[-6.593241,53.381615],[-6.593238,53.381644],[-6.593222,53.381668],[-6.593331,53.381829],[-6.593504,53.382028],[-6.593517,53.382063],[-6.593542,53.382122],[-6.593625,53.382225]],"type":"LineString"},"properties":{"hex_id":"89182c1a32fffff","service":"GP","dest_id":"2","dest_name":"Manor Mills Medical","walk_min":12.1,"distance_m":1009}},{"type":"Feature","geometry":{"coordinates":[[-6.608643,53.382005],[-6.608506,53.382041],[-6.608521,53.381954],[-6.608527,53.381924],[-6.608594,53.381733],[-6.608601,53.381665],[-6.608029,53.381644],[-6.607472,53.38161],[-6.60652,53.381542],[-6.60616,53.381529],[-6.605703,53.381523],[-6.605678,53.381523],[-6.605651,53.381524],[-6.605673,53.381645],[-6.60564,53.381872],[-6.60547,53.382006],[-6.605443,53.382367],[-6.605718,53.382364]],"type":"LineString"},"properties":{"hex_id":"89182c1a377ffff","service":"GP","dest_id":"5","dest_name":"The Leinster Clinic","walk_min":4.39,"distance_m":366}},{"type":"Feature","geometry":{"coordinates":[[-6.584089,53.376677],[-6.583922,53.37672],[-6.583894,53.3768],[-6.584053,53.377169],[-6.584141,53.377191],[-6.584509,53.377148],[-6.584738,53.377755],[-6.584749,53.377788],[-6.584789,53.377936],[-6.585229,53.377891],[-6.585783,53.377844],[-6.586366,53.377825],[-6.586573,53.377821],[-6.58679,53.377818]],"type":"LineString"},"properties":{"hex_id":"89182c1aec7ffff","service":"GP","dest_id":"4","dest_name":"Park Lodge Medical","walk_min":3.82,"distance_m":319}},{"type":"Feature","geometry":{"coordinates":[[-6.589135,53.375997],[-6.589593,53.376509],[-6.589366,53.376585],[-6.589231,53.376625],[-6.589171,53.376644],[-6.589126,53.376657],[-6.588932,53.37672],[-6.588697,53.376796],[-6.588623,53.376816],[-6.588414,53.376884],[-6.588336,53.376909],[-6.588162,53.376967],[-6.587862,53.377067],[-6.587696,53.377105],[-6.587582,53.377111],[-6.587473,53.377117],[-6.587518,53.37751],[-6.587567,53.377766],[-6.587572,53.377807],[-6.587449,53.377806],[-6.587414,53.377807],[-6.587073,53.377813],[-6.58679,53.377818]],"type":"LineString"},"properties":{"hex_id":"89182c1aecfffff","service":"GP","dest_id":"4","dest_name":"Park Lodge Medical","walk_min":4.22,"distance_m":351}},{"type":"Feature","geometry":{"coordinates":[[-6.613602,53.37322],[-6.613576,53.373222],[-6.613261,53.373237],[-6.612966,53.37341],[-6.612702,53.373515],[-6.6124,53.3736],[-6.611855,53.373725],[-6.611236,53.37391],[-6.610648,53.374076],[-6.61046,53.37413],[-6.610188,53.374113],[-6.61013,53.374084],[-6.609845,53.374055],[-6.609764,53.37407],[-6.608898,53.37421],[-6.608653,53.374257],[-6.60846,53.374294],[-6.608247,53.374336],[-6.607677,53.374447],[-6.607514,53.374474],[-6.607352,53.374494],[-6.607169,53.374512],[-6.606959,53.374525],[-6.606585,53.374539],[-6.606468,53.374544],[-6.606072,53.374556],[-6.605912,53.374566],[-6.605751,53.374583],[-6.605285,53.37465],[-6.605058,53.374688],[-6.604835,53.374727],[-6.60449,53.374792],[-6.604203,53.374836],[-6.603903,53.37487],[-6.603595,53.374908],[-6.603286,53.374937],[-6.603093,53.374954],[-6.602882,53.37499],[-6.602841,53.374999],[-6.602646,53.375051],[-6.602426,53.375119],[-6.602275,53.375172],[-6.602107,53.375231],[-6.601975,53.375276],[-6.601795,53.37533],[-6.601501,53.375398],[-6.601255,53.375434],[-6.600891,53.375457],[-6.60059,53.375475],[-6.600526,53.375266],[-6.600478,53.375147],[-6.600367,53.374994],[-6.600192,53.374766],[-6.600575,53.374708]],"type":"LineString"},"properties":{"hex_id":"89182c1858bffff","service":"GP","dest_id":"6","dest_name":"Dr Denise Nolan","walk_min":12.34,"distance_m":1029}},{"type":"Feature","geometry":{"coordinates":[[-6.594453,53.383626],[-6.594445,53.383613],[-6.594386,53.383469],[-6.594162,53.383085],[-6.594131,53.383031],[-6.594189,53.383022],[-6.594345,53.382995],[-6.594251,53.382845],[-6.594201,53.382794],[-6.594197,53.38272],[-6.594227,53.382688],[-6.593985,53.382634],[-6.593915,53.382574],[-6.593805,53.382443],[-6.593721,53.382343],[-6.593625,53.382225]],"type":"LineString"},"properties":{"hex_id":"89182c1a3afffff","service":"GP","dest_id":"2","dest_name":"Manor Mills Medical","walk_min":2.28,"distance_m":190}},{"type":"Feature","geometry":{"coordinates":[[-6.569818,53.370075],[-6.569824,53.370064],[-6.570037,53.369659],[-6.570099,53.369514],[-6.570143,53.369403],[-6.57015,53.369363],[-6.570157,53.369292],[-6.570156,53.369203],[-6.57015,53.369117],[-6.570159,53.369009],[-6.570173,53.368952],[-6.570195,53.368844],[-6.570232,53.368744],[-6.570288,53.368615],[-6.570341,53.368524],[-6.570422,53.368399],[-6.570513,53.368259],[-6.570608,53.368117],[-6.570679,53.368],[-6.570814,53.367797],[-6.570879,53.367679],[-6.57093,53.367592],[-6.570985,53.367476],[-6.571041,53.367363],[-6.571138,53.367186],[-6.571245,53.367206],[-6.571755,53.367337],[-6.576137,53.368564],[-6.577226,53.368866],[-6.577593,53.368968],[-6.577924,53.36906],[-6.578873,53.369323],[-6.579422,53.369476],[-6.579633,53.369537],[-6.579694,53.369554],[-6.579787,53.369581],[-6.579877,53.369605],[-6.579905,53.369613],[-6.580014,53.369642],[-6.580281,53.369713],[-6.580514,53.369783],[-6.580725,53.369846],[-6.580801,53.369876],[-6.58094,53.369931],[-6.581101,53.370009],[-6.581186,53.370056],[-6.581284,53.370112],[-6.58133,53.370139],[-6.581384,53.37017],[-6.581752,53.370418],[-6.581926,53.370553],[-6.582131,53.370708],[-6.582514,53.370994],[-6.58369,53.371912],[-6.583998,53.372152],[-6.584367,53.372455],[-6.584468,53.37253],[-6.584789,53.37277],[-6.585108,53.373033],[-6.585232,53.373135],[-6.586314,53.373963],[-6.58638,53.374014],[-6.586485,53.374095],[-6.586529,53.374128],[-6.58755,53.374913],[-6.587695,53.374993],[-6.58779,53.375029],[-6.587895,53.375055],[-6.587825,53.37517],[-6.587792,53.375237],[-6.58775,53.375318],[-6.587701,53.375495],[-6.587634,53.375618],[-6.58745,53.376106],[-6.587381,53.376391],[-6.587358,53.376609],[-6.587348,53.376878],[-6.587345,53.377193],[-6.587361,53.377298],[-6.587417,53.377646],[-6.587449,53.377806],[-6.587414,53.377807],[-6.587073,53.377813],[-6.58679,53.377818]],"type":"LineString"},"properties":{"hex_id":"89182c1aea3ffff","service":"GP","dest_id":"4","dest_name":"Park Lodge Medical","walk_min":25.8,"distance_m":2148}},{"type":"Feature","geometry":{"coordinates":[[-6.58229,53.388681],[-6.58229,53.388681],[-6.582458,53.38866],[-6.582648,53.388623],[-6.582782,53.38859],[-6.582862,53.388556],[-6.582961,53.388521],[-6.583188,53.388462],[-6.583427,53.388388],[-6.583686,53.388288],[-6.583888,53.388202],[-6.584096,53.388096],[-6.584147,53.388071],[-6.584783,53.387733],[-6.584921,53.387643],[-6.585161,53.387465],[-6.585309,53.387362],[-6.585309,53.387347],[-6.585581,53.387174],[-6.585584,53.387106],[-6.585766,53.386988],[-6.585825,53.386946],[-6.5862,53.386686],[-6.58648,53.38649],[-6.586608,53.386401],[-6.586714,53.386317],[-6.586784,53.386262],[-6.587161,53.385943],[-6.587483,53.385663],[-6.587974,53.385227],[-6.588003,53.385201],[-6.588125,53.385092],[-6.588219,53.385008],[-6.588395,53.38485],[-6.588426,53.384824],[-6.588489,53.384768],[-6.588602,53.384657],[-6.588686,53.384578],[-6.58882,53.384452],[-6.588886,53.384384],[-6.589019,53.384248],[-6.589069,53.384193],[-6.589284,53.383959],[-6.58942,53.383792],[-6.589532,53.383621],[-6.589591,53.38348],[-6.5896,53.383374],[-6.589596,53.383306],[-6.589574,53.38324],[-6.589165,53.382759],[-6.5892,53.382749],[-6.588891,53.382394],[-6.588853,53.382347],[-6.588836,53.38232],[-6.588843,53.382307],[-6.588887,53.382249],[-6.589443,53.382087],[-6.589874,53.381953],[-6.590148,53.381873]],"type":"LineString"},"properties":{"hex_id":"89182c1a147ffff","service":"GP","dest_id":"1","dest_name":"Maynooth Medical","walk_min":12.29,"distance_m":1021}},{"type":"Feature","geometry":{"coordinates":[[-6.608765,53.374235],[-6.608653,53.374257],[-6.60846,53.374294],[-6.608247,53.374336],[-6.607677,53.374447],[-6.607514,53.374474],[-6.607352,53.374494],[-6.607169,53.374512],[-6.606959,53.374525],[-6.606585,53.374539],[-6.606468,53.374544],[-6.606072,53.374556],[-6.605912,53.374566],[-6.605751,53.374583],[-6.605285,53.37465],[-6.605058,53.374688],[-6.604835,53.374727],[-6.60449,53.374792],[-6.604203,53.374836],[-6.603903,53.37487],[-6.603595,53.374908],[-6.603286,53.374937],[-6.603093,53.374954],[-6.602882,53.37499],[-6.602841,53.374999],[-6.602646,53.375051],[-6.602426,53.375119],[-6.602275,53.375172],[-6.602107,53.375231],[-6.601975,53.375276],[-6.601795,53.37533],[-6.601501,53.375398],[-6.601255,53.375434],[-6.600891,53.375457],[-6.60059,53.375475],[-6.600526,53.375266],[-6.600478,53.375147],[-6.600367,53.374994],[-6.600192,53.374766],[-6.600575,53.374708]],"type":"LineString"},"properties":{"hex_id":"89182c18583ffff","service":"GP","dest_id":"6","dest_name":"Dr Denise Nolan","walk_min":8.11,"distance_m":676}},{"type":"Feature","geometry":{"coordinates":[[-6.569962,53.367122],[-6.570872,53.367149],[-6.571138,53.367186],[-6.571245,53.367206],[-6.571755,53.367337],[-6.576137,53.368564],[-6.577226,53.368866],[-6.577593,53.368968],[-6.577924,53.36906],[-6.578873,53.369323],[-6.579422,53.369476],[-6.579633,53.369537],[-6.579694,53.369554],[-6.579787,53.369581],[-6.579877,53.369605],[-6.579905,53.369613],[-6.580014,53.369642],[-6.580281,53.369713],[-6.580514,53.369783],[-6.580725,53.369846],[-6.580801,53.369876],[-6.58094,53.369931],[-6.581101,53.370009],[-6.581186,53.370056],[-6.581284,53.370112],[-6.58133,53.370139],[-6.581384,53.37017],[-6.581752,53.370418],[-6.581926,53.370553],[-6.582131,53.370708],[-6.582514,53.370994],[-6.58369,53.371912],[-6.583998,53.372152],[-6.584367,53.372455],[-6.584468,53.37253],[-6.584789,53.37277],[-6.585108,53.373033],[-6.585232,53.373135],[-6.586314,53.373963],[-6.58638,53.374014],[-6.586485,53.374095],[-6.586529,53.374128],[-6.58755,53.374913],[-6.587695,53.374993],[-6.58779,53.375029],[-6.587895,53.375055],[-6.587825,53.37517],[-6.587792,53.375237],[-6.58775,53.375318],[-6.587701,53.375495],[-6.587634,53.375618],[-6.58745,53.376106],[-6.587381,53.376391],[-6.587358,53.376609],[-6.587348,53.376878],[-6.587345,53.377193],[-6.587361,53.377298],[-6.587417,53.377646],[-6.587449,53.377806],[-6.587414,53.377807],[-6.587073,53.377813],[-6.58679,53.377818]],"type":"LineString"},"properties":{"hex_id":"89182c1aeafffff","service":"GP","dest_id":"4","dest_name":"Park Lodge Medical","walk_min":22.72,"distance_m":1891}},{"type":"Feature","geometry":{"coordinates":[[-6.587461,53.378874],[-6.587457,53.378875],[-6.587171,53.378925],[-6.587137,53.378947],[-6.587451,53.378931],[-6.587715,53.378965],[-6.587896,53.378995],[-6.588006,53.379001],[-6.588023,53.379],[-6.588066,53.379],[-6.588001,53.378907],[-6.587719,53.378437],[-6.587658,53.378319],[-6.587616,53.378218],[-6.587531,53.378021],[-6.587449,53.377806],[-6.587414,53.377807],[-6.587073,53.377813],[-6.58679,53.377818]],"type":"LineString"},"properties":{"hex_id":"89182c1aec3ffff","service":"GP","dest_id":"4","dest_name":"Park Lodge Medical","walk_min":3.23,"distance_m":269}},{"type":"Feature","geometry":{"coordinates":[[-6.600306,53.372374],[-6.600371,53.372405],[-6.600384,53.372456],[-6.599665,53.372862],[-6.59983,53.372975],[-6.599503,53.373113],[-6.599526,53.373143],[-6.599585,53.373291],[-6.599612,53.373363],[-6.599744,53.373642],[-6.599833,53.373879],[-6.599974,53.374199],[-6.600079,53.374478],[-6.600192,53.374766],[-6.600575,53.374708]],"type":"LineString"},"properties":{"hex_id":"89182c1ae4bffff","service":"GP","dest_id":"6","dest_name":"Dr Denise Nolan","walk_min":4.04,"distance_m":336}},{"type":"Feature","geometry":{"coordinates":[[-6.582107,53.379118],[-6.582107,53.379118],[-6.582152,53.379053],[-6.581898,53.378287],[-6.5824,53.378222],[-6.582736,53.37818],[-6.582899,53.378159],[-6.583506,53.378079],[-6.583559,53.378072],[-6.583908,53.378031],[-6.584789,53.377936],[-6.585229,53.377891],[-6.585783,53.377844],[-6.586366,53.377825],[-6.586573,53.377821],[-6.58679,53.377818]],"type":"LineString"},"properties":{"hex_id":"89182c1aed7ffff","service":"GP","dest_id":"4","dest_name":"Park Lodge Medical","walk_min":5.1,"distance_m":425}},{"type":"Feature","geometry":{"coordinates":[[-6.597442,53.378021],[-6.597247,53.37813],[-6.597186,53.378166],[-6.597165,53.37816],[-6.597138,53.378166],[-6.596834,53.378368],[-6.596779,53.378326],[-6.596737,53.378294],[-6.5967,53.37827],[-6.596609,53.37825],[-6.596582,53.378302],[-6.596553,53.378358],[-6.596533,53.37843],[-6.596509,53.378439],[-6.596479,53.378437],[-6.596433,53.378419],[-6.596341,53.378492],[-6.596089,53.378644],[-6.596016,53.378689],[-6.595938,53.378733],[-6.594954,53.379389],[-6.59493,53.379413],[-6.595009,53.379471],[-6.594914,53.37955],[-6.594896,53.37956],[-6.594965,53.379611],[-6.594991,53.379632],[-6.595028,53.379653],[-6.594884,53.379734],[-6.594547,53.379928],[-6.594517,53.38002],[-6.594505,53.380092],[-6.594515,53.380173],[-6.594527,53.380258],[-6.594516,53.380432],[-6.594455,53.380461],[-6.59433,53.380491],[-6.594288,53.380506],[-6.594225,53.380527],[-6.594011,53.380605],[-6.59372,53.38073],[-6.593656,53.380757],[-6.593575,53.380779],[-6.593441,53.380815],[-6.593388,53.380847],[-6.593256,53.380892],[-6.593131,53.380916],[-6.593013,53.380943],[-6.593006,53.380999],[-6.593003,53.381024],[-6.592999,53.38104],[-6.592982,53.381053],[-6.592897,53.381079],[-6.592878,53.381085],[-6.592858,53.381092],[-6.592818,53.381105],[-6.592924,53.381242],[-6.592948,53.38127],[-6.593186,53.381538],[-6.593241,53.381615],[-6.593238,53.381644],[-6.593222,53.381668],[-6.593331,53.381829],[-6.593504,53.382028],[-6.593517,53.382063],[-6.593542,53.382122],[-6.593625,53.382225]],"type":"LineString"},"properties":{"hex_id":"89182c1a327ffff","service":"GP","dest_id":"2","dest_name":"Manor Mills Medical","walk_min":8.02,"distance_m":669}},{"type":"Feature","geometry":{"coordinates":[[-6.612764,53.369246],[-6.612906,53.369323],[-6.613032,53.369334],[-6.613171,53.36939],[-6.61326,53.369508],[-6.613413,53.36958],[-6.613845,53.369741],[-6.614661,53.370046],[-6.615603,53.370369],[-6.615833,53.370458],[-6.616121,53.370583],[-6.616226,53.370625],[-6.615987,53.370802],[-6.61497,53.371565],[-6.613555,53.372658],[-6.613228,53.372873],[-6.612858,53.373069],[-6.612472,53.373277],[-6.612042,53.373472],[-6.611557,53.373645],[-6.611073,53.373779],[-6.610461,53.373916],[-6.609845,53.374055],[-6.609764,53.37407],[-6.608898,53.37421],[-6.608653,53.374257],[-6.60846,53.374294],[-6.608247,53.374336],[-6.607677,53.374447],[-6.607514,53.374474],[-6.607352,53.374494],[-6.607169,53.374512],[-6.606959,53.374525],[-6.606585,53.374539],[-6.606468,53.374544],[-6.606072,53.374556],[-6.605912,53.374566],[-6.605751,53.374583],[-6.605285,53.37465],[-6.605058,53.374688],[-6.604835,53.374727],[-6.60449,53.374792],[-6.604203,53.374836],[-6.603903,53.37487],[-6.603595,53.374908],[-6.603286,53.374937],[-6.603093,53.374954],[-6.602882,53.37499],[-6.602841,53.374999],[-6.602646,53.375051],[-6.602426,53.375119],[-6.602275,53.375172],[-6.602107,53.375231],[-6.601975,53.375276],[-6.601795,53.37533],[-6.601501,53.375398],[-6.601255,53.375434],[-6.600891,53.375457],[-6.60059,53.375475],[-6.600526,53.375266],[-6.600478,53.375147],[-6.600367,53.374994],[-6.600192,53.374766],[-6.600575,53.374708]],"type":"LineString"},"properties":{"hex_id":"89182c1858fffff","service":"GP","dest_id":"6","dest_name":"Dr Denise Nolan","walk_min":19.38,"distance_m":1615}},{"type":"Feature","geometry":{"coordinates":[[-6.5832,53.368486],[-6.583031,53.368852],[-6.582972,53.368901],[-6.582875,53.368919],[-6.581963,53.36871],[-6.581676,53.368645],[-6.581566,53.368807],[-6.581476,53.3689],[-6.581083,53.369531],[-6.580879,53.369818],[-6.580979,53.369849],[-6.580967,53.369872],[-6.58094,53.369931],[-6.581101,53.370009],[-6.581186,53.370056],[-6.581284,53.370112],[-6.58133,53.370139],[-6.581384,53.37017],[-6.581752,53.370418],[-6.581926,53.370553],[-6.582131,53.370708],[-6.582514,53.370994],[-6.58369,53.371912],[-6.583998,53.372152],[-6.584367,53.372455],[-6.584468,53.37253],[-6.584789,53.37277],[-6.585108,53.373033],[-6.585232,53.373135],[-6.586314,53.373963],[-6.58638,53.374014],[-6.586485,53.374095],[-6.586529,53.374128],[-6.58755,53.374913],[-6.587695,53.374993],[-6.58779,53.375029],[-6.587895,53.375055],[-6.587825,53.37517],[-6.587792,53.375237],[-6.58775,53.375318],[-6.587701,53.375495],[-6.587634,53.375618],[-6.58745,53.376106],[-6.587381,53.376391],[-6.587358,53.376609],[-6.587348,53.376878],[-6.587345,53.377193],[-6.587361,53.377298],[-6.587417,53.377646],[-6.587449,53.377806],[-6.587414,53.377807],[-6.587073,53.377813],[-6.58679,53.377818]],"type":"LineString"},"properties":{"hex_id":"89182c1ae0fffff","service":"GP","dest_id":"4","dest_name":"Park Lodge Medical","walk_min":16.72,"distance_m":1391}},{"type":"Feature","geometry":{"coordinates":[[-6.578716,53.36988],[-6.578808,53.369758],[-6.578865,53.369638],[-6.578856,53.369584],[-6.578824,53.369482],[-6.57883,53.369419],[-6.578873,53.369323],[-6.579422,53.369476],[-6.579633,53.369537],[-6.579694,53.369554],[-6.579787,53.369581],[-6.579877,53.369605],[-6.579905,53.369613],[-6.580014,53.369642],[-6.580281,53.369713],[-6.580514,53.369783],[-6.580725,53.369846],[-6.580801,53.369876],[-6.58094,53.369931],[-6.581101,53.370009],[-6.581186,53.370056],[-6.581284,53.370112],[-6.58133,53.370139],[-6.581384,53.37017],[-6.581752,53.370418],[-6.581926,53.370553],[-6.582131,53.370708],[-6.582514,53.370994],[-6.58369,53.371912],[-6.583998,53.372152],[-6.584367,53.372455],[-6.584468,53.37253],[-6.584789,53.37277],[-6.585108,53.373033],[-6.585232,53.373135],[-6.586314,53.373963],[-6.58638,53.374014],[-6.586485,53.374095],[-6.586529,53.374128],[-6.58755,53.374913],[-6.587695,53.374993],[-6.58779,53.375029],[-6.587895,53.375055],[-6.587825,53.37517],[-6.587792,53.375237],[-6.58775,53.375318],[-6.587701,53.375495],[-6.587634,53.375618],[-6.58745,53.376106],[-6.587381,53.376391],[-6.587358,53.376609],[-6.587348,53.376878],[-6.587345,53.377193],[-6.587361,53.377298],[-6.587417,53.377646],[-6.587449,53.377806],[-6.587414,53.377807],[-6.587073,53.377813],[-6.58679,53.377818]],"type":"LineString"},"properties":{"hex_id":"89182c1ae17ffff","service":"GP","dest_id":"4","dest_name":"Park Lodge Medical","walk_min":15.75,"distance_m":1309}},{"type":"Feature","geometry":{"coordinates":[[-6.577245,53.379648],[-6.577245,53.379648],[-6.577773,53.378827],[-6.578077,53.378805],[-6.578379,53.378767],[-6.578655,53.378728],[-6.579673,53.378595],[-6.580136,53.378524],[-6.580291,53.378502],[-6.580642,53.378454],[-6.581206,53.378376],[-6.581836,53.378295],[-6.581898,53.378287],[-6.5824,53.378222],[-6.582736,53.37818],[-6.582899,53.378159],[-6.583506,53.378079],[-6.583559,53.378072],[-6.583908,53.378031],[-6.584789,53.377936],[-6.585229,53.377891],[-6.585783,53.377844],[-6.586366,53.377825],[-6.586573,53.377821],[-6.58679,53.377818]],"type":"LineString"},"properties":{"hex_id":"89182c1ae9bffff","service":"GP","dest_id":"4","dest_name":"Park Lodge Medical","walk_min":8.51,"distance_m":709}},{"type":"Feature","geometry":{"coordinates":[[-6.598132,53.386075],[-6.598218,53.386008],[-6.598381,53.38587],[-6.598504,53.385735],[-6.598589,53.385619],[-6.59861,53.385576],[-6.598742,53.385582],[-6.598799,53.385517],[-6.598804,53.385443],[-6.59869,53.385258],[-6.598578,53.385197],[-6.598544,53.385149],[-6.598455,53.385028],[-6.598359,53.384907],[-6.598344,53.384908],[-6.59826,53.384801],[-6.598318,53.384776],[-6.598422,53.38459],[-6.598552,53.384552],[-6.598662,53.38453],[-6.598764,53.384506],[-6.598841,53.38448],[-6.598923,53.384455],[-6.59891,53.384401],[-6.598901,53.384338],[-6.5989,53.384249],[-6.598898,53.384208],[-6.598894,53.384018],[-6.598909,53.38397],[-6.598889,53.383934],[-6.598845,53.383855],[-6.598808,53.383797],[-6.598885,53.383774],[-6.598866,53.383752],[-6.598848,53.383758],[-6.598831,53.383732],[-6.598812,53.383737],[-6.598789,53.3837],[-6.598813,53.383693],[-6.598813,53.383693]],"type":"LineString"},"properties":{"hex_id":"89182c1a3abffff","service":"GP","dest_id":"7","dest_name":"Student Medical Center","walk_min":3.95,"distance_m":330}},{"type":"Feature","geometry":{"coordinates":[[-6.600419,53.394189],[-6.600025,53.393506],[-6.599935,53.393346],[-6.599818,53.393149],[-6.599788,53.39309],[-6.59965,53.393131],[-6.599601,53.393147],[-6.599549,53.393083],[-6.599587,53.393068],[-6.599601,53.393059],[-6.599607,53.393048],[-6.599612,53.393036],[-6.599617,53.393023],[-6.599594,53.392941],[-6.5994,53.392506],[-6.599344,53.392425],[-6.599167,53.3921],[-6.598825,53.391447],[-6.598797,53.391404],[-6.598582,53.391073],[-6.598364,53.390666],[-6.598215,53.390388],[-6.59792,53.389841],[-6.597633,53.389262],[-6.597544,53.389108],[-6.597416,53.388885],[-6.597346,53.388763],[-6.597235,53.388595],[-6.597134,53.388398],[-6.597079,53.388288],[-6.596926,53.387989],[-6.596915,53.387966],[-6.596513,53.387286],[-6.596235,53.386752],[-6.595918,53.386174],[-6.595774,53.385889],[-6.59573,53.385851],[-6.595682,53.38577],[-6.595587,53.385607],[-6.595518,53.38549],[-6.595462,53.38539],[-6.595181,53.384892],[-6.595028,53.384616],[-6.594915,53.384439],[-6.594666,53.383991],[-6.594609,53.383893],[-6.594445,53.383613],[-6.594386,53.383469],[-6.594162,53.383085],[-6.594131,53.383031],[-6.594189,53.383022],[-6.594345,53.382995],[-6.594251,53.382845],[-6.594201,53.382794],[-6.594197,53.38272],[-6.594227,53.382688],[-6.593985,53.382634],[-6.593915,53.382574],[-6.593805,53.382443],[-6.593721,53.382343],[-6.593625,53.382225]],"type":"LineString"},"properties":{"hex_id":"89182c1a38bffff","service":"GP","dest_id":"2","dest_name":"Manor Mills Medical","walk_min":17.45,"distance_m":1451}},{"type":"Feature","geometry":{"coordinates":[[-6.58229,53.388681],[-6.58229,53.388681],[-6.582458,53.38866],[-6.582648,53.388623],[-6.582782,53.38859],[-6.582862,53.388556],[-6.582961,53.388521],[-6.583188,53.388462],[-6.583427,53.388388],[-6.583686,53.388288],[-6.583888,53.388202],[-6.584096,53.388096],[-6.584147,53.388071],[-6.584783,53.387733],[-6.584921,53.387643],[-6.585161,53.387465],[-6.585309,53.387362],[-6.585309,53.387347],[-6.585581,53.387174],[-6.585584,53.387106],[-6.585766,53.386988],[-6.585825,53.386946],[-6.5862,53.386686],[-6.58648,53.38649],[-6.586608,53.386401],[-6.586714,53.386317],[-6.586784,53.386262],[-6.587161,53.385943],[-6.587483,53.385663],[-6.587974,53.385227],[-6.588003,53.385201],[-6.588125,53.385092],[-6.588219,53.385008],[-6.588395,53.38485],[-6.588426,53.384824],[-6.588489,53.384768],[-6.588602,53.384657],[-6.588686,53.384578],[-6.58882,53.384452],[-6.588886,53.384384],[-6.589019,53.384248],[-6.589069,53.384193],[-6.589284,53.383959],[-6.58942,53.383792],[-6.589532,53.383621],[-6.589591,53.38348],[-6.5896,53.383374],[-6.589596,53.383306],[-6.589574,53.38324],[-6.589165,53.382759],[-6.5892,53.382749],[-6.588891,53.382394],[-6.588853,53.382347],[-6.588836,53.38232],[-6.588843,53.382307],[-6.588887,53.382249],[-6.589443,53.382087],[-6.589874,53.381953],[-6.590148,53.381873]],"type":"LineString"},"properties":{"hex_id":"89182c1a143ffff","service":"GP","dest_id":"1","dest_name":"Maynooth Medical","walk_min":12.29,"distance_m":1021}},{"type":"Feature","geometry":{"coordinates":[[-6.593643,53.36714],[-6.593356,53.367072],[-6.592626,53.366821],[-6.592,53.36656],[-6.591734,53.366389],[-6.591719,53.366343],[-6.591661,53.365913],[-6.591586,53.365526],[-6.591526,53.365519],[-6.591282,53.365581],[-6.591241,53.365621],[-6.59126,53.365686],[-6.591259,53.365748],[-6.591257,53.36581],[-6.591299,53.365914],[-6.591323,53.366122],[-6.591277,53.366683],[-6.591274,53.366796],[-6.591251,53.367314],[-6.591217,53.367553],[-6.591211,53.367656],[-6.591165,53.368273],[-6.591132,53.368544],[-6.590931,53.369334],[-6.590907,53.369468],[-6.590897,53.369528],[-6.590783,53.369918],[-6.590722,53.370082],[-6.590625,53.370293],[-6.590588,53.370363],[-6.590516,53.370469],[-6.590511,53.370479],[-6.59043,53.370645],[-6.590355,53.370799],[-6.590298,53.370913],[-6.590192,53.37094],[-6.589631,53.371959],[-6.589482,53.372252],[-6.589414,53.37232],[-6.589376,53.372353],[-6.589315,53.372467],[-6.589302,53.372515],[-6.589294,53.372598],[-6.588636,53.373772],[-6.58852,53.373983],[-6.588467,53.374068],[-6.588285,53.374406],[-6.588197,53.374577],[-6.588105,53.374748],[-6.588016,53.374902],[-6.58793,53.374986],[-6.587895,53.375055],[-6.587825,53.37517],[-6.587792,53.375237],[-6.58775,53.375318],[-6.587701,53.375495],[-6.587634,53.375618],[-6.58745,53.376106],[-6.587381,53.376391],[-6.587358,53.376609],[-6.587348,53.376878],[-6.587345,53.377193],[-6.587361,53.377298],[-6.587417,53.377646],[-6.587449,53.377806],[-6.587414,53.377807],[-6.587073,53.377813],[-6.58679,53.377818]],"type":"LineString"},"properties":{"hex_id":"89182c1ae7bffff","service":"GP","dest_id":"4","dest_name":"Park Lodge Medical","walk_min":20.7,"distance_m":1720}},{"type":"Feature","geometry":{"coordinates":[[-6.61413,53.381934],[-6.61413,53.381934],[-6.614063,53.381938],[-6.613859,53.381945],[-6.613671,53.381947],[-6.613521,53.381945],[-6.613462,53.381949],[-6.613383,53.381951],[-6.613249,53.381957],[-6.613245,53.381863],[-6.613238,53.38176],[-6.613229,53.381669],[-6.613222,53.381615],[-6.613242,53.381492],[-6.613254,53.381443],[-6.613262,53.381375],[-6.613197,53.381379],[-6.613023,53.381387],[-6.611475,53.381511],[-6.610401,53.381616],[-6.609939,53.38164],[-6.608601,53.381665],[-6.608029,53.381644],[-6.607472,53.38161],[-6.60652,53.381542],[-6.60616,53.381529],[-6.605703,53.381523],[-6.605678,53.381523],[-6.605651,53.381524],[-6.605673,53.381645],[-6.60564,53.381872],[-6.60547,53.382006],[-6.605443,53.382367],[-6.605718,53.382364]],"type":"LineString"},"properties":{"hex_id":"89182c1a363ffff","service":"GP","dest_id":"5","dest_name":"The Leinster Clinic","walk_min":8.99,"distance_m":749}},{"type":"Feature","geometry":{"coordinates":[[-6.601629,53.387277],[-6.601003,53.387033],[-6.600894,53.387122],[-6.600859,53.387146],[-6.600777,53.387176],[-6.600573,53.387153],[-6.60043,53.387111],[-6.600165,53.386994],[-6.599954,53.386919],[-6.599085,53.386606],[-6.599123,53.386565],[-6.599147,53.386551],[-6.599243,53.386468],[-6.599257,53.386454],[-6.599346,53.386371],[-6.599385,53.386332],[-6.599564,53.38618],[-6.599468,53.38614],[-6.599432,53.386127],[-6.599398,53.386092],[-6.599405,53.386085],[-6.599409,53.386077],[-6.599407,53.386068],[-6.599402,53.38606],[-6.599392,53.386054],[-6.599533,53.385928],[-6.599696,53.385787],[-6.599816,53.385677],[-6.599852,53.385645],[-6.599883,53.385621],[-6.599911,53.385585],[-6.599941,53.385489],[-6.59994,53.385432],[-6.599875,53.385349],[-6.600088,53.385285],[-6.600112,53.385276],[-6.600137,53.385262],[-6.600107,53.385178],[-6.600034,53.385086],[-6.599861,53.384883],[-6.599769,53.38475],[-6.599758,53.384734],[-6.599804,53.3846],[-6.599691,53.38448],[-6.599659,53.384404],[-6.599646,53.384325],[-6.599703,53.384262],[-6.599674,53.384254],[-6.599695,53.384216],[-6.599743,53.384175],[-6.599287,53.384037],[-6.598999,53.38398],[-6.598909,53.38397],[-6.598889,53.383934],[-6.598845,53.383855],[-6.598808,53.383797],[-6.598885,53.383774],[-6.598866,53.383752],[-6.598848,53.383758],[-6.598831,53.383732],[-6.598812,53.383737],[-6.598789,53.3837],[-6.598813,53.383693],[-6.598813,53.383693]],"type":"LineString"},"properties":{"hex_id":"89182c1a317ffff","service":"GP","dest_id":"7","dest_name":"Student Medical Center","walk_min":7.67,"distance_m":623}},{"type":"Feature","geometry":{"coordinates":[[-6.607035,53.385164],[-6.607022,53.38509],[-6.60699,53.384919],[-6.606949,53.384909],[-6.606542,53.384935],[-6.606083,53.384964],[-6.60544,53.385004],[-6.604928,53.385037],[-6.604832,53.385048],[-6.604773,53.38506],[-6.60471,53.384956],[-6.604672,53.384851],[-6.604662,53.384825],[-6.604642,53.384762],[-6.604616,53.384723],[-6.604498,53.384759],[-6.604436,53.384778],[-6.604392,53.384791],[-6.604252,53.384834],[-6.604128,53.384869],[-6.604045,53.384894],[-6.603974,53.384918],[-6.60367,53.385013],[-6.6036,53.385034],[-6.60354,53.385048],[-6.603426,53.38506],[-6.60339,53.385017],[-6.603251,53.384835],[-6.60322,53.384792],[-6.603027,53.384533],[-6.602988,53.384483],[-6.602962,53.384448],[-6.60294,53.384417],[-6.602921,53.384395],[-6.602907,53.384378],[-6.602898,53.384366],[-6.602789,53.38427],[-6.602757,53.384264],[-6.602611,53.384239],[-6.602482,53.384257],[-6.602446,53.384267],[-6.602374,53.384281],[-6.602232,53.384322],[-6.602086,53.384365],[-6.601773,53.384448],[-6.601682,53.384471],[-6.601557,53.384452],[-6.601421,53.384419],[-6.601222,53.384371],[-6.601188,53.384376],[-6.601118,53.384364],[-6.600688,53.38426],[-6.600666,53.384265],[-6.60062,53.384264],[-6.600534,53.384271],[-6.600444,53.384306],[-6.600396,53.384348],[-6.600371,53.38436],[-6.600287,53.384394],[-6.6001,53.384457],[-6.600009,53.38446],[-6.599916,53.384369],[-6.599885,53.38434],[-6.599776,53.384245],[-6.599727,53.384225],[-6.599695,53.384216],[-6.599743,53.384175],[-6.599287,53.384037],[-6.598999,53.38398],[-6.598909,53.38397],[-6.598889,53.383934],[-6.598845,53.383855],[-6.598808,53.383797],[-6.598885,53.383774],[-6.598866,53.383752],[-6.598848,53.383758],[-6.598831,53.383732],[-6.598812,53.383737],[-6.598789,53.3837],[-6.598813,53.383693],[-6.598813,53.383693]],"type":"LineString"},"properties":{"hex_id":"89182c1a30fffff","service":"GP","dest_id":"7","dest_name":"Student Medical Center","walk_min":8.94,"distance_m":745}},{"type":"Feature","geometry":{"coordinates":[[-6.598473,53.390643],[-6.598364,53.390666],[-6.598215,53.390388],[-6.59792,53.389841],[-6.597633,53.389262],[-6.597544,53.389108],[-6.597416,53.388885],[-6.597346,53.388763],[-6.597235,53.388595],[-6.597134,53.388398],[-6.597079,53.388288],[-6.596926,53.387989],[-6.596915,53.387966],[-6.596513,53.387286],[-6.596235,53.386752],[-6.595918,53.386174],[-6.595774,53.385889],[-6.59573,53.385851],[-6.595682,53.38577],[-6.595587,53.385607],[-6.595518,53.38549],[-6.595462,53.38539],[-6.595181,53.384892],[-6.595028,53.384616],[-6.594915,53.384439],[-6.594666,53.383991],[-6.594609,53.383893],[-6.594445,53.383613],[-6.594386,53.383469],[-6.594162,53.383085],[-6.594131,53.383031],[-6.594189,53.383022],[-6.594345,53.382995],[-6.594251,53.382845],[-6.594201,53.382794],[-6.594197,53.38272],[-6.594227,53.382688],[-6.593985,53.382634],[-6.593915,53.382574],[-6.593805,53.382443],[-6.593721,53.382343],[-6.593625,53.382225]],"type":"LineString"},"properties":{"hex_id":"89182c1a38fffff","service":"GP","dest_id":"2","dest_name":"Manor Mills Medical","walk_min":12.29,"distance_m":1024}},{"type":"Feature","geometry":{"coordinates":[[-6.59129,53.391831],[-6.591863,53.391603],[-6.592003,53.391537],[-6.592143,53.391506],[-6.592167,53.391501],[-6.592255,53.391483],[-6.59223,53.391437],[-6.592329,53.39141],[-6.592434,53.391365],[-6.592503,53.391324],[-6.592535,53.391282],[-6.592503,53.391169],[-6.592466,53.391118],[-6.592662,53.391073],[-6.593427,53.39092],[-6.593527,53.390904],[-6.593796,53.390867],[-6.593958,53.39086],[-6.594039,53.390866],[-6.594072,53.390869],[-6.594081,53.390817],[-6.594076,53.390641],[-6.594074,53.390544],[-6.594008,53.390316],[-6.593924,53.390113],[-6.593873,53.389991],[-6.593751,53.389801],[-6.593613,53.389619],[-6.593496,53.389501],[-6.5933,53.389319],[-6.593591,53.389167],[-6.59384,53.38906],[-6.594144,53.388954],[-6.594177,53.388943],[-6.594243,53.388919],[-6.594279,53.388911],[-6.594582,53.388851],[-6.595142,53.388715],[-6.595332,53.388657],[-6.595563,53.388584],[-6.595704,53.388533],[-6.595855,53.388485],[-6.596064,53.388437],[-6.596754,53.388346],[-6.597079,53.388288],[-6.596926,53.387989],[-6.596915,53.387966],[-6.596513,53.387286],[-6.596235,53.386752],[-6.595918,53.386174],[-6.595774,53.385889],[-6.59573,53.385851],[-6.595682,53.38577],[-6.595587,53.385607],[-6.595518,53.38549],[-6.595462,53.38539],[-6.595181,53.384892],[-6.595028,53.384616],[-6.594915,53.384439],[-6.594666,53.383991],[-6.594609,53.383893],[-6.594445,53.383613],[-6.594386,53.383469],[-6.594162,53.383085],[-6.594131,53.383031],[-6.594189,53.383022],[-6.594345,53.382995],[-6.594251,53.382845],[-6.594201,53.382794],[-6.594197,53.38272],[-6.594227,53.382688],[-6.593985,53.382634],[-6.593915,53.382574],[-6.593805,53.382443],[-6.593721,53.382343],[-6.593625,53.382225]],"type":"LineString"},"properties":{"hex_id":"89182c1a14bffff","service":"GP","dest_id":"2","dest_name":"Manor Mills Medical","walk_min":17.28,"distance_m":1440}},{"type":"Feature","geometry":{"coordinates":[[-6.600798,53.368731],[-6.600497,53.368704],[-6.59991,53.36855],[-6.5982,53.36816],[-6.596054,53.367677],[-6.594322,53.367301],[-6.593356,53.367072],[-6.592626,53.366821],[-6.592,53.36656],[-6.591734,53.366389],[-6.591719,53.366343],[-6.591661,53.365913],[-6.591586,53.365526],[-6.591526,53.365519],[-6.591282,53.365581],[-6.591241,53.365621],[-6.59126,53.365686],[-6.591259,53.365748],[-6.591257,53.36581],[-6.591299,53.365914],[-6.591323,53.366122],[-6.591277,53.366683],[-6.591274,53.366796],[-6.591251,53.367314],[-6.591217,53.367553],[-6.591211,53.367656],[-6.591165,53.368273],[-6.591132,53.368544],[-6.590931,53.369334],[-6.590907,53.369468],[-6.590897,53.369528],[-6.590783,53.369918],[-6.590722,53.370082],[-6.590625,53.370293],[-6.590588,53.370363],[-6.590516,53.370469],[-6.590511,53.370479],[-6.59043,53.370645],[-6.590355,53.370799],[-6.590298,53.370913],[-6.590192,53.37094],[-6.589631,53.371959],[-6.589482,53.372252],[-6.589414,53.37232],[-6.589376,53.372353],[-6.589315,53.372467],[-6.589302,53.372515],[-6.589294,53.372598],[-6.588636,53.373772],[-6.58852,53.373983],[-6.588467,53.374068],[-6.588285,53.374406],[-6.588197,53.374577],[-6.588105,53.374748],[-6.588016,53.374902],[-6.58793,53.374986],[-6.587895,53.375055],[-6.587825,53.37517],[-6.587792,53.375237],[-6.58775,53.375318],[-6.587701,53.375495],[-6.587634,53.375618],[-6.58745,53.376106],[-6.587381,53.376391],[-6.587358,53.376609],[-6.587348,53.376878],[-6.587345,53.377193],[-6.587361,53.377298],[-6.587417,53.377646],[-6.587449,53.377806],[-6.587414,53.377807],[-6.587073,53.377813],[-6.58679,53.377818]],"type":"LineString"},"properties":{"hex_id":"89182c185b3ffff","service":"GP","dest_id":"4","dest_name":"Park Lodge Medical","walk_min":26.81,"distance_m":2228}},{"type":"Feature","geometry":{"coordinates":[[-6.580664,53.374301],[-6.580572,53.374339],[-6.581245,53.375206],[-6.582234,53.374937],[-6.582388,53.375125],[-6.58269,53.375534],[-6.583197,53.375394],[-6.583673,53.376042],[-6.584422,53.375824],[-6.584554,53.375874],[-6.584989,53.376025],[-6.584833,53.376385],[-6.584697,53.37654],[-6.584787,53.376574],[-6.584945,53.377049],[-6.584901,53.377098],[-6.584509,53.377148],[-6.584738,53.377755],[-6.584749,53.377788],[-6.584789,53.377936],[-6.585229,53.377891],[-6.585783,53.377844],[-6.586366,53.377825],[-6.586573,53.377821],[-6.58679,53.377818]],"type":"LineString"},"properties":{"hex_id":"89182c1ae13ffff","service":"GP","dest_id":"4","dest_name":"Park Lodge Medical","walk_min":10.24,"distance_m":853}},{"type":"Feature","geometry":{"coordinates":[[-6.591853,53.370295],[-6.591802,53.370296],[-6.591657,53.370336],[-6.591483,53.370395],[-6.591519,53.370478],[-6.591366,53.37077],[-6.591751,53.37085],[-6.591942,53.370893],[-6.592048,53.370917],[-6.592428,53.370986],[-6.592877,53.37105],[-6.593252,53.371091],[-6.593473,53.371112],[-6.594519,53.371204],[-6.594554,53.371206],[-6.595344,53.371271],[-6.595841,53.371303],[-6.595959,53.371312],[-6.595994,53.371316],[-6.597133,53.371447],[-6.597431,53.371488],[-6.597775,53.371546],[-6.59803,53.371583],[-6.598214,53.371668],[-6.598268,53.371675],[-6.59835,53.371686],[-6.598269,53.37182],[-6.598143,53.372001],[-6.598045,53.372134],[-6.597934,53.37231],[-6.597996,53.372329],[-6.598403,53.372465],[-6.598592,53.372536],[-6.598701,53.372592],[-6.599059,53.372767],[-6.599392,53.37301],[-6.599503,53.373113],[-6.599526,53.373143],[-6.599585,53.373291],[-6.599612,53.373363],[-6.599744,53.373642],[-6.599833,53.373879],[-6.599974,53.374199],[-6.600079,53.374478],[-6.600192,53.374766],[-6.600575,53.374708]],"type":"LineString"},"properties":{"hex_id":"89182c1ae47ffff","service":"GP","dest_id":"6","dest_name":"Dr Denise Nolan","walk_min":11.75,"distance_m":980}},{"type":"Feature","geometry":{"coordinates":[[-6.573866,53.367928],[-6.576137,53.368564],[-6.577226,53.368866],[-6.577593,53.368968],[-6.577924,53.36906],[-6.578873,53.369323],[-6.579422,53.369476],[-6.579633,53.369537],[-6.579694,53.369554],[-6.579787,53.369581],[-6.579877,53.369605],[-6.579905,53.369613],[-6.580014,53.369642],[-6.580281,53.369713],[-6.580514,53.369783],[-6.580725,53.369846],[-6.580801,53.369876],[-6.58094,53.369931],[-6.581101,53.370009],[-6.581186,53.370056],[-6.581284,53.370112],[-6.58133,53.370139],[-6.581384,53.37017],[-6.581752,53.370418],[-6.581926,53.370553],[-6.582131,53.370708],[-6.582514,53.370994],[-6.58369,53.371912],[-6.583998,53.372152],[-6.584367,53.372455],[-6.584468,53.37253],[-6.584789,53.37277],[-6.585108,53.373033],[-6.585232,53.373135],[-6.586314,53.373963],[-6.58638,53.374014],[-6.586485,53.374095],[-6.586529,53.374128],[-6.58755,53.374913],[-6.587695,53.374993],[-6.58779,53.375029],[-6.587895,53.375055],[-6.587825,53.37517],[-6.587792,53.375237],[-6.58775,53.375318],[-6.587701,53.375495],[-6.587634,53.375618],[-6.58745,53.376106],[-6.587381,53.376391],[-6.587358,53.376609],[-6.587348,53.376878],[-6.587345,53.377193],[-6.587361,53.377298],[-6.587417,53.377646],[-6.587449,53.377806],[-6.587414,53.377807],[-6.587073,53.377813],[-6.58679,53.377818]],"type":"LineString"},"properties":{"hex_id":"89182c1ae33ffff","service":"GP","dest_id":"4","dest_name":"Park Lodge Medical","walk_min":19.38,"distance_m":1612}},{"type":"Feature","geometry":{"coordinates":[[-6.592323,53.397378],[-6.592328,53.397375],[-6.592551,53.397276],[-6.5928,53.397073],[-6.593082,53.397075],[-6.593428,53.397004],[-6.59368,53.396924],[-6.59392,53.396737],[-6.594092,53.396797],[-6.594812,53.397049],[-6.59582,53.397388],[-6.596335,53.397578],[-6.596868,53.397805],[-6.597109,53.398],[-6.597247,53.398217],[-6.597432,53.398415],[-6.597767,53.398613],[-6.598036,53.398701],[-6.598182,53.398744],[-6.598414,53.3988],[-6.599107,53.398876],[-6.599337,53.398927],[-6.599524,53.398991],[-6.599689,53.399046],[-6.599889,53.399105],[-6.600099,53.399147],[-6.600415,53.399191],[-6.602154,53.399549],[-6.60219,53.399147],[-6.602211,53.398947],[-6.602217,53.398865],[-6.602245,53.398452],[-6.602247,53.398056],[-6.602276,53.39776],[-6.602273,53.397565],[-6.602251,53.397471],[-6.602226,53.397429],[-6.60217,53.397334],[-6.602068,53.397137],[-6.601903,53.396863],[-6.601472,53.396091],[-6.60145,53.39605],[-6.60127,53.395722],[-6.60092,53.395059],[-6.600571,53.394453],[-6.600025,53.393506],[-6.599935,53.393346],[-6.599818,53.393149],[-6.599788,53.39309],[-6.59965,53.393131],[-6.599601,53.393147],[-6.599549,53.393083],[-6.599587,53.393068],[-6.599601,53.393059],[-6.599607,53.393048],[-6.599612,53.393036],[-6.599617,53.393023],[-6.599594,53.392941],[-6.5994,53.392506],[-6.599344,53.392425],[-6.599167,53.3921],[-6.598825,53.391447],[-6.598797,53.391404],[-6.598582,53.391073],[-6.598364,53.390666],[-6.598215,53.390388],[-6.59792,53.389841],[-6.597633,53.389262],[-6.597544,53.389108],[-6.597416,53.388885],[-6.597346,53.388763],[-6.597235,53.388595],[-6.597134,53.388398],[-6.597079,53.388288],[-6.596926,53.387989],[-6.596915,53.387966],[-6.596513,53.387286],[-6.596235,53.386752],[-6.595918,53.386174],[-6.595774,53.385889],[-6.59573,53.385851],[-6.595682,53.38577],[-6.595587,53.385607],[-6.595518,53.38549],[-6.595462,53.38539],[-6.595181,53.384892],[-6.595028,53.384616],[-6.594915,53.384439],[-6.594666,53.383991],[-6.594609,53.383893],[-6.594445,53.383613],[-6.594386,53.383469],[-6.594162,53.383085],[-6.594131,53.383031],[-6.594189,53.383022],[-6.594345,53.382995],[-6.594251,53.382845],[-6.594201,53.382794],[-6.594197,53.38272],[-6.594227,53.382688],[-6.593985,53.382634],[-6.593915,53.382574],[-6.593805,53.382443],[-6.593721,53.382343],[-6.593625,53.382225]],"type":"LineString"},"properties":{"hex_id":"89182c1a02fffff","service":"GP","dest_id":"2","dest_name":"Manor Mills Medical","walk_min":34.29,"distance_m":2854}},{"type":"Feature","geometry":{"coordinates":[[-6.571008,53.364108],[-6.571262,53.363668],[-6.572504,53.363982],[-6.572727,53.364024],[-6.573092,53.364054],[-6.573231,53.364061],[-6.574992,53.364129],[-6.576074,53.364187],[-6.57611,53.364188],[-6.576565,53.364207],[-6.576886,53.36422],[-6.577506,53.364245],[-6.577525,53.364246],[-6.578138,53.364287],[-6.578231,53.364293],[-6.578949,53.364408],[-6.579144,53.364435],[-6.579339,53.364431],[-6.579822,53.364431],[-6.581441,53.364388],[-6.581702,53.364404],[-6.581771,53.364408],[-6.582078,53.364449],[-6.582528,53.364581],[-6.583056,53.364697],[-6.583418,53.364755],[-6.583737,53.364807],[-6.584107,53.364809],[-6.584657,53.364697],[-6.585012,53.364626],[-6.585365,53.364599],[-6.585787,53.364586],[-6.587501,53.364556],[-6.588145,53.364552],[-6.589129,53.36452],[-6.589334,53.364537],[-6.589491,53.364564],[-6.590147,53.364678],[-6.590623,53.36476],[-6.590924,53.364814],[-6.590968,53.364822],[-6.591256,53.36485],[-6.59134,53.364848],[-6.591423,53.364846],[-6.591427,53.364911],[-6.59142,53.365042],[-6.59138,53.365147],[-6.591223,53.365385],[-6.591262,53.365416],[-6.59129,53.365451],[-6.591304,53.365489],[-6.591303,53.365536],[-6.591282,53.365581],[-6.591241,53.365621],[-6.59126,53.365686],[-6.591259,53.365748],[-6.591257,53.36581],[-6.591299,53.365914],[-6.591323,53.366122],[-6.591277,53.366683],[-6.591274,53.366796],[-6.591251,53.367314],[-6.591217,53.367553],[-6.591211,53.367656],[-6.591165,53.368273],[-6.591132,53.368544],[-6.590931,53.369334],[-6.590907,53.369468],[-6.590897,53.369528],[-6.590783,53.369918],[-6.590722,53.370082],[-6.590625,53.370293],[-6.590588,53.370363],[-6.590516,53.370469],[-6.590511,53.370479],[-6.59043,53.370645],[-6.590355,53.370799],[-6.590298,53.370913],[-6.590192,53.37094],[-6.589631,53.371959],[-6.589482,53.372252],[-6.589414,53.37232],[-6.589376,53.372353],[-6.589315,53.372467],[-6.589302,53.372515],[-6.589294,53.372598],[-6.588636,53.373772],[-6.58852,53.373983],[-6.588467,53.374068],[-6.588285,53.374406],[-6.588197,53.374577],[-6.588105,53.374748],[-6.588016,53.374902],[-6.58793,53.374986],[-6.587895,53.375055],[-6.587825,53.37517],[-6.587792,53.375237],[-6.58775,53.375318],[-6.587701,53.375495],[-6.587634,53.375618],[-6.58745,53.376106],[-6.587381,53.376391],[-6.587358,53.376609],[-6.587348,53.376878],[-6.587345,53.377193],[-6.587361,53.377298],[-6.587417,53.377646],[-6.587449,53.377806],[-6.587414,53.377807],[-6.587073,53.377813],[-6.58679,53.377818]],"type":"LineString"},"properties":{"hex_id":"89182c1ae37ffff","service":"GP","dest_id":"4","dest_name":"Park Lodge Medical","walk_min":35.53,"distance_m":2955}},{"type":"Feature","geometry":{"coordinates":[[-6.57635,53.364198],[-6.576565,53.364207],[-6.576886,53.36422],[-6.577506,53.364245],[-6.577525,53.364246],[-6.578138,53.364287],[-6.578231,53.364293],[-6.578949,53.364408],[-6.579144,53.364435],[-6.579339,53.364431],[-6.579822,53.364431],[-6.581441,53.364388],[-6.581702,53.364404],[-6.581771,53.364408],[-6.582078,53.364449],[-6.582528,53.364581],[-6.583056,53.364697],[-6.583418,53.364755],[-6.583737,53.364807],[-6.584107,53.364809],[-6.584657,53.364697],[-6.585012,53.364626],[-6.585365,53.364599],[-6.585787,53.364586],[-6.587501,53.364556],[-6.588145,53.364552],[-6.589129,53.36452],[-6.589334,53.364537],[-6.589491,53.364564],[-6.590147,53.364678],[-6.590623,53.36476],[-6.590924,53.364814],[-6.590968,53.364822],[-6.591256,53.36485],[-6.59134,53.364848],[-6.591423,53.364846],[-6.591427,53.364911],[-6.59142,53.365042],[-6.59138,53.365147],[-6.591223,53.365385],[-6.591262,53.365416],[-6.59129,53.365451],[-6.591304,53.365489],[-6.591303,53.365536],[-6.591282,53.365581],[-6.591241,53.365621],[-6.59126,53.365686],[-6.591259,53.365748],[-6.591257,53.36581],[-6.591299,53.365914],[-6.591323,53.366122],[-6.591277,53.366683],[-6.591274,53.366796],[-6.591251,53.367314],[-6.591217,53.367553],[-6.591211,53.367656],[-6.591165,53.368273],[-6.591132,53.368544],[-6.590931,53.369334],[-6.590907,53.369468],[-6.590897,53.369528],[-6.590783,53.369918],[-6.590722,53.370082],[-6.590625,53.370293],[-6.590588,53.370363],[-6.590516,53.370469],[-6.590511,53.370479],[-6.59043,53.370645],[-6.590355,53.370799],[-6.590298,53.370913],[-6.590192,53.37094],[-6.589631,53.371959],[-6.589482,53.372252],[-6.589414,53.37232],[-6.589376,53.372353],[-6.589315,53.372467],[-6.589302,53.372515],[-6.589294,53.372598],[-6.588636,53.373772],[-6.58852,53.373983],[-6.588467,53.374068],[-6.588285,53.374406],[-6.588197,53.374577],[-6.588105,53.374748],[-6.588016,53.374902],[-6.58793,53.374986],[-6.587895,53.375055],[-6.587825,53.37517],[-6.587792,53.375237],[-6.58775,53.375318],[-6.587701,53.375495],[-6.587634,53.375618],[-6.58745,53.376106],[-6.587381,53.376391],[-6.587358,53.376609],[-6.587348,53.376878],[-6.587345,53.377193],[-6.587361,53.377298],[-6.587417,53.377646],[-6.587449,53.377806],[-6.587414,53.377807],[-6.587073,53.377813],[-6.58679,53.377818]],"type":"LineString"},"properties":{"hex_id":"89182c1ae23ffff","service":"GP","dest_id":"4","dest_name":"Park Lodge Medical","walk_min":30.74,"distance_m":2556}},{"type":"Feature","geometry":{"coordinates":[[-6.589257,53.383989],[-6.589284,53.383959],[-6.58942,53.383792],[-6.589532,53.383621],[-6.589591,53.38348],[-6.5896,53.383374],[-6.589596,53.383306],[-6.589574,53.38324],[-6.589165,53.382759],[-6.5892,53.382749],[-6.588891,53.382394],[-6.588853,53.382347],[-6.588836,53.38232],[-6.588843,53.382307],[-6.588887,53.382249],[-6.589443,53.382087],[-6.589874,53.381953],[-6.590148,53.381873]],"type":"LineString"},"properties":{"hex_id":"89182c1a3a7ffff","service":"GP","dest_id":"1","dest_name":"Maynooth Medical","walk_min":3.68,"distance_m":306}},{"type":"Feature","geometry":{"coordinates":[[-6.587357,53.389476],[-6.587488,53.389413],[-6.586651,53.388741],[-6.586372,53.388592],[-6.587095,53.388122],[-6.587745,53.387719],[-6.587855,53.387676],[-6.587889,53.387627],[-6.588049,53.387454],[-6.588141,53.38732],[-6.588161,53.387291],[-6.588189,53.387251],[-6.588123,53.387233],[-6.588056,53.387207],[-6.587591,53.386922],[-6.587506,53.386875],[-6.587553,53.386827],[-6.586805,53.38642],[-6.586789,53.386356],[-6.586714,53.386317],[-6.586784,53.386262],[-6.587161,53.385943],[-6.587483,53.385663],[-6.587974,53.385227],[-6.588003,53.385201],[-6.588125,53.385092],[-6.588219,53.385008],[-6.588395,53.38485],[-6.588426,53.384824],[-6.588489,53.384768],[-6.588602,53.384657],[-6.588686,53.384578],[-6.58882,53.384452],[-6.588886,53.384384],[-6.589019,53.384248],[-6.589069,53.384193],[-6.589284,53.383959],[-6.58942,53.383792],[-6.589532,53.383621],[-6.589591,53.38348],[-6.5896,53.383374],[-6.589596,53.383306],[-6.589574,53.38324],[-6.589165,53.382759],[-6.5892,53.382749],[-6.588891,53.382394],[-6.588853,53.382347],[-6.588836,53.38232],[-6.588843,53.382307],[-6.588887,53.382249],[-6.589443,53.382087],[-6.589874,53.381953],[-6.590148,53.381873]],"type":"LineString"},"properties":{"hex_id":"89182c1a14fffff","service":"GP","dest_id":"1","dest_name":"Maynooth Medical","walk_min":13.08,"distance_m":1090}},{"type":"Feature","geometry":{"coordinates":[[-6.590968,53.381249],[-6.590907,53.38118],[-6.590762,53.38103],[-6.590718,53.380984],[-6.590692,53.380961],[-6.590663,53.380972],[-6.590568,53.381005],[-6.590492,53.38103],[-6.590726,53.3812],[-6.590956,53.381447],[-6.590981,53.381479],[-6.590866,53.381513],[-6.590852,53.381541],[-6.590755,53.381585],[-6.590738,53.381587],[-6.590775,53.381632],[-6.590638,53.381676],[-6.59057,53.381695],[-6.590608,53.38174],[-6.590241,53.381846],[-6.590148,53.381873]],"type":"LineString"},"properties":{"hex_id":"89182c1aedbffff","service":"GP","dest_id":"1","dest_name":"Maynooth Medical","walk_min":2.32,"distance_m":194}},{"type":"Feature","geometry":{"coordinates":[[-6.600831,53.380395],[-6.600784,53.38036],[-6.600807,53.380293],[-6.600595,53.38035],[-6.599999,53.380508],[-6.599781,53.380565],[-6.59961,53.380628],[-6.599471,53.380665],[-6.599372,53.380692],[-6.599353,53.380698],[-6.599179,53.380743],[-6.599134,53.380753],[-6.599056,53.380773],[-6.598889,53.380817],[-6.598762,53.380856],[-6.598629,53.380893],[-6.598557,53.380888],[-6.598491,53.380873],[-6.598447,53.380856],[-6.598376,53.380826],[-6.598538,53.381018],[-6.598569,53.381053],[-6.598591,53.381082],[-6.598713,53.381237],[-6.598828,53.3814],[-6.599003,53.381526],[-6.599219,53.381795],[-6.59925,53.381834],[-6.599339,53.381945],[-6.599378,53.381994],[-6.599402,53.382023],[-6.599204,53.382035],[-6.599217,53.382098],[-6.599222,53.382137],[-6.599224,53.382175],[-6.599229,53.382208],[-6.599194,53.382253],[-6.599146,53.38234],[-6.599125,53.382437],[-6.599174,53.382542],[-6.599251,53.382604],[-6.599345,53.382609],[-6.599366,53.382639],[-6.599385,53.382666],[-6.599468,53.382781],[-6.599506,53.382822],[-6.599612,53.382962],[-6.599805,53.383205],[-6.599971,53.383399],[-6.599988,53.383434],[-6.600027,53.383499],[-6.600014,53.38352],[-6.599934,53.383557],[-6.599949,53.383584],[-6.599823,53.383626],[-6.59956,53.38371],[-6.599526,53.383721],[-6.599416,53.383767],[-6.599398,53.383849],[-6.599194,53.383911],[-6.598999,53.38398],[-6.598909,53.38397],[-6.598889,53.383934],[-6.598845,53.383855],[-6.598808,53.383797],[-6.598885,53.383774],[-6.598866,53.383752],[-6.598848,53.383758],[-6.598831,53.383732],[-6.598812,53.383737],[-6.598789,53.3837],[-6.598813,53.383693],[-6.598813,53.383693]],"type":"LineString"},"properties":{"hex_id":"89182c1a323ffff","service":"GP","dest_id":"7","dest_name":"Student Medical Center","walk_min":8.12,"distance_m":676}},{"type":"Feature","geometry":{"coordinates":[[-6.596955,53.369682],[-6.597576,53.369775],[-6.597759,53.369806],[-6.597952,53.369839],[-6.597933,53.3701],[-6.597887,53.370325],[-6.59804,53.370337],[-6.598034,53.370516],[-6.598023,53.370529],[-6.597886,53.370852],[-6.597818,53.37103],[-6.597737,53.371139],[-6.597768,53.371144],[-6.598596,53.371257],[-6.598484,53.371445],[-6.59835,53.371686],[-6.598269,53.37182],[-6.598143,53.372001],[-6.598045,53.372134],[-6.597934,53.37231],[-6.597996,53.372329],[-6.598403,53.372465],[-6.598592,53.372536],[-6.598701,53.372592],[-6.599059,53.372767],[-6.599392,53.37301],[-6.599503,53.373113],[-6.599526,53.373143],[-6.599585,53.373291],[-6.599612,53.373363],[-6.599744,53.373642],[-6.599833,53.373879],[-6.599974,53.374199],[-6.600079,53.374478],[-6.600192,53.374766],[-6.600575,53.374708]],"type":"LineString"},"properties":{"hex_id":"89182c1ae4fffff","service":"GP","dest_id":"6","dest_name":"Dr Denise Nolan","walk_min":9.18,"distance_m":765}},{"type":"Feature","geometry":{"coordinates":[[-6.603595,53.37268],[-6.603595,53.37268],[-6.603664,53.372736],[-6.603674,53.37276],[-6.603667,53.37278],[-6.603624,53.372807],[-6.603587,53.37283],[-6.603654,53.373024],[-6.603717,53.373256],[-6.60378,53.373506],[-6.603708,53.373534],[-6.60425,53.37393],[-6.604536,53.374006],[-6.604645,53.374248],[-6.604667,53.374348],[-6.604814,53.37469],[-6.604611,53.374729],[-6.604303,53.374779],[-6.604147,53.3748],[-6.60399,53.374819],[-6.603898,53.374829],[-6.603337,53.374896],[-6.603286,53.374937],[-6.603093,53.374954],[-6.602882,53.37499],[-6.602841,53.374999],[-6.602646,53.375051],[-6.602426,53.375119],[-6.602275,53.375172],[-6.602107,53.375231],[-6.601975,53.375276],[-6.601795,53.37533],[-6.601501,53.375398],[-6.601255,53.375434],[-6.600891,53.375457],[-6.60059,53.375475],[-6.600526,53.375266],[-6.600478,53.375147],[-6.600367,53.374994],[-6.600192,53.374766],[-6.600575,53.374708]],"type":"LineString"},"properties":{"hex_id":"89182c18587ffff","service":"GP","dest_id":"6","dest_name":"Dr Denise Nolan","walk_min":8.01,"distance_m":667}},{"type":"Feature","geometry":{"coordinates":[[-6.57378,53.377653],[-6.574201,53.377797],[-6.575293,53.378194],[-6.575875,53.378401],[-6.57653,53.378546],[-6.577773,53.378827],[-6.578077,53.378805],[-6.578379,53.378767],[-6.578655,53.378728],[-6.579673,53.378595],[-6.580136,53.378524],[-6.580291,53.378502],[-6.580642,53.378454],[-6.581206,53.378376],[-6.581836,53.378295],[-6.581898,53.378287],[-6.5824,53.378222],[-6.582736,53.37818],[-6.582899,53.378159],[-6.583506,53.378079],[-6.583559,53.378072],[-6.583908,53.378031],[-6.584789,53.377936],[-6.585229,53.377891],[-6.585783,53.377844],[-6.586366,53.377825],[-6.586573,53.377821],[-6.58679,53.377818]],"type":"LineString"},"properties":{"hex_id":"89182c1ae83ffff","service":"GP","dest_id":"4","dest_name":"Park Lodge Medical","walk_min":10.9,"distance_m":909}},{"type":"Feature","geometry":{"coordinates":[[-6.612369,53.376647],[-6.61233,53.376563],[-6.612295,53.376551],[-6.612244,53.376397],[-6.612229,53.37636],[-6.611862,53.376416],[-6.611521,53.376514],[-6.611177,53.376669],[-6.611038,53.376744],[-6.610886,53.376824],[-6.610674,53.376923],[-6.610547,53.376982],[-6.610237,53.377061],[-6.609953,53.377117],[-6.609918,53.377124],[-6.609843,53.377138],[-6.609354,53.377222],[-6.609263,53.377231],[-6.609091,53.37724],[-6.60891,53.377248],[-6.608752,53.377242],[-6.608608,53.377235],[-6.608461,53.377218],[-6.608299,53.377193],[-6.6081,53.377154],[-6.607923,53.377094],[-6.607855,53.377066],[-6.607797,53.377041],[-6.607661,53.376949],[-6.607541,53.376855],[-6.607427,53.376764],[-6.607195,53.376551],[-6.607099,53.376469],[-6.606784,53.376255],[-6.606709,53.376194],[-6.606633,53.376106],[-6.606597,53.376008],[-6.6066,53.375901],[-6.606664,53.375745],[-6.60667,53.375712],[-6.606672,53.375676],[-6.606637,53.375591],[-6.606542,53.375441],[-6.606282,53.375482],[-6.60615,53.375505],[-6.606037,53.375531],[-6.605949,53.375565],[-6.605493,53.375844],[-6.605308,53.375967],[-6.605005,53.375774],[-6.604723,53.375587],[-6.604423,53.375391],[-6.604284,53.375304],[-6.604299,53.375266],[-6.604307,53.375244],[-6.604299,53.375221],[-6.604279,53.3752],[-6.604248,53.375178],[-6.60416,53.375131],[-6.604031,53.375057],[-6.603986,53.375016],[-6.603913,53.374907],[-6.603903,53.37487],[-6.603595,53.374908],[-6.603286,53.374937],[-6.603093,53.374954],[-6.602882,53.37499],[-6.602841,53.374999],[-6.602646,53.375051],[-6.602426,53.375119],[-6.602275,53.375172],[-6.602107,53.375231],[-6.601975,53.375276],[-6.601795,53.37533],[-6.601501,53.375398],[-6.601255,53.375434],[-6.600891,53.375457],[-6.60059,53.375475],[-6.600526,53.375266],[-6.600478,53.375147],[-6.600367,53.374994],[-6.600192,53.374766],[-6.600575,53.374708]],"type":"LineString"},"properties":{"hex_id":"89182c1859bffff","service":"GP","dest_id":"6","dest_name":"Dr Denise Nolan","walk_min":14.06,"distance_m":1172}},{"type":"Feature","geometry":{"coordinates":[[-6.60414,53.382798],[-6.604086,53.382717],[-6.604051,53.38269],[-6.603949,53.382628],[-6.603707,53.382712],[-6.603491,53.382769],[-6.603324,53.382555],[-6.603244,53.38258],[-6.602927,53.382681],[-6.602846,53.382693],[-6.602767,53.382732],[-6.602696,53.382636],[-6.602614,53.38256],[-6.602507,53.382524],[-6.602409,53.382519],[-6.602297,53.382524],[-6.602225,53.382522],[-6.602155,53.382531],[-6.602108,53.382588],[-6.602074,53.382644],[-6.602017,53.382739],[-6.602008,53.382771],[-6.602008,53.382789],[-6.602022,53.382816],[-6.602035,53.382831],[-6.602059,53.382861],[-6.602163,53.382993],[-6.60218,53.383013],[-6.602211,53.383052],[-6.602241,53.383086],[-6.602181,53.383112],[-6.602159,53.383123],[-6.602116,53.383106],[-6.602028,53.383102],[-6.601924,53.383122],[-6.601763,53.383194],[-6.601662,53.383272],[-6.601623,53.383322],[-6.601599,53.383293],[-6.601584,53.383208],[-6.601539,53.383146],[-6.600848,53.383341],[-6.600671,53.383388],[-6.600585,53.383372],[-6.600452,53.38334],[-6.600433,53.383363],[-6.600403,53.383381],[-6.600364,53.383392],[-6.600322,53.383394],[-6.60028,53.383389],[-6.600221,53.383488],[-6.600134,53.383466],[-6.600071,53.383544],[-6.600001,53.383569],[-6.599949,53.383584],[-6.599823,53.383626],[-6.59956,53.38371],[-6.599526,53.383721],[-6.599416,53.383767],[-6.599398,53.383849],[-6.599194,53.383911],[-6.598999,53.38398],[-6.598909,53.38397],[-6.598889,53.383934],[-6.598845,53.383855],[-6.598808,53.383797],[-6.598885,53.383774],[-6.598866,53.383752],[-6.598848,53.383758],[-6.598831,53.383732],[-6.598812,53.383737],[-6.598789,53.3837],[-6.598813,53.383693],[-6.598813,53.383693]],"type":"LineString"},"properties":{"hex_id":"89182c1a33bffff","service":"GP","dest_id":"7","dest_name":"Student Medical Center","walk_min":6.95,"distance_m":579}},{"type":"Feature","geometry":{"coordinates":[[-6.596343,53.3884],[-6.596754,53.388346],[-6.597079,53.388288],[-6.596926,53.387989],[-6.596915,53.387966],[-6.596513,53.387286],[-6.596235,53.386752],[-6.595918,53.386174],[-6.595774,53.385889],[-6.59573,53.385851],[-6.595682,53.38577],[-6.595587,53.385607],[-6.595518,53.38549],[-6.595462,53.38539],[-6.595181,53.384892],[-6.595028,53.384616],[-6.594915,53.384439],[-6.594666,53.383991],[-6.594609,53.383893],[-6.594445,53.383613],[-6.594386,53.383469],[-6.594162,53.383085],[-6.594131,53.383031],[-6.594189,53.383022],[-6.594345,53.382995],[-6.594251,53.382845],[-6.594201,53.382794],[-6.594197,53.38272],[-6.594227,53.382688],[-6.593985,53.382634],[-6.593915,53.382574],[-6.593805,53.382443],[-6.593721,53.382343],[-6.593625,53.382225]],"type":"LineString"},"properties":{"hex_id":"89182c1a3bbffff","service":"GP","dest_id":"2","dest_name":"Manor Mills Medical","walk_min":9.46,"distance_m":788}},{"type":"Feature","geometry":{"coordinates":[[-6.598579,53.394064],[-6.597507,53.394354],[-6.597314,53.39443],[-6.597494,53.394677],[-6.597633,53.394868],[-6.597821,53.395122],[-6.598442,53.395232],[-6.598981,53.395329],[-6.599019,53.395313],[-6.599259,53.395249],[-6.60022,53.395021],[-6.600291,53.394978],[-6.600304,53.394971],[-6.600269,53.394939],[-6.600194,53.394839],[-6.600173,53.394796],[-6.600135,53.394747],[-6.600134,53.394712],[-6.600147,53.394689],[-6.600179,53.394661],[-6.600233,53.39463],[-6.600309,53.394564],[-6.600319,53.394536],[-6.600321,53.394507],[-6.600294,53.39446],[-6.600221,53.394414],[-6.600155,53.394363],[-6.600125,53.394337],[-6.600028,53.394213],[-6.600004,53.394168],[-6.599976,53.39411],[-6.59998,53.39402],[-6.599995,53.393897],[-6.599976,53.39386],[-6.599924,53.393824],[-6.599773,53.393775],[-6.599526,53.393733],[-6.599395,53.393714],[-6.599171,53.393671],[-6.599119,53.393664],[-6.598938,53.393648],[-6.598965,53.393428],[-6.599644,53.393204],[-6.599601,53.393147],[-6.599549,53.393083],[-6.599587,53.393068],[-6.599601,53.393059],[-6.599607,53.393048],[-6.599612,53.393036],[-6.599617,53.393023],[-6.599594,53.392941],[-6.5994,53.392506],[-6.599344,53.392425],[-6.599167,53.3921],[-6.598825,53.391447],[-6.598797,53.391404],[-6.598582,53.391073],[-6.598364,53.390666],[-6.598215,53.390388],[-6.59792,53.389841],[-6.597633,53.389262],[-6.597544,53.389108],[-6.597416,53.388885],[-6.597346,53.388763],[-6.597235,53.388595],[-6.597134,53.388398],[-6.597079,53.388288],[-6.596926,53.387989],[-6.596915,53.387966],[-6.596513,53.387286],[-6.596235,53.386752],[-6.595918,53.386174],[-6.595774,53.385889],[-6.59573,53.385851],[-6.595682,53.38577],[-6.595587,53.385607],[-6.595518,53.38549],[-6.595462,53.38539],[-6.595181,53.384892],[-6.595028,53.384616],[-6.594915,53.384439],[-6.594666,53.383991],[-6.594609,53.383893],[-6.594445,53.383613],[-6.594386,53.383469],[-6.594162,53.383085],[-6.594131,53.383031],[-6.594189,53.383022],[-6.594345,53.382995],[-6.594251,53.382845],[-6.594201,53.382794],[-6.594197,53.38272],[-6.594227,53.382688],[-6.593985,53.382634],[-6.593915,53.382574],[-6.593805,53.382443],[-6.593721,53.382343],[-6.593625,53.382225]],"type":"LineString"},"properties":{"hex_id":"89182c1a383ffff","service":"GP","dest_id":"2","dest_name":"Manor Mills Medical","walk_min":23.5,"distance_m":1958}},{"type":"Feature","geometry":{"coordinates":[[-6.593484,53.394299],[-6.59356,53.394284],[-6.593897,53.394213],[-6.593862,53.394144],[-6.593786,53.394034],[-6.593719,53.393842],[-6.593705,53.393739],[-6.594448,53.393617],[-6.5945,53.393608],[-6.594404,53.393382],[-6.594298,53.393252],[-6.59429,53.393236],[-6.594148,53.392935],[-6.594142,53.392862],[-6.594117,53.392546],[-6.594114,53.392526],[-6.594098,53.392365],[-6.593985,53.392069],[-6.593966,53.392008],[-6.593968,53.391905],[-6.593956,53.391874],[-6.593955,53.3918],[-6.593954,53.391691],[-6.593999,53.391401],[-6.593994,53.39135],[-6.594101,53.390924],[-6.594072,53.390869],[-6.594081,53.390817],[-6.594076,53.390641],[-6.594074,53.390544],[-6.594008,53.390316],[-6.593924,53.390113],[-6.593873,53.389991],[-6.593751,53.389801],[-6.593613,53.389619],[-6.593496,53.389501],[-6.5933,53.389319],[-6.593591,53.389167],[-6.59384,53.38906],[-6.594144,53.388954],[-6.594177,53.388943],[-6.594243,53.388919],[-6.594279,53.388911],[-6.594582,53.388851],[-6.595142,53.388715],[-6.595332,53.388657],[-6.595563,53.388584],[-6.595704,53.388533],[-6.595855,53.388485],[-6.596064,53.388437],[-6.596754,53.388346],[-6.597079,53.388288],[-6.596926,53.387989],[-6.596915,53.387966],[-6.596513,53.387286],[-6.596235,53.386752],[-6.595918,53.386174],[-6.595774,53.385889],[-6.59573,53.385851],[-6.595682,53.38577],[-6.595587,53.385607],[-6.595518,53.38549],[-6.595462,53.38539],[-6.595181,53.384892],[-6.595028,53.384616],[-6.594915,53.384439],[-6.594666,53.383991],[-6.594609,53.383893],[-6.594445,53.383613],[-6.594386,53.383469],[-6.594162,53.383085],[-6.594131,53.383031],[-6.594189,53.383022],[-6.594345,53.382995],[-6.594251,53.382845],[-6.594201,53.382794],[-6.594197,53.38272],[-6.594227,53.382688],[-6.593985,53.382634],[-6.593915,53.382574],[-6.593805,53.382443],[-6.593721,53.382343],[-6.593625,53.382225]],"type":"LineString"},"properties":{"hex_id":"89182c1a397ffff","service":"GP","dest_id":"2","dest_name":"Manor Mills Medical","walk_min":19.8,"distance_m":1650}},{"type":"Feature","geometry":{"coordinates":[[-6.57448,53.3681],[-6.576137,53.368564],[-6.577226,53.368866],[-6.577593,53.368968],[-6.577924,53.36906],[-6.578873,53.369323],[-6.579422,53.369476],[-6.579633,53.369537],[-6.579694,53.369554],[-6.579787,53.369581],[-6.579877,53.369605],[-6.579905,53.369613],[-6.580014,53.369642],[-6.580281,53.369713],[-6.580514,53.369783],[-6.580725,53.369846],[-6.580801,53.369876],[-6.58094,53.369931],[-6.581101,53.370009],[-6.581186,53.370056],[-6.581284,53.370112],[-6.58133,53.370139],[-6.581384,53.37017],[-6.581752,53.370418],[-6.581926,53.370553],[-6.582131,53.370708],[-6.582514,53.370994],[-6.58369,53.371912],[-6.583998,53.372152],[-6.584367,53.372455],[-6.584468,53.37253],[-6.584789,53.37277],[-6.585108,53.373033],[-6.585232,53.373135],[-6.586314,53.373963],[-6.58638,53.374014],[-6.586485,53.374095],[-6.586529,53.374128],[-6.58755,53.374913],[-6.587695,53.374993],[-6.58779,53.375029],[-6.587895,53.375055],[-6.587825,53.37517],[-6.587792,53.375237],[-6.58775,53.375318],[-6.587701,53.375495],[-6.587634,53.375618],[-6.58745,53.376106],[-6.587381,53.376391],[-6.587358,53.376609],[-6.587348,53.376878],[-6.587345,53.377193],[-6.587361,53.377298],[-6.587417,53.377646],[-6.587449,53.377806],[-6.587414,53.377807],[-6.587073,53.377813],[-6.58679,53.377818]],"type":"LineString"},"properties":{"hex_id":"89182c1aeabffff","service":"GP","dest_id":"4","dest_name":"Park Lodge Medical","walk_min":18.84,"distance_m":1567}},{"type":"Feature","geometry":{"coordinates":[[-6.609751,53.38553],[-6.609623,53.384981],[-6.609515,53.384877],[-6.609074,53.384796],[-6.608869,53.384704],[-6.608195,53.383569],[-6.60816,53.383425],[-6.60832,53.382832],[-6.60837,53.382526],[-6.608484,53.38213],[-6.608506,53.382041],[-6.608521,53.381954],[-6.608527,53.381924],[-6.608594,53.381733],[-6.608601,53.381665],[-6.608029,53.381644],[-6.607472,53.38161],[-6.60652,53.381542],[-6.60616,53.381529],[-6.605703,53.381523],[-6.605678,53.381523],[-6.605651,53.381524],[-6.605673,53.381645],[-6.60564,53.381872],[-6.60547,53.382006],[-6.605443,53.382367],[-6.605718,53.382364]],"type":"LineString"},"properties":{"hex_id":"89182c1a30bffff","service":"GP","dest_id":"5","dest_name":"The Leinster Clinic","walk_min":9.42,"distance_m":785}},{"type":"Feature","geometry":{"coordinates":[[-6.601629,53.387277],[-6.601003,53.387033],[-6.600894,53.387122],[-6.600859,53.387146],[-6.600777,53.387176],[-6.600573,53.387153],[-6.60043,53.387111],[-6.600165,53.386994],[-6.599954,53.386919],[-6.599085,53.386606],[-6.599123,53.386565],[-6.599147,53.386551],[-6.599243,53.386468],[-6.599257,53.386454],[-6.599346,53.386371],[-6.599385,53.386332],[-6.599564,53.38618],[-6.599468,53.38614],[-6.599432,53.386127],[-6.599398,53.386092],[-6.599405,53.386085],[-6.599409,53.386077],[-6.599407,53.386068],[-6.599402,53.38606],[-6.599392,53.386054],[-6.599533,53.385928],[-6.599696,53.385787],[-6.599816,53.385677],[-6.599852,53.385645],[-6.599883,53.385621],[-6.599911,53.385585],[-6.599941,53.385489],[-6.59994,53.385432],[-6.599875,53.385349],[-6.600088,53.385285],[-6.600112,53.385276],[-6.600137,53.385262],[-6.600107,53.385178],[-6.600034,53.385086],[-6.599861,53.384883],[-6.599769,53.38475],[-6.599758,53.384734],[-6.599804,53.3846],[-6.599691,53.38448],[-6.599659,53.384404],[-6.599646,53.384325],[-6.599703,53.384262],[-6.599674,53.384254],[-6.599695,53.384216],[-6.599743,53.384175],[-6.599287,53.384037],[-6.598999,53.38398],[-6.598909,53.38397],[-6.598889,53.383934],[-6.598845,53.383855],[-6.598808,53.383797],[-6.598885,53.383774],[-6.598866,53.383752],[-6.598848,53.383758],[-6.598831,53.383732],[-6.598812,53.383737],[-6.598789,53.3837],[-6.598813,53.383693],[-6.598813,53.383693]],"type":"LineString"},"properties":{"hex_id":"89182c1a313ffff","service":"GP","dest_id":"7","dest_name":"Student Medical Center","walk_min":7.67,"distance_m":623}},{"type":"Feature","geometry":{"coordinates":[[-6.578268,53.369155],[-6.578873,53.369323],[-6.579422,53.369476],[-6.579633,53.369537],[-6.579694,53.369554],[-6.579787,53.369581],[-6.579877,53.369605],[-6.579905,53.369613],[-6.580014,53.369642],[-6.580281,53.369713],[-6.580514,53.369783],[-6.580725,53.369846],[-6.580801,53.369876],[-6.58094,53.369931],[-6.581101,53.370009],[-6.581186,53.370056],[-6.581284,53.370112],[-6.58133,53.370139],[-6.581384,53.37017],[-6.581752,53.370418],[-6.581926,53.370553],[-6.582131,53.370708],[-6.582514,53.370994],[-6.58369,53.371912],[-6.583998,53.372152],[-6.584367,53.372455],[-6.584468,53.37253],[-6.584789,53.37277],[-6.585108,53.373033],[-6.585232,53.373135],[-6.586314,53.373963],[-6.58638,53.374014],[-6.586485,53.374095],[-6.586529,53.374128],[-6.58755,53.374913],[-6.587695,53.374993],[-6.58779,53.375029],[-6.587895,53.375055],[-6.587825,53.37517],[-6.587792,53.375237],[-6.58775,53.375318],[-6.587701,53.375495],[-6.587634,53.375618],[-6.58745,53.376106],[-6.587381,53.376391],[-6.587358,53.376609],[-6.587348,53.376878],[-6.587345,53.377193],[-6.587361,53.377298],[-6.587417,53.377646],[-6.587449,53.377806],[-6.587414,53.377807],[-6.587073,53.377813],[-6.58679,53.377818]],"type":"LineString"},"properties":{"hex_id":"89182c1ae07ffff","service":"GP","dest_id":"4","dest_name":"Park Lodge Medical","walk_min":15.5,"distance_m":1289}},{"type":"Feature","geometry":{"coordinates":[[-6.590175,53.365278],[-6.590121,53.365452],[-6.59011,53.365493],[-6.590089,53.365565],[-6.589952,53.36576],[-6.589741,53.365968],[-6.589493,53.365985],[-6.588994,53.365973],[-6.588904,53.365989],[-6.588859,53.366029],[-6.588841,53.366158],[-6.588838,53.366202],[-6.588948,53.366204],[-6.589058,53.366232],[-6.589128,53.366234],[-6.589215,53.366237],[-6.589287,53.366221],[-6.589353,53.366222],[-6.589511,53.36621],[-6.58981,53.366136],[-6.589968,53.366047],[-6.590249,53.365806],[-6.590386,53.365596],[-6.590431,53.365553],[-6.590621,53.365562],[-6.59075,53.365603],[-6.590804,53.365642],[-6.59089,53.365675],[-6.590991,53.365688],[-6.591107,53.365725],[-6.591257,53.36581],[-6.591299,53.365914],[-6.591323,53.366122],[-6.591277,53.366683],[-6.591274,53.366796],[-6.591251,53.367314],[-6.591217,53.367553],[-6.591211,53.367656],[-6.591165,53.368273],[-6.591132,53.368544],[-6.590931,53.369334],[-6.590907,53.369468],[-6.590897,53.369528],[-6.590783,53.369918],[-6.590722,53.370082],[-6.590625,53.370293],[-6.590588,53.370363],[-6.590516,53.370469],[-6.590511,53.370479],[-6.59043,53.370645],[-6.590355,53.370799],[-6.590298,53.370913],[-6.590192,53.37094],[-6.589631,53.371959],[-6.589482,53.372252],[-6.589414,53.37232],[-6.589376,53.372353],[-6.589315,53.372467],[-6.589302,53.372515],[-6.589294,53.372598],[-6.588636,53.373772],[-6.58852,53.373983],[-6.588467,53.374068],[-6.588285,53.374406],[-6.588197,53.374577],[-6.588105,53.374748],[-6.588016,53.374902],[-6.58793,53.374986],[-6.587895,53.375055],[-6.587825,53.37517],[-6.587792,53.375237],[-6.58775,53.375318],[-6.587701,53.375495],[-6.587634,53.375618],[-6.58745,53.376106],[-6.587381,53.376391],[-6.587358,53.376609],[-6.587348,53.376878],[-6.587345,53.377193],[-6.587361,53.377298],[-6.587417,53.377646],[-6.587449,53.377806],[-6.587414,53.377807],[-6.587073,53.377813],[-6.58679,53.377818]],"type":"LineString"},"properties":{"hex_id":"89182c1ae63ffff","service":"GP","dest_id":"4","dest_name":"Park Lodge Medical","walk_min":21.61,"distance_m":1795}},{"type":"Feature","geometry":{"coordinates":[[-6.59745,53.39617],[-6.59745,53.39617],[-6.597405,53.396158],[-6.597367,53.39614],[-6.597337,53.396116],[-6.597319,53.396089],[-6.597313,53.39606],[-6.597319,53.396031],[-6.597339,53.396003],[-6.59737,53.395979],[-6.597412,53.39596],[-6.597459,53.395949],[-6.597518,53.395946],[-6.597644,53.395927],[-6.597919,53.395847],[-6.597934,53.395842],[-6.598042,53.39581],[-6.598287,53.395741],[-6.598546,53.395672],[-6.598779,53.395612],[-6.598951,53.395563],[-6.599181,53.395509],[-6.599193,53.395436],[-6.599214,53.395369],[-6.599259,53.395249],[-6.60022,53.395021],[-6.600291,53.394978],[-6.600304,53.394971],[-6.600269,53.394939],[-6.600194,53.394839],[-6.600173,53.394796],[-6.600135,53.394747],[-6.600134,53.394712],[-6.600147,53.394689],[-6.600179,53.394661],[-6.600233,53.39463],[-6.600309,53.394564],[-6.600319,53.394536],[-6.600321,53.394507],[-6.600294,53.39446],[-6.600221,53.394414],[-6.600155,53.394363],[-6.600125,53.394337],[-6.600028,53.394213],[-6.600004,53.394168],[-6.599976,53.39411],[-6.59998,53.39402],[-6.599995,53.393897],[-6.599976,53.39386],[-6.599924,53.393824],[-6.599773,53.393775],[-6.599526,53.393733],[-6.599395,53.393714],[-6.599171,53.393671],[-6.599119,53.393664],[-6.598938,53.393648],[-6.598965,53.393428],[-6.599644,53.393204],[-6.599601,53.393147],[-6.599549,53.393083],[-6.599587,53.393068],[-6.599601,53.393059],[-6.599607,53.393048],[-6.599612,53.393036],[-6.599617,53.393023],[-6.599594,53.392941],[-6.5994,53.392506],[-6.599344,53.392425],[-6.599167,53.3921],[-6.598825,53.391447],[-6.598797,53.391404],[-6.598582,53.391073],[-6.598364,53.390666],[-6.598215,53.390388],[-6.59792,53.389841],[-6.597633,53.389262],[-6.597544,53.389108],[-6.597416,53.388885],[-6.597346,53.388763],[-6.597235,53.388595],[-6.597134,53.388398],[-6.597079,53.388288],[-6.596926,53.387989],[-6.596915,53.387966],[-6.596513,53.387286],[-6.596235,53.386752],[-6.595918,53.386174],[-6.595774,53.385889],[-6.59573,53.385851],[-6.595682,53.38577],[-6.595587,53.385607],[-6.595518,53.38549],[-6.595462,53.38539],[-6.595181,53.384892],[-6.595028,53.384616],[-6.594915,53.384439],[-6.594666,53.383991],[-6.594609,53.383893],[-6.594445,53.383613],[-6.594386,53.383469],[-6.594162,53.383085],[-6.594131,53.383031],[-6.594189,53.383022],[-6.594345,53.382995],[-6.594251,53.382845],[-6.594201,53.382794],[-6.594197,53.38272],[-6.594227,53.382688],[-6.593985,53.382634],[-6.593915,53.382574],[-6.593805,53.382443],[-6.593721,53.382343],[-6.593625,53.382225]],"type":"LineString"},"properties":{"hex_id":"89182c1a393ffff","service":"GP","dest_id":"2","dest_name":"Manor Mills Medical","walk_min":22.4,"distance_m":1866}},{"type":"Feature","geometry":{"coordinates":[[-6.599459,53.383127],[-6.599194,53.383074],[-6.599126,53.383094],[-6.599054,53.383113],[-6.598975,53.383134],[-6.598944,53.383143],[-6.598935,53.383132],[-6.598748,53.383181],[-6.59876,53.383197],[-6.598859,53.383336],[-6.598818,53.383393],[-6.598673,53.383433],[-6.598715,53.383483],[-6.598545,53.383534],[-6.59855,53.383543],[-6.598587,53.383589],[-6.598598,53.383606],[-6.598428,53.383673],[-6.598303,53.383688],[-6.598402,53.38378],[-6.598432,53.383804],[-6.598482,53.38381],[-6.598439,53.383751],[-6.598787,53.383652],[-6.598813,53.383693]],"type":"LineString"},"properties":{"hex_id":"89182c1a333ffff","service":"GP","dest_id":"7","dest_name":"Student Medical Center","walk_min":2.34,"distance_m":194}},{"type":"Feature","geometry":{"coordinates":[[-6.581677,53.36354],[-6.581897,53.363569],[-6.582143,53.363672],[-6.582133,53.364093],[-6.582097,53.364324],[-6.582078,53.364449],[-6.582528,53.364581],[-6.583056,53.364697],[-6.583418,53.364755],[-6.583737,53.364807],[-6.584107,53.364809],[-6.584657,53.364697],[-6.585012,53.364626],[-6.585365,53.364599],[-6.585787,53.364586],[-6.587501,53.364556],[-6.588145,53.364552],[-6.589129,53.36452],[-6.589334,53.364537],[-6.589491,53.364564],[-6.590147,53.364678],[-6.590623,53.36476],[-6.590924,53.364814],[-6.590968,53.364822],[-6.591256,53.36485],[-6.59134,53.364848],[-6.591423,53.364846],[-6.591427,53.364911],[-6.59142,53.365042],[-6.59138,53.365147],[-6.591223,53.365385],[-6.591262,53.365416],[-6.59129,53.365451],[-6.591304,53.365489],[-6.591303,53.365536],[-6.591282,53.365581],[-6.591241,53.365621],[-6.59126,53.365686],[-6.591259,53.365748],[-6.591257,53.36581],[-6.591299,53.365914],[-6.591323,53.366122],[-6.591277,53.366683],[-6.591274,53.366796],[-6.591251,53.367314],[-6.591217,53.367553],[-6.591211,53.367656],[-6.591165,53.368273],[-6.591132,53.368544],[-6.590931,53.369334],[-6.590907,53.369468],[-6.590897,53.369528],[-6.590783,53.369918],[-6.590722,53.370082],[-6.590625,53.370293],[-6.590588,53.370363],[-6.590516,53.370469],[-6.590511,53.370479],[-6.59043,53.370645],[-6.590355,53.370799],[-6.590298,53.370913],[-6.590192,53.37094],[-6.589631,53.371959],[-6.589482,53.372252],[-6.589414,53.37232],[-6.589376,53.372353],[-6.589315,53.372467],[-6.589302,53.372515],[-6.589294,53.372598],[-6.588636,53.373772],[-6.58852,53.373983],[-6.588467,53.374068],[-6.588285,53.374406],[-6.588197,53.374577],[-6.588105,53.374748],[-6.588016,53.374902],[-6.58793,53.374986],[-6.587895,53.375055],[-6.587825,53.37517],[-6.587792,53.375237],[-6.58775,53.375318],[-6.587701,53.375495],[-6.587634,53.375618],[-6.58745,53.376106],[-6.587381,53.376391],[-6.587358,53.376609],[-6.587348,53.376878],[-6.587345,53.377193],[-6.587361,53.377298],[-6.587417,53.377646],[-6.587449,53.377806],[-6.587414,53.377807],[-6.587073,53.377813],[-6.58679,53.377818]],"type":"LineString"},"properties":{"hex_id":"89182c1ae2bffff","service":"GP","dest_id":"4","dest_name":"Park Lodge Medical","walk_min":27.58,"distance_m":2293}},{"type":"Feature","geometry":{"coordinates":[[-6.604904,53.385955],[-6.604609,53.385975],[-6.604351,53.385971],[-6.604242,53.38596],[-6.604149,53.38595],[-6.604095,53.385945],[-6.604088,53.385944],[-6.603778,53.385896],[-6.603725,53.385885],[-6.603673,53.385875],[-6.603622,53.385867],[-6.603592,53.385859],[-6.603556,53.385852],[-6.603454,53.385832],[-6.603384,53.38582],[-6.603326,53.385809],[-6.603265,53.385799],[-6.603222,53.385787],[-6.603034,53.385765],[-6.603022,53.38576],[-6.602706,53.385752],[-6.602521,53.385755],[-6.602375,53.385757],[-6.602221,53.385756],[-6.602093,53.385755],[-6.602024,53.385755],[-6.601943,53.385752],[-6.601892,53.385751],[-6.601867,53.385719],[-6.601609,53.3854],[-6.601572,53.385363],[-6.601519,53.385306],[-6.601487,53.385266],[-6.601501,53.385242],[-6.601299,53.385016],[-6.601243,53.384956],[-6.601145,53.384902],[-6.601071,53.384792],[-6.601002,53.384689],[-6.600954,53.384628],[-6.600796,53.384426],[-6.600775,53.384399],[-6.600666,53.384265],[-6.60062,53.384264],[-6.600534,53.384271],[-6.600444,53.384306],[-6.600396,53.384348],[-6.600371,53.38436],[-6.600287,53.384394],[-6.6001,53.384457],[-6.600009,53.38446],[-6.599916,53.384369],[-6.599885,53.38434],[-6.599776,53.384245],[-6.599727,53.384225],[-6.599695,53.384216],[-6.599743,53.384175],[-6.599287,53.384037],[-6.598999,53.38398],[-6.598909,53.38397],[-6.598889,53.383934],[-6.598845,53.383855],[-6.598808,53.383797],[-6.598885,53.383774],[-6.598866,53.383752],[-6.598848,53.383758],[-6.598831,53.383732],[-6.598812,53.383737],[-6.598789,53.3837],[-6.598813,53.383693],[-6.598813,53.383693]],"type":"LineString"},"properties":{"hex_id":"89182c1a31bffff","service":"GP","dest_id":"7","dest_name":"Student Medical Center","walk_min":6.99,"distance_m":582}},{"type":"Feature","geometry":{"coordinates":[[-6.574671,53.385375],[-6.575328,53.386194],[-6.575399,53.386173],[-6.577023,53.385682],[-6.577468,53.385554],[-6.578466,53.385268],[-6.580431,53.384687],[-6.58099,53.384518],[-6.581785,53.384292],[-6.582691,53.38403],[-6.583201,53.383883],[-6.583674,53.383739],[-6.584245,53.383565],[-6.58488,53.383379],[-6.585439,53.38321],[-6.586123,53.383002],[-6.586771,53.382816],[-6.587493,53.3826],[-6.58834,53.382363],[-6.588496,53.382319],[-6.588515,53.382313],[-6.588547,53.382351],[-6.588589,53.382382],[-6.588625,53.382397],[-6.588657,53.382406],[-6.588681,53.382413],[-6.588724,53.382425],[-6.588731,53.382437],[-6.588842,53.382405],[-6.588891,53.382394],[-6.588853,53.382347],[-6.588836,53.38232],[-6.588843,53.382307],[-6.588887,53.382249],[-6.589443,53.382087],[-6.589874,53.381953],[-6.590148,53.381873]],"type":"LineString"},"properties":{"hex_id":"89182c1a177ffff","service":"GP","dest_id":"1","dest_name":"Maynooth Medical","walk_min":14.68,"distance_m":1223}},{"type":"Feature","geometry":{"coordinates":[[-6.578126,53.387843],[-6.57832,53.38791],[-6.578168,53.388064],[-6.57811,53.388125],[-6.57808,53.388158],[-6.578505,53.388251],[-6.578715,53.388282],[-6.579125,53.388312],[-6.579334,53.3883],[-6.579416,53.388311],[-6.57955,53.388375],[-6.579686,53.388414],[-6.580104,53.388459],[-6.580168,53.388465],[-6.58033,53.388479],[-6.58048,53.388503],[-6.580962,53.38852],[-6.581593,53.388563],[-6.581751,53.388565],[-6.581991,53.388561],[-6.582251,53.388541],[-6.582244,53.388518],[-6.582789,53.388456],[-6.582803,53.388445],[-6.583083,53.388371],[-6.583107,53.388353],[-6.58317,53.38833],[-6.58324,53.388309],[-6.583277,53.388316],[-6.583498,53.388239],[-6.583675,53.388169],[-6.583853,53.388085],[-6.584224,53.387895],[-6.584285,53.387936],[-6.584675,53.38773],[-6.584839,53.387632],[-6.585257,53.387317],[-6.585584,53.387106],[-6.585766,53.386988],[-6.585825,53.386946],[-6.5862,53.386686],[-6.58648,53.38649],[-6.586608,53.386401],[-6.586714,53.386317],[-6.586784,53.386262],[-6.587161,53.385943],[-6.587483,53.385663],[-6.587974,53.385227],[-6.588003,53.385201],[-6.588125,53.385092],[-6.588219,53.385008],[-6.588395,53.38485],[-6.588426,53.384824],[-6.588489,53.384768],[-6.588602,53.384657],[-6.588686,53.384578],[-6.58882,53.384452],[-6.588886,53.384384],[-6.589019,53.384248],[-6.589069,53.384193],[-6.589284,53.383959],[-6.58942,53.383792],[-6.589532,53.383621],[-6.589591,53.38348],[-6.5896,53.383374],[-6.589596,53.383306],[-6.589574,53.38324],[-6.589165,53.382759],[-6.5892,53.382749],[-6.588891,53.382394],[-6.588853,53.382347],[-6.588836,53.38232],[-6.588843,53.382307],[-6.588887,53.382249],[-6.589443,53.382087],[-6.589874,53.381953],[-6.590148,53.381873]],"type":"LineString"},"properties":{"hex_id":"89182c1a173ffff","service":"GP","dest_id":"1","dest_name":"Maynooth Medical","walk_min":16.26,"distance_m":1352}},{"type":"Feature","geometry":{"coordinates":[[-6.615305,53.379816],[-6.616235,53.380023],[-6.618941,53.380634],[-6.620887,53.381081],[-6.621073,53.38112],[-6.621234,53.381151],[-6.62129,53.381162],[-6.621331,53.381171],[-6.621136,53.38125],[-6.620958,53.381368],[-6.620892,53.381516],[-6.620811,53.381789],[-6.620742,53.382068],[-6.620666,53.382371],[-6.620654,53.382401],[-6.620589,53.382609],[-6.619802,53.38238],[-6.618786,53.382099],[-6.618454,53.382004],[-6.618265,53.381954],[-6.618076,53.381904],[-6.617207,53.381705],[-6.616325,53.38156],[-6.615595,53.381469],[-6.614652,53.381396],[-6.613948,53.381376],[-6.613262,53.381375],[-6.613197,53.381379],[-6.613023,53.381387],[-6.611475,53.381511],[-6.610401,53.381616],[-6.609939,53.38164],[-6.608601,53.381665],[-6.608029,53.381644],[-6.607472,53.38161],[-6.60652,53.381542],[-6.60616,53.381529],[-6.605703,53.381523],[-6.605678,53.381523],[-6.605651,53.381524],[-6.605673,53.381645],[-6.60564,53.381872],[-6.60547,53.382006],[-6.605443,53.382367],[-6.605718,53.382364]],"type":"LineString"},"properties":{"hex_id":"89182c1a36fffff","service":"GP","dest_id":"5","dest_name":"The Leinster Clinic","walk_min":20.99,"distance_m":1741}},{"type":"Feature","geometry":{"coordinates":[[-6.601987,53.397003],[-6.601903,53.396863],[-6.601472,53.396091],[-6.60145,53.39605],[-6.60127,53.395722],[-6.60092,53.395059],[-6.600571,53.394453],[-6.600025,53.393506],[-6.599935,53.393346],[-6.599818,53.393149],[-6.599788,53.39309],[-6.59965,53.393131],[-6.599601,53.393147],[-6.599549,53.393083],[-6.599587,53.393068],[-6.599601,53.393059],[-6.599607,53.393048],[-6.599612,53.393036],[-6.599617,53.393023],[-6.599594,53.392941],[-6.5994,53.392506],[-6.599344,53.392425],[-6.599167,53.3921],[-6.598825,53.391447],[-6.598797,53.391404],[-6.598582,53.391073],[-6.598364,53.390666],[-6.598215,53.390388],[-6.59792,53.389841],[-6.597633,53.389262],[-6.597544,53.389108],[-6.597416,53.388885],[-6.597346,53.388763],[-6.597235,53.388595],[-6.597134,53.388398],[-6.597079,53.388288],[-6.596926,53.387989],[-6.596915,53.387966],[-6.596513,53.387286],[-6.596235,53.386752],[-6.595918,53.386174],[-6.595774,53.385889],[-6.59573,53.385851],[-6.595682,53.38577],[-6.595587,53.385607],[-6.595518,53.38549],[-6.595462,53.38539],[-6.595181,53.384892],[-6.595028,53.384616],[-6.594915,53.384439],[-6.594666,53.383991],[-6.594609,53.383893],[-6.594445,53.383613],[-6.594386,53.383469],[-6.594162,53.383085],[-6.594131,53.383031],[-6.594189,53.383022],[-6.594345,53.382995],[-6.594251,53.382845],[-6.594201,53.382794],[-6.594197,53.38272],[-6.594227,53.382688],[-6.593985,53.382634],[-6.593915,53.382574],[-6.593805,53.382443],[-6.593721,53.382343],[-6.593625,53.382225]],"type":"LineString"},"properties":{"hex_id":"89182c1a3d7ffff","service":"GP","dest_id":"2","dest_name":"Manor Mills Medical","walk_min":21.42,"distance_m":1781}},{"type":"Feature","geometry":{"coordinates":[[-6.604904,53.385955],[-6.604609,53.385975],[-6.604351,53.385971],[-6.604242,53.38596],[-6.604149,53.38595],[-6.604095,53.385945],[-6.604088,53.385944],[-6.603778,53.385896],[-6.603725,53.385885],[-6.603673,53.385875],[-6.603622,53.385867],[-6.603592,53.385859],[-6.603556,53.385852],[-6.603454,53.385832],[-6.603384,53.38582],[-6.603326,53.385809],[-6.603265,53.385799],[-6.603222,53.385787],[-6.603034,53.385765],[-6.603022,53.38576],[-6.602706,53.385752],[-6.602521,53.385755],[-6.602375,53.385757],[-6.602221,53.385756],[-6.602093,53.385755],[-6.602024,53.385755],[-6.601943,53.385752],[-6.601892,53.385751],[-6.601867,53.385719],[-6.601609,53.3854],[-6.601572,53.385363],[-6.601519,53.385306],[-6.601487,53.385266],[-6.601501,53.385242],[-6.601299,53.385016],[-6.601243,53.384956],[-6.601145,53.384902],[-6.601071,53.384792],[-6.601002,53.384689],[-6.600954,53.384628],[-6.600796,53.384426],[-6.600775,53.384399],[-6.600666,53.384265],[-6.60062,53.384264],[-6.600534,53.384271],[-6.600444,53.384306],[-6.600396,53.384348],[-6.600371,53.38436],[-6.600287,53.384394],[-6.6001,53.384457],[-6.600009,53.38446],[-6.599916,53.384369],[-6.599885,53.38434],[-6.599776,53.384245],[-6.599727,53.384225],[-6.599695,53.384216],[-6.599743,53.384175],[-6.599287,53.384037],[-6.598999,53.38398],[-6.598909,53.38397],[-6.598889,53.383934],[-6.598845,53.383855],[-6.598808,53.383797],[-6.598885,53.383774],[-6.598866,53.383752],[-6.598848,53.383758],[-6.598831,53.383732],[-6.598812,53.383737],[-6.598789,53.3837],[-6.598813,53.383693],[-6.598813,53.383693]],"type":"LineString"},"properties":{"hex_id":"89182c1a303ffff","service":"GP","dest_id":"7","dest_name":"Student Medical Center","walk_min":6.99,"distance_m":582}},{"type":"Feature","geometry":{"coordinates":[[-6.588173,53.368029],[-6.588189,53.36799],[-6.588258,53.367797],[-6.588217,53.367737],[-6.587705,53.367722],[-6.587415,53.367701],[-6.587098,53.367685],[-6.586998,53.367746],[-6.586916,53.367836],[-6.586824,53.367936],[-6.586692,53.368029],[-6.586547,53.368162],[-6.586892,53.368499],[-6.587178,53.368673],[-6.587493,53.368804],[-6.588038,53.368969],[-6.588284,53.369036],[-6.588363,53.369049],[-6.589788,53.369284],[-6.590835,53.369456],[-6.590817,53.369514],[-6.590897,53.369528],[-6.590783,53.369918],[-6.590722,53.370082],[-6.590625,53.370293],[-6.590588,53.370363],[-6.590516,53.370469],[-6.590511,53.370479],[-6.59043,53.370645],[-6.590355,53.370799],[-6.590298,53.370913],[-6.590192,53.37094],[-6.589631,53.371959],[-6.589482,53.372252],[-6.589414,53.37232],[-6.589376,53.372353],[-6.589315,53.372467],[-6.589302,53.372515],[-6.589294,53.372598],[-6.588636,53.373772],[-6.58852,53.373983],[-6.588467,53.374068],[-6.588285,53.374406],[-6.588197,53.374577],[-6.588105,53.374748],[-6.588016,53.374902],[-6.58793,53.374986],[-6.587895,53.375055],[-6.587825,53.37517],[-6.587792,53.375237],[-6.58775,53.375318],[-6.587701,53.375495],[-6.587634,53.375618],[-6.58745,53.376106],[-6.587381,53.376391],[-6.587358,53.376609],[-6.587348,53.376878],[-6.587345,53.377193],[-6.587361,53.377298],[-6.587417,53.377646],[-6.587449,53.377806],[-6.587414,53.377807],[-6.587073,53.377813],[-6.58679,53.377818]],"type":"LineString"},"properties":{"hex_id":"89182c1ae73ffff","service":"GP","dest_id":"4","dest_name":"Park Lodge Medical","walk_min":18.3,"distance_m":1522}},{"type":"Feature","geometry":{"coordinates":[[-6.567742,53.361618],[-6.567318,53.361765],[-6.567027,53.361877],[-6.566947,53.361931],[-6.567134,53.362122],[-6.566726,53.362341],[-6.566516,53.362479],[-6.566326,53.362667],[-6.566111,53.363192],[-6.56613,53.363736],[-6.566097,53.364479],[-6.566075,53.364763],[-6.566048,53.365417],[-6.565996,53.366692],[-6.565991,53.366834],[-6.565997,53.366889],[-6.56604,53.366948],[-6.566102,53.366978],[-6.566183,53.366993],[-6.567038,53.367023],[-6.567547,53.367041],[-6.567762,53.367048],[-6.568705,53.367081],[-6.569815,53.367118],[-6.570872,53.367149],[-6.571138,53.367186],[-6.571245,53.367206],[-6.571755,53.367337],[-6.576137,53.368564],[-6.577226,53.368866],[-6.577593,53.368968],[-6.577924,53.36906],[-6.578873,53.369323],[-6.579422,53.369476],[-6.579633,53.369537],[-6.579694,53.369554],[-6.579787,53.369581],[-6.579877,53.369605],[-6.579905,53.369613],[-6.580014,53.369642],[-6.580281,53.369713],[-6.580514,53.369783],[-6.580725,53.369846],[-6.580801,53.369876],[-6.58094,53.369931],[-6.581101,53.370009],[-6.581186,53.370056],[-6.581284,53.370112],[-6.58133,53.370139],[-6.581384,53.37017],[-6.581752,53.370418],[-6.581926,53.370553],[-6.582131,53.370708],[-6.582514,53.370994],[-6.58369,53.371912],[-6.583998,53.372152],[-6.584367,53.372455],[-6.584468,53.37253],[-6.584789,53.37277],[-6.585108,53.373033],[-6.585232,53.373135],[-6.586314,53.373963],[-6.58638,53.374014],[-6.586485,53.374095],[-6.586529,53.374128],[-6.58755,53.374913],[-6.587695,53.374993],[-6.58779,53.375029],[-6.587895,53.375055],[-6.587825,53.37517],[-6.587792,53.375237],[-6.58775,53.375318],[-6.587701,53.375495],[-6.587634,53.375618],[-6.58745,53.376106],[-6.587381,53.376391],[-6.587358,53.376609],[-6.587348,53.376878],[-6.587345,53.377193],[-6.587361,53.377298],[-6.587417,53.377646],[-6.587449,53.377806],[-6.587414,53.377807],[-6.587073,53.377813],[-6.58679,53.377818]],"type":"LineString"},"properties":{"hex_id":"89182c1a8cbffff","service":"GP","dest_id":"4","dest_name":"Park Lodge Medical","walk_min":33.67,"distance_m":2803}},{"type":"Feature","geometry":{"coordinates":[[-6.567796,53.386378],[-6.567807,53.386391],[-6.567885,53.386647],[-6.567893,53.386841],[-6.567771,53.387167],[-6.567894,53.387242],[-6.568041,53.387304],[-6.568121,53.387336],[-6.568511,53.387386],[-6.568984,53.387388],[-6.569312,53.387389],[-6.569656,53.387392],[-6.569867,53.38738],[-6.570305,53.387339],[-6.570484,53.387318],[-6.570596,53.387308],[-6.571064,53.387238],[-6.571607,53.387146],[-6.572107,53.387043],[-6.572707,53.386914],[-6.573289,53.386758],[-6.573734,53.38663],[-6.574247,53.386485],[-6.574769,53.386335],[-6.575206,53.386232],[-6.575328,53.386194],[-6.575399,53.386173],[-6.577023,53.385682],[-6.577468,53.385554],[-6.578466,53.385268],[-6.580431,53.384687],[-6.58099,53.384518],[-6.581785,53.384292],[-6.582691,53.38403],[-6.583201,53.383883],[-6.583674,53.383739],[-6.584245,53.383565],[-6.58488,53.383379],[-6.585439,53.38321],[-6.586123,53.383002],[-6.586771,53.382816],[-6.587493,53.3826],[-6.58834,53.382363],[-6.588496,53.382319],[-6.588515,53.382313],[-6.588547,53.382351],[-6.588589,53.382382],[-6.588625,53.382397],[-6.588657,53.382406],[-6.588681,53.382413],[-6.588724,53.382425],[-6.588731,53.382437],[-6.588842,53.382405],[-6.588891,53.382394],[-6.588853,53.382347],[-6.588836,53.38232],[-6.588843,53.382307],[-6.588887,53.382249],[-6.589443,53.382087],[-6.589874,53.381953],[-6.590148,53.381873]],"type":"LineString"},"properties":{"hex_id":"89182c1a13bffff","service":"GP","dest_id":"1","dest_name":"Maynooth Medical","walk_min":20.96,"distance_m":1747}},{"type":"Feature","geometry":{"coordinates":[[-6.579557,53.384945],[-6.580431,53.384687],[-6.58099,53.384518],[-6.581785,53.384292],[-6.582691,53.38403],[-6.583201,53.383883],[-6.583674,53.383739],[-6.584245,53.383565],[-6.58488,53.383379],[-6.585439,53.38321],[-6.586123,53.383002],[-6.586771,53.382816],[-6.587493,53.3826],[-6.58834,53.382363],[-6.588496,53.382319],[-6.588515,53.382313],[-6.588547,53.382351],[-6.588589,53.382382],[-6.588625,53.382397],[-6.588657,53.382406],[-6.588681,53.382413],[-6.588724,53.382425],[-6.588731,53.382437],[-6.588842,53.382405],[-6.588891,53.382394],[-6.588853,53.382347],[-6.588836,53.38232],[-6.588843,53.382307],[-6.588887,53.382249],[-6.589443,53.382087],[-6.589874,53.381953],[-6.590148,53.381873]],"type":"LineString"},"properties":{"hex_id":"89182c1a163ffff","service":"GP","dest_id":"1","dest_name":"Maynooth Medical","walk_min":9.7,"distance_m":808}},{"type":"Feature","geometry":{"coordinates":[[-6.565101,53.367451],[-6.5651,53.367433],[-6.565185,53.367356],[-6.565237,53.367358],[-6.565374,53.367408],[-6.565615,53.367186],[-6.565697,53.367064],[-6.565742,53.367015],[-6.56577,53.366986],[-6.565873,53.366987],[-6.56604,53.366948],[-6.566102,53.366978],[-6.566183,53.366993],[-6.567038,53.367023],[-6.567547,53.367041],[-6.567762,53.367048],[-6.568705,53.367081],[-6.569815,53.367118],[-6.570872,53.367149],[-6.571138,53.367186],[-6.571245,53.367206],[-6.571755,53.367337],[-6.576137,53.368564],[-6.577226,53.368866],[-6.577593,53.368968],[-6.577924,53.36906],[-6.578873,53.369323],[-6.579422,53.369476],[-6.579633,53.369537],[-6.579694,53.369554],[-6.579787,53.369581],[-6.579877,53.369605],[-6.579905,53.369613],[-6.580014,53.369642],[-6.580281,53.369713],[-6.580514,53.369783],[-6.580725,53.369846],[-6.580801,53.369876],[-6.58094,53.369931],[-6.581101,53.370009],[-6.581186,53.370056],[-6.581284,53.370112],[-6.58133,53.370139],[-6.581384,53.37017],[-6.581752,53.370418],[-6.581926,53.370553],[-6.582131,53.370708],[-6.582514,53.370994],[-6.58369,53.371912],[-6.583998,53.372152],[-6.584367,53.372455],[-6.584468,53.37253],[-6.584789,53.37277],[-6.585108,53.373033],[-6.585232,53.373135],[-6.586314,53.373963],[-6.58638,53.374014],[-6.586485,53.374095],[-6.586529,53.374128],[-6.58755,53.374913],[-6.587695,53.374993],[-6.58779,53.375029],[-6.587895,53.375055],[-6.587825,53.37517],[-6.587792,53.375237],[-6.58775,53.375318],[-6.587701,53.375495],[-6.587634,53.375618],[-6.58745,53.376106],[-6.587381,53.376391],[-6.587358,53.376609],[-6.587348,53.376878],[-6.587345,53.377193],[-6.587361,53.377298],[-6.587417,53.377646],[-6.587449,53.377806],[-6.587414,53.377807],[-6.587073,53.377813],[-6.58679,53.377818]],"type":"LineString"},"properties":{"hex_id":"89182c1aea7ffff","service":"GP","dest_id":"4","dest_name":"Park Lodge Medical","walk_min":27.07,"distance_m":2253}},{"type":"Feature","geometry":{"coordinates":[[-6.607474,53.377206],[-6.607737,53.377072],[-6.607797,53.377041],[-6.607661,53.376949],[-6.607541,53.376855],[-6.607427,53.376764],[-6.607195,53.376551],[-6.607099,53.376469],[-6.606784,53.376255],[-6.606709,53.376194],[-6.606633,53.376106],[-6.606597,53.376008],[-6.6066,53.375901],[-6.606664,53.375745],[-6.60667,53.375712],[-6.606672,53.375676],[-6.606637,53.375591],[-6.606542,53.375441],[-6.606282,53.375482],[-6.60615,53.375505],[-6.606037,53.375531],[-6.605949,53.375565],[-6.605493,53.375844],[-6.605308,53.375967],[-6.605005,53.375774],[-6.604723,53.375587],[-6.604423,53.375391],[-6.604284,53.375304],[-6.604299,53.375266],[-6.604307,53.375244],[-6.604299,53.375221],[-6.604279,53.3752],[-6.604248,53.375178],[-6.60416,53.375131],[-6.604031,53.375057],[-6.603986,53.375016],[-6.603913,53.374907],[-6.603903,53.37487],[-6.603595,53.374908],[-6.603286,53.374937],[-6.603093,53.374954],[-6.602882,53.37499],[-6.602841,53.374999],[-6.602646,53.375051],[-6.602426,53.375119],[-6.602275,53.375172],[-6.602107,53.375231],[-6.601975,53.375276],[-6.601795,53.37533],[-6.601501,53.375398],[-6.601255,53.375434],[-6.600891,53.375457],[-6.60059,53.375475],[-6.600526,53.375266],[-6.600478,53.375147],[-6.600367,53.374994],[-6.600192,53.374766],[-6.600575,53.374708]],"type":"LineString"},"properties":{"hex_id":"89182c18593ffff","service":"GP","dest_id":"6","dest_name":"Dr Denise Nolan","walk_min":10.08,"distance_m":840}},{"type":"Feature","geometry":{"coordinates":[[-6.599085,53.375554],[-6.599085,53.375554],[-6.599247,53.375542],[-6.599303,53.375539],[-6.599617,53.37552],[-6.599775,53.375516],[-6.599851,53.375514],[-6.599997,53.37551],[-6.600186,53.375502],[-6.60025,53.375498],[-6.60042,53.375491],[-6.60059,53.375475],[-6.600526,53.375266],[-6.600478,53.375147],[-6.600367,53.374994],[-6.600192,53.374766],[-6.600575,53.374708]],"type":"LineString"},"properties":{"hex_id":"89182c1ae5bffff","service":"GP","dest_id":"6","dest_name":"Dr Denise Nolan","walk_min":2.53,"distance_m":211}},{"type":"Feature","geometry":{"coordinates":[[-6.581079,53.381996],[-6.581193,53.38201],[-6.581215,53.381943],[-6.582316,53.382058],[-6.582316,53.382021],[-6.582411,53.382032],[-6.582504,53.382034],[-6.582581,53.382055],[-6.582611,53.382055],[-6.582659,53.382052],[-6.582704,53.382041],[-6.582742,53.382023],[-6.582867,53.382017],[-6.583003,53.382022],[-6.583137,53.382016],[-6.583508,53.382054],[-6.584175,53.382056],[-6.584402,53.38205],[-6.58463,53.382046],[-6.584975,53.382037],[-6.585539,53.382017],[-6.585626,53.382014],[-6.585895,53.382004],[-6.586262,53.381995],[-6.586426,53.381997],[-6.586571,53.382001],[-6.58685,53.382007],[-6.586971,53.382012],[-6.587268,53.382021],[-6.587994,53.382042],[-6.588266,53.382059],[-6.588381,53.382067],[-6.58859,53.382131],[-6.588678,53.382163],[-6.588746,53.382189],[-6.588887,53.382249],[-6.589443,53.382087],[-6.589874,53.381953],[-6.590148,53.381873]],"type":"LineString"},"properties":{"hex_id":"89182c1a16fffff","service":"GP","dest_id":"1","dest_name":"Maynooth Medical","walk_min":7.6,"distance_m":633}},{"type":"Feature","geometry":{"coordinates":[[-6.585627,53.373596],[-6.585729,53.373673],[-6.586249,53.374074],[-6.58638,53.374014],[-6.586485,53.374095],[-6.586529,53.374128],[-6.58755,53.374913],[-6.587695,53.374993],[-6.58779,53.375029],[-6.587895,53.375055],[-6.587825,53.37517],[-6.587792,53.375237],[-6.58775,53.375318],[-6.587701,53.375495],[-6.587634,53.375618],[-6.58745,53.376106],[-6.587381,53.376391],[-6.587358,53.376609],[-6.587348,53.376878],[-6.587345,53.377193],[-6.587361,53.377298],[-6.587417,53.377646],[-6.587449,53.377806],[-6.587414,53.377807],[-6.587073,53.377813],[-6.58679,53.377818]],"type":"LineString"},"properties":{"hex_id":"89182c1ae1bffff","service":"GP","dest_id":"4","dest_name":"Park Lodge Medical","walk_min":7.06,"distance_m":588}},{"type":"Feature","geometry":{"coordinates":[[-6.592174,53.378716],[-6.592174,53.378716],[-6.592136,53.378802],[-6.592064,53.378957],[-6.591997,53.379101],[-6.591927,53.379081],[-6.591867,53.379197],[-6.591826,53.379185],[-6.591807,53.379228],[-6.591793,53.379261],[-6.59179,53.379289],[-6.591848,53.379386],[-6.591792,53.3794],[-6.591763,53.379409],[-6.591601,53.379457],[-6.591554,53.379472],[-6.59146,53.379509],[-6.591423,53.379537],[-6.591381,53.379572],[-6.591294,53.379472],[-6.591065,53.379542],[-6.590482,53.379749],[-6.589636,53.380136],[-6.589519,53.380187],[-6.589412,53.380231],[-6.589385,53.380212],[-6.589363,53.380196],[-6.589345,53.380183],[-6.58928,53.380213],[-6.589253,53.380224],[-6.589271,53.380241],[-6.589278,53.380263],[-6.589269,53.38028],[-6.589256,53.38029],[-6.589235,53.380307],[-6.589198,53.380312],[-6.589167,53.380309],[-6.589131,53.380294],[-6.589104,53.380266],[-6.588999,53.380287],[-6.588921,53.380303],[-6.588837,53.380305],[-6.588792,53.380313],[-6.588722,53.380326],[-6.588719,53.38032],[-6.588712,53.380312],[-6.58869,53.380301],[-6.588662,53.380305],[-6.588618,53.380217],[-6.588309,53.38027]],"type":"LineString"},"properties":{"hex_id":"89182c1aecbffff","service":"GP","dest_id":"3","dest_name":"Glenroyal Medical Centre","walk_min":4.7,"distance_m":391}},{"type":"Feature","geometry":{"coordinates":[[-6.579453,53.377031],[-6.579458,53.377021],[-6.579536,53.376967],[-6.579605,53.376965],[-6.579689,53.377],[-6.579749,53.377071],[-6.579919,53.377595],[-6.580004,53.377586],[-6.580047,53.377721],[-6.580467,53.377681],[-6.580879,53.377635],[-6.581475,53.37756],[-6.581642,53.377979],[-6.581631,53.37807],[-6.581743,53.378054],[-6.581836,53.378295],[-6.581898,53.378287],[-6.5824,53.378222],[-6.582736,53.37818],[-6.582899,53.378159],[-6.583506,53.378079],[-6.583559,53.378072],[-6.583908,53.378031],[-6.584789,53.377936],[-6.585229,53.377891],[-6.585783,53.377844],[-6.586366,53.377825],[-6.586573,53.377821],[-6.58679,53.377818]],"type":"LineString"},"properties":{"hex_id":"89182c1ae8bffff","service":"GP","dest_id":"4","dest_name":"Park Lodge Medical","walk_min":7.61,"distance_m":634}},{"type":"Feature","geometry":{"coordinates":[[-6.580681,53.365944],[-6.580744,53.36588],[-6.580809,53.365825],[-6.580997,53.365685],[-6.580869,53.36552],[-6.580737,53.36534],[-6.58064,53.365371],[-6.580634,53.365325],[-6.580672,53.365227],[-6.580729,53.365186],[-6.580801,53.365179],[-6.580799,53.365232],[-6.58247,53.365237],[-6.582469,53.365221],[-6.58266,53.36522],[-6.582657,53.365082],[-6.582803,53.365082],[-6.582801,53.365143],[-6.582929,53.36515],[-6.583009,53.365154],[-6.582985,53.365242],[-6.582946,53.365382],[-6.582918,53.365485],[-6.582895,53.365567],[-6.582863,53.365682],[-6.582975,53.365693],[-6.583552,53.365748],[-6.584128,53.365803],[-6.584226,53.365813],[-6.584161,53.366067],[-6.584159,53.366112],[-6.585525,53.366146],[-6.586916,53.366171],[-6.587917,53.366186],[-6.588838,53.366202],[-6.588948,53.366204],[-6.589058,53.366232],[-6.589128,53.366234],[-6.589215,53.366237],[-6.589287,53.366221],[-6.589353,53.366222],[-6.589511,53.36621],[-6.58981,53.366136],[-6.589968,53.366047],[-6.590249,53.365806],[-6.590386,53.365596],[-6.590431,53.365553],[-6.590621,53.365562],[-6.59075,53.365603],[-6.590804,53.365642],[-6.59089,53.365675],[-6.590991,53.365688],[-6.591107,53.365725],[-6.591257,53.36581],[-6.591299,53.365914],[-6.591323,53.366122],[-6.591277,53.366683],[-6.591274,53.366796],[-6.591251,53.367314],[-6.591217,53.367553],[-6.591211,53.367656],[-6.591165,53.368273],[-6.591132,53.368544],[-6.590931,53.369334],[-6.590907,53.369468],[-6.590897,53.369528],[-6.590783,53.369918],[-6.590722,53.370082],[-6.590625,53.370293],[-6.590588,53.370363],[-6.590516,53.370469],[-6.590511,53.370479],[-6.59043,53.370645],[-6.590355,53.370799],[-6.590298,53.370913],[-6.590192,53.37094],[-6.589631,53.371959],[-6.589482,53.372252],[-6.589414,53.37232],[-6.589376,53.372353],[-6.589315,53.372467],[-6.589302,53.372515],[-6.589294,53.372598],[-6.588636,53.373772],[-6.58852,53.373983],[-6.588467,53.374068],[-6.588285,53.374406],[-6.588197,53.374577],[-6.588105,53.374748],[-6.588016,53.374902],[-6.58793,53.374986],[-6.587895,53.375055],[-6.587825,53.37517],[-6.587792,53.375237],[-6.58775,53.375318],[-6.587701,53.375495],[-6.587634,53.375618],[-6.58745,53.376106],[-6.587381,53.376391],[-6.587358,53.376609],[-6.587348,53.376878],[-6.587345,53.377193],[-6.587361,53.377298],[-6.587417,53.377646],[-6.587449,53.377806],[-6.587414,53.377807],[-6.587073,53.377813],[-6.58679,53.377818]],"type":"LineString"},"properties":{"hex_id":"89182c1ae3bffff","service":"GP","dest_id":"4","dest_name":"Park Lodge Medical","walk_min":29.08,"distance_m":2417}},{"type":"Feature","geometry":{"coordinates":[[-6.576762,53.377115],[-6.576368,53.377575],[-6.575875,53.378401],[-6.57653,53.378546],[-6.577773,53.378827],[-6.578077,53.378805],[-6.578379,53.378767],[-6.578655,53.378728],[-6.579673,53.378595],[-6.580136,53.378524],[-6.580291,53.378502],[-6.580642,53.378454],[-6.581206,53.378376],[-6.581836,53.378295],[-6.581898,53.378287],[-6.5824,53.378222],[-6.582736,53.37818],[-6.582899,53.378159],[-6.583506,53.378079],[-6.583559,53.378072],[-6.583908,53.378031],[-6.584789,53.377936],[-6.585229,53.377891],[-6.585783,53.377844],[-6.586366,53.377825],[-6.586573,53.377821],[-6.58679,53.377818]],"type":"LineString"},"properties":{"hex_id":"89182c1ae8fffff","service":"GP","dest_id":"4","dest_name":"Park Lodge Medical","walk_min":10.82,"distance_m":902}},{"type":"Feature","geometry":{"coordinates":[[-6.60993,53.379494],[-6.60994,53.379675],[-6.609722,53.380012],[-6.609577,53.380236],[-6.609503,53.380327],[-6.609381,53.380537],[-6.609268,53.38069],[-6.609181,53.380813],[-6.609037,53.381095],[-6.608984,53.381185],[-6.608939,53.381278],[-6.6089,53.38134],[-6.608895,53.381349],[-6.60888,53.381371],[-6.608822,53.381535],[-6.6088,53.381597],[-6.608746,53.381754],[-6.608737,53.381811],[-6.608729,53.381846],[-6.60872,53.381923],[-6.608643,53.382005],[-6.608506,53.382041],[-6.608521,53.381954],[-6.608527,53.381924],[-6.608594,53.381733],[-6.608601,53.381665],[-6.608029,53.381644],[-6.607472,53.38161],[-6.60652,53.381542],[-6.60616,53.381529],[-6.605703,53.381523],[-6.605678,53.381523],[-6.605651,53.381524],[-6.605673,53.381645],[-6.60564,53.381872],[-6.60547,53.382006],[-6.605443,53.382367],[-6.605718,53.382364]],"type":"LineString"},"properties":{"hex_id":"89182c1a367ffff","service":"GP","dest_id":"5","dest_name":"The Leinster Clinic","walk_min":7.92,"distance_m":660}},{"type":"Feature","geometry":{"coordinates":[[-6.605825,53.379615],[-6.605155,53.379644],[-6.604877,53.379661],[-6.604569,53.379671],[-6.604046,53.379729],[-6.602044,53.37998],[-6.601744,53.380029],[-6.601536,53.380075],[-6.601499,53.380081],[-6.601329,53.380127],[-6.601154,53.380173],[-6.600807,53.380293],[-6.600595,53.38035],[-6.599999,53.380508],[-6.599781,53.380565],[-6.59961,53.380628],[-6.599471,53.380665],[-6.599372,53.380692],[-6.599353,53.380698],[-6.599179,53.380743],[-6.599134,53.380753],[-6.599056,53.380773],[-6.598889,53.380817],[-6.598762,53.380856],[-6.598629,53.380893],[-6.598557,53.380888],[-6.598491,53.380873],[-6.598447,53.380856],[-6.598376,53.380826],[-6.598538,53.381018],[-6.598569,53.381053],[-6.598591,53.381082],[-6.598713,53.381237],[-6.598828,53.3814],[-6.599003,53.381526],[-6.599219,53.381795],[-6.59925,53.381834],[-6.599339,53.381945],[-6.599378,53.381994],[-6.599402,53.382023],[-6.599204,53.382035],[-6.599217,53.382098],[-6.599222,53.382137],[-6.599224,53.382175],[-6.599229,53.382208],[-6.599194,53.382253],[-6.599146,53.38234],[-6.599125,53.382437],[-6.599174,53.382542],[-6.599251,53.382604],[-6.599345,53.382609],[-6.599366,53.382639],[-6.599385,53.382666],[-6.599468,53.382781],[-6.599506,53.382822],[-6.599612,53.382962],[-6.599805,53.383205],[-6.599971,53.383399],[-6.599988,53.383434],[-6.600027,53.383499],[-6.600014,53.38352],[-6.599934,53.383557],[-6.599949,53.383584],[-6.599823,53.383626],[-6.59956,53.38371],[-6.599526,53.383721],[-6.599416,53.383767],[-6.599398,53.383849],[-6.599194,53.383911],[-6.598999,53.38398],[-6.598909,53.38397],[-6.598889,53.383934],[-6.598845,53.383855],[-6.598808,53.383797],[-6.598885,53.383774],[-6.598866,53.383752],[-6.598848,53.383758],[-6.598831,53.383732],[-6.598812,53.383737],[-6.598789,53.3837],[-6.598813,53.383693],[-6.598813,53.383693]],"type":"LineString"},"properties":{"hex_id":"89182c1a32bffff","service":"GP","dest_id":"7","dest_name":"Student Medical Center","walk_min":12.1,"distance_m":1009}},{"type":"Feature","geometry":{"coordinates":[[-6.595927,53.380807],[-6.595893,53.380851],[-6.595785,53.380822],[-6.595704,53.380811],[-6.595621,53.380791],[-6.595537,53.380779],[-6.595495,53.3808],[-6.595447,53.380838],[-6.595409,53.380863],[-6.595346,53.380878],[-6.595256,53.380917],[-6.595195,53.380903],[-6.595157,53.380887],[-6.595116,53.380869],[-6.5951,53.380829],[-6.595055,53.380811],[-6.59501,53.380802],[-6.594947,53.380791],[-6.594859,53.380788],[-6.594814,53.380788],[-6.594756,53.38077],[-6.594715,53.380759],[-6.594683,53.380732],[-6.59472,53.38066],[-6.594697,53.380646],[-6.594613,53.380596],[-6.594546,53.380546],[-6.59451,53.380558],[-6.594467,53.380569],[-6.594345,53.380622],[-6.594301,53.380635],[-6.594234,53.380655],[-6.594014,53.380702],[-6.593844,53.380737],[-6.593773,53.380751],[-6.593743,53.380757],[-6.593656,53.380757],[-6.593575,53.380779],[-6.593441,53.380815],[-6.593388,53.380847],[-6.593256,53.380892],[-6.593131,53.380916],[-6.593013,53.380943],[-6.593006,53.380999],[-6.593003,53.381024],[-6.592999,53.38104],[-6.592982,53.381053],[-6.592897,53.381079],[-6.592878,53.381085],[-6.592858,53.381092],[-6.592818,53.381105],[-6.592924,53.381242],[-6.592948,53.38127],[-6.593186,53.381538],[-6.593241,53.381615],[-6.593238,53.381644],[-6.593222,53.381668],[-6.593331,53.381829],[-6.593504,53.382028],[-6.593517,53.382063],[-6.593542,53.382122],[-6.593625,53.382225]],"type":"LineString"},"properties":{"hex_id":"89182c1a337ffff","service":"GP","dest_id":"2","dest_name":"Manor Mills Medical","walk_min":4.82,"distance_m":402}},{"type":"Feature","geometry":{"coordinates":[[-6.587031,53.370763],[-6.587553,53.37099],[-6.587692,53.371039],[-6.587801,53.371031],[-6.587895,53.370981],[-6.58834,53.370629],[-6.588898,53.370868],[-6.58862,53.37139],[-6.588626,53.371439],[-6.58863,53.37147],[-6.588697,53.371535],[-6.58914,53.371735],[-6.589265,53.371966],[-6.589297,53.372021],[-6.589221,53.372212],[-6.588259,53.373849],[-6.588416,53.373945],[-6.58852,53.373983],[-6.588467,53.374068],[-6.588285,53.374406],[-6.588197,53.374577],[-6.588105,53.374748],[-6.588016,53.374902],[-6.58793,53.374986],[-6.587895,53.375055],[-6.587825,53.37517],[-6.587792,53.375237],[-6.58775,53.375318],[-6.587701,53.375495],[-6.587634,53.375618],[-6.58745,53.376106],[-6.587381,53.376391],[-6.587358,53.376609],[-6.587348,53.376878],[-6.587345,53.377193],[-6.587361,53.377298],[-6.587417,53.377646],[-6.587449,53.377806],[-6.587414,53.377807],[-6.587073,53.377813],[-6.58679,53.377818]],"type":"LineString"},"properties":{"hex_id":"89182c1ae0bffff","service":"GP","dest_id":"4","dest_name":"Park Lodge Medical","walk_min":12.39,"distance_m":1032}},{"type":"Feature","geometry":{"coordinates":[[-6.601629,53.387277],[-6.601003,53.387033],[-6.600894,53.387122],[-6.600859,53.387146],[-6.600777,53.387176],[-6.600573,53.387153],[-6.60043,53.387111],[-6.600165,53.386994],[-6.599954,53.386919],[-6.599085,53.386606],[-6.599123,53.386565],[-6.599147,53.386551],[-6.599243,53.386468],[-6.599257,53.386454],[-6.599346,53.386371],[-6.599385,53.386332],[-6.599564,53.38618],[-6.599468,53.38614],[-6.599432,53.386127],[-6.599398,53.386092],[-6.599405,53.386085],[-6.599409,53.386077],[-6.599407,53.386068],[-6.599402,53.38606],[-6.599392,53.386054],[-6.599533,53.385928],[-6.599696,53.385787],[-6.599816,53.385677],[-6.599852,53.385645],[-6.599883,53.385621],[-6.599911,53.385585],[-6.599941,53.385489],[-6.59994,53.385432],[-6.599875,53.385349],[-6.600088,53.385285],[-6.600112,53.385276],[-6.600137,53.385262],[-6.600107,53.385178],[-6.600034,53.385086],[-6.599861,53.384883],[-6.599769,53.38475],[-6.599758,53.384734],[-6.599804,53.3846],[-6.599691,53.38448],[-6.599659,53.384404],[-6.599646,53.384325],[-6.599703,53.384262],[-6.599674,53.384254],[-6.599695,53.384216],[-6.599743,53.384175],[-6.599287,53.384037],[-6.598999,53.38398],[-6.598909,53.38397],[-6.598889,53.383934],[-6.598845,53.383855],[-6.598808,53.383797],[-6.598885,53.383774],[-6.598866,53.383752],[-6.598848,53.383758],[-6.598831,53.383732],[-6.598812,53.383737],[-6.598789,53.3837],[-6.598813,53.383693],[-6.598813,53.383693]],"type":"LineString"},"properties":{"hex_id":"89182c1a3c7ffff","service":"GP","dest_id":"7","dest_name":"Student Medical Center","walk_min":7.67,"distance_m":623}},{"type":"Feature","geometry":{"coordinates":[[-6.593697,53.375922],[-6.593697,53.375922],[-6.593176,53.3761],[-6.593105,53.376142],[-6.593079,53.376184],[-6.593095,53.376235],[-6.593234,53.376328],[-6.593034,53.376464],[-6.592793,53.37658],[-6.592665,53.376626],[-6.592251,53.376747],[-6.591837,53.376883],[-6.591749,53.376912],[-6.59111,53.377102],[-6.590576,53.377269],[-6.590175,53.377393],[-6.589986,53.377447],[-6.589497,53.377599],[-6.589386,53.377616],[-6.589258,53.377624],[-6.589006,53.377589],[-6.588327,53.37761],[-6.588092,53.377579],[-6.587904,53.377527],[-6.587699,53.377506],[-6.587625,53.377507],[-6.587518,53.37751],[-6.587567,53.377766],[-6.587572,53.377807],[-6.587449,53.377806],[-6.587414,53.377807],[-6.587073,53.377813],[-6.58679,53.377818]],"type":"LineString"},"properties":{"hex_id":"89182c1ae53ffff","service":"GP","dest_id":"4","dest_name":"Park Lodge Medical","walk_min":6.94,"distance_m":579}},{"type":"Feature","geometry":{"coordinates":[[-6.59122,53.389547],[-6.590885,53.389353],[-6.589787,53.388723],[-6.589709,53.388664],[-6.589619,53.388588],[-6.589532,53.388516],[-6.589195,53.38866],[-6.58825,53.387902],[-6.587855,53.387676],[-6.587889,53.387627],[-6.588049,53.387454],[-6.588141,53.38732],[-6.588161,53.387291],[-6.588189,53.387251],[-6.588123,53.387233],[-6.588056,53.387207],[-6.587591,53.386922],[-6.587506,53.386875],[-6.587553,53.386827],[-6.586805,53.38642],[-6.586789,53.386356],[-6.586714,53.386317],[-6.586784,53.386262],[-6.587161,53.385943],[-6.587483,53.385663],[-6.587974,53.385227],[-6.588003,53.385201],[-6.588125,53.385092],[-6.588219,53.385008],[-6.588395,53.38485],[-6.588426,53.384824],[-6.588489,53.384768],[-6.588602,53.384657],[-6.588686,53.384578],[-6.58882,53.384452],[-6.588886,53.384384],[-6.589019,53.384248],[-6.589069,53.384193],[-6.589284,53.383959],[-6.58942,53.383792],[-6.589532,53.383621],[-6.589591,53.38348],[-6.5896,53.383374],[-6.589596,53.383306],[-6.589574,53.38324],[-6.589165,53.382759],[-6.5892,53.382749],[-6.588891,53.382394],[-6.588853,53.382347],[-6.588836,53.38232],[-6.588843,53.382307],[-6.588887,53.382249],[-6.589443,53.382087],[-6.589874,53.381953],[-6.590148,53.381873]],"type":"LineString"},"properties":{"hex_id":"89182c1a3b3ffff","service":"GP","dest_id":"1","dest_name":"Maynooth Medical","walk_min":13.78,"distance_m":1148}},{"type":"Feature","geometry":{"coordinates":[[-6.57229,53.382774],[-6.572318,53.382806],[-6.572374,53.382877],[-6.572432,53.382971],[-6.572562,53.383141],[-6.572624,53.383221],[-6.572659,53.383265],[-6.572743,53.383369],[-6.572847,53.383502],[-6.572931,53.383616],[-6.572989,53.383676],[-6.573082,53.38377],[-6.573149,53.38384],[-6.573276,53.383977],[-6.573367,53.384079],[-6.573421,53.38414],[-6.573505,53.384233],[-6.573585,53.384294],[-6.573654,53.384359],[-6.573816,53.38455],[-6.573971,53.384742],[-6.574086,53.384882],[-6.57417,53.384984],[-6.574263,53.385098],[-6.574356,53.385221],[-6.574431,53.385338],[-6.574496,53.385465],[-6.574509,53.385575],[-6.574509,53.385623],[-6.574477,53.385656],[-6.574444,53.385723],[-6.574362,53.385866],[-6.574461,53.385936],[-6.574606,53.386107],[-6.574769,53.386335],[-6.575206,53.386232],[-6.575328,53.386194],[-6.575399,53.386173],[-6.577023,53.385682],[-6.577468,53.385554],[-6.578466,53.385268],[-6.580431,53.384687],[-6.58099,53.384518],[-6.581785,53.384292],[-6.582691,53.38403],[-6.583201,53.383883],[-6.583674,53.383739],[-6.584245,53.383565],[-6.58488,53.383379],[-6.585439,53.38321],[-6.586123,53.383002],[-6.586771,53.382816],[-6.587493,53.3826],[-6.58834,53.382363],[-6.588496,53.382319],[-6.588515,53.382313],[-6.588547,53.382351],[-6.588589,53.382382],[-6.588625,53.382397],[-6.588657,53.382406],[-6.588681,53.382413],[-6.588724,53.382425],[-6.588731,53.382437],[-6.588842,53.382405],[-6.588891,53.382394],[-6.588853,53.382347],[-6.588836,53.38232],[-6.588843,53.382307],[-6.588887,53.382249],[-6.589443,53.382087],[-6.589874,53.381953],[-6.590148,53.381873]],"type":"LineString"},"properties":{"hex_id":"89182c1a12bffff","service":"GP","dest_id":"1","dest_name":"Maynooth Medical","walk_min":19.23,"distance_m":1602}},{"type":"Feature","geometry":{"coordinates":[[-6.588048,53.386921],[-6.588278,53.386879],[-6.588369,53.386852],[-6.588437,53.386819],[-6.588504,53.386767],[-6.588775,53.386609],[-6.588887,53.386569],[-6.589168,53.386528],[-6.589262,53.386511],[-6.589374,53.38646],[-6.58926,53.386239],[-6.589101,53.386039],[-6.588936,53.385964],[-6.588708,53.385988],[-6.588566,53.386079],[-6.588361,53.386229],[-6.58836,53.386258],[-6.588293,53.386352],[-6.587685,53.386672],[-6.587619,53.386761],[-6.587553,53.386827],[-6.586805,53.38642],[-6.586789,53.386356],[-6.586714,53.386317],[-6.586784,53.386262],[-6.587161,53.385943],[-6.587483,53.385663],[-6.587974,53.385227],[-6.588003,53.385201],[-6.588125,53.385092],[-6.588219,53.385008],[-6.588395,53.38485],[-6.588426,53.384824],[-6.588489,53.384768],[-6.588602,53.384657],[-6.588686,53.384578],[-6.58882,53.384452],[-6.588886,53.384384],[-6.589019,53.384248],[-6.589069,53.384193],[-6.589284,53.383959],[-6.58942,53.383792],[-6.589532,53.383621],[-6.589591,53.38348],[-6.5896,53.383374],[-6.589596,53.383306],[-6.589574,53.38324],[-6.589165,53.382759],[-6.5892,53.382749],[-6.588891,53.382394],[-6.588853,53.382347],[-6.588836,53.38232],[-6.588843,53.382307],[-6.588887,53.382249],[-6.589443,53.382087],[-6.589874,53.381953],[-6.590148,53.381873]],"type":"LineString"},"properties":{"hex_id":"89182c1a3b7ffff","service":"GP","dest_id":"1","dest_name":"Maynooth Medical","walk_min":12.06,"distance_m":1005}},{"type":"Feature","geometry":{"coordinates":[[-6.582861,53.387571],[-6.583042,53.387624],[-6.582939,53.387761],[-6.582894,53.387832],[-6.582893,53.387901],[-6.582946,53.38801],[-6.582985,53.38807],[-6.583008,53.388108],[-6.583127,53.388274],[-6.583141,53.388294],[-6.58317,53.38833],[-6.58324,53.388309],[-6.583277,53.388316],[-6.583498,53.388239],[-6.583675,53.388169],[-6.583853,53.388085],[-6.584224,53.387895],[-6.584285,53.387936],[-6.584675,53.38773],[-6.584839,53.387632],[-6.585257,53.387317],[-6.585584,53.387106],[-6.585766,53.386988],[-6.585825,53.386946],[-6.5862,53.386686],[-6.58648,53.38649],[-6.586608,53.386401],[-6.586714,53.386317],[-6.586784,53.386262],[-6.587161,53.385943],[-6.587483,53.385663],[-6.587974,53.385227],[-6.588003,53.385201],[-6.588125,53.385092],[-6.588219,53.385008],[-6.588395,53.38485],[-6.588426,53.384824],[-6.588489,53.384768],[-6.588602,53.384657],[-6.588686,53.384578],[-6.58882,53.384452],[-6.588886,53.384384],[-6.589019,53.384248],[-6.589069,53.384193],[-6.589284,53.383959],[-6.58942,53.383792],[-6.589532,53.383621],[-6.589591,53.38348],[-6.5896,53.383374],[-6.589596,53.383306],[-6.589574,53.38324],[-6.589165,53.382759],[-6.5892,53.382749],[-6.588891,53.382394],[-6.588853,53.382347],[-6.588836,53.38232],[-6.588843,53.382307],[-6.588887,53.382249],[-6.589443,53.382087],[-6.589874,53.381953],[-6.590148,53.381873]],"type":"LineString"},"properties":{"hex_id":"89182c1a17bffff","service":"GP","dest_id":"1","dest_name":"Maynooth Medical","walk_min":12.62,"distance_m":1049}},{"type":"Feature","geometry":{"coordinates":[[-6.602937,53.385551],[-6.602763,53.385336],[-6.602656,53.385369],[-6.6026,53.385297],[-6.602441,53.385335],[-6.602375,53.385247],[-6.601962,53.384732],[-6.601857,53.384579],[-6.601773,53.384448],[-6.601682,53.384471],[-6.601557,53.384452],[-6.601421,53.384419],[-6.601222,53.384371],[-6.601188,53.384376],[-6.601118,53.384364],[-6.600688,53.38426],[-6.600666,53.384265],[-6.60062,53.384264],[-6.600534,53.384271],[-6.600444,53.384306],[-6.600396,53.384348],[-6.600371,53.38436],[-6.600287,53.384394],[-6.6001,53.384457],[-6.600009,53.38446],[-6.599916,53.384369],[-6.599885,53.38434],[-6.599776,53.384245],[-6.599727,53.384225],[-6.599695,53.384216],[-6.599743,53.384175],[-6.599287,53.384037],[-6.598999,53.38398],[-6.598909,53.38397],[-6.598889,53.383934],[-6.598845,53.383855],[-6.598808,53.383797],[-6.598885,53.383774],[-6.598866,53.383752],[-6.598848,53.383758],[-6.598831,53.383732],[-6.598812,53.383737],[-6.598789,53.3837],[-6.598813,53.383693],[-6.598813,53.383693]],"type":"LineString"},"properties":{"hex_id":"89182c1a307ffff","service":"GP","dest_id":"7","dest_name":"Student Medical Center","walk_min":5.25,"distance_m":434}},{"type":"Feature","geometry":{"coordinates":[[-6.592994,53.386364],[-6.59309,53.386363],[-6.593188,53.386366],[-6.593524,53.38589],[-6.593558,53.385842],[-6.593655,53.385866],[-6.593711,53.385787],[-6.593855,53.385585],[-6.59389,53.385537],[-6.594133,53.385593],[-6.594177,53.385532],[-6.59436,53.38556],[-6.594566,53.385566],[-6.594703,53.385571],[-6.594855,53.385566],[-6.595208,53.385492],[-6.595394,53.385454],[-6.595427,53.385396],[-6.595462,53.38539],[-6.595181,53.384892],[-6.595028,53.384616],[-6.594915,53.384439],[-6.594666,53.383991],[-6.594609,53.383893],[-6.594445,53.383613],[-6.594386,53.383469],[-6.594162,53.383085],[-6.594131,53.383031],[-6.594189,53.383022],[-6.594345,53.382995],[-6.594251,53.382845],[-6.594201,53.382794],[-6.594197,53.38272],[-6.594227,53.382688],[-6.593985,53.382634],[-6.593915,53.382574],[-6.593805,53.382443],[-6.593721,53.382343],[-6.593625,53.382225]],"type":"LineString"},"properties":{"hex_id":"89182c1a3a3ffff","service":"GP","dest_id":"2","dest_name":"Manor Mills Medical","walk_min":7.66,"distance_m":638}},{"type":"Feature","geometry":{"coordinates":[[-6.584848,53.365748],[-6.584888,53.365752],[-6.58552,53.365813],[-6.585601,53.36582],[-6.585528,53.366083],[-6.585525,53.366146],[-6.586916,53.366171],[-6.587917,53.366186],[-6.588838,53.366202],[-6.588948,53.366204],[-6.589058,53.366232],[-6.589128,53.366234],[-6.589215,53.366237],[-6.589287,53.366221],[-6.589353,53.366222],[-6.589511,53.36621],[-6.58981,53.366136],[-6.589968,53.366047],[-6.590249,53.365806],[-6.590386,53.365596],[-6.590431,53.365553],[-6.590621,53.365562],[-6.59075,53.365603],[-6.590804,53.365642],[-6.59089,53.365675],[-6.590991,53.365688],[-6.591107,53.365725],[-6.591257,53.36581],[-6.591299,53.365914],[-6.591323,53.366122],[-6.591277,53.366683],[-6.591274,53.366796],[-6.591251,53.367314],[-6.591217,53.367553],[-6.591211,53.367656],[-6.591165,53.368273],[-6.591132,53.368544],[-6.590931,53.369334],[-6.590907,53.369468],[-6.590897,53.369528],[-6.590783,53.369918],[-6.590722,53.370082],[-6.590625,53.370293],[-6.590588,53.370363],[-6.590516,53.370469],[-6.590511,53.370479],[-6.59043,53.370645],[-6.590355,53.370799],[-6.590298,53.370913],[-6.590192,53.37094],[-6.589631,53.371959],[-6.589482,53.372252],[-6.589414,53.37232],[-6.589376,53.372353],[-6.589315,53.372467],[-6.589302,53.372515],[-6.589294,53.372598],[-6.588636,53.373772],[-6.58852,53.373983],[-6.588467,53.374068],[-6.588285,53.374406],[-6.588197,53.374577],[-6.588105,53.374748],[-6.588016,53.374902],[-6.58793,53.374986],[-6.587895,53.375055],[-6.587825,53.37517],[-6.587792,53.375237],[-6.58775,53.375318],[-6.587701,53.375495],[-6.587634,53.375618],[-6.58745,53.376106],[-6.587381,53.376391],[-6.587358,53.376609],[-6.587348,53.376878],[-6.587345,53.377193],[-6.587361,53.377298],[-6.587417,53.377646],[-6.587449,53.377806],[-6.587414,53.377807],[-6.587073,53.377813],[-6.58679,53.377818]],"type":"LineString"},"properties":{"hex_id":"89182c1ae77ffff","service":"GP","dest_id":"4","dest_name":"Park Lodge Medical","walk_min":23.34,"distance_m":1939}},{"type":"Feature","geometry":{"coordinates":[[-6.590601,53.373271],[-6.590609,53.373247],[-6.590647,53.373046],[-6.590705,53.372829],[-6.590546,53.372824],[-6.590087,53.372793],[-6.589889,53.372768],[-6.589698,53.372745],[-6.589466,53.372702],[-6.589159,53.373256],[-6.589052,53.373448],[-6.588958,53.373618],[-6.58893,53.373666],[-6.588808,53.373894],[-6.58879,53.373927],[-6.588595,53.374296],[-6.58855,53.374369],[-6.588231,53.374943],[-6.588042,53.375288],[-6.587883,53.375588],[-6.587822,53.375731],[-6.587736,53.375988],[-6.587669,53.376173],[-6.587624,53.376341],[-6.587576,53.376668],[-6.587566,53.376876],[-6.587582,53.377111],[-6.587473,53.377117],[-6.587518,53.37751],[-6.587567,53.377766],[-6.587572,53.377807],[-6.587449,53.377806],[-6.587414,53.377807],[-6.587073,53.377813],[-6.58679,53.377818]],"type":"LineString"},"properties":{"hex_id":"89182c1ae57ffff","service":"GP","dest_id":"4","dest_name":"Park Lodge Medical","walk_min":9.35,"distance_m":780}},{"type":"Feature","geometry":{"coordinates":[[-6.588834,53.395704],[-6.588703,53.395718],[-6.588437,53.395717],[-6.584715,53.395353],[-6.583417,53.395224],[-6.582527,53.395136],[-6.582058,53.395096],[-6.581799,53.395063],[-6.581653,53.395022],[-6.581547,53.39498],[-6.581454,53.394937],[-6.581192,53.394785],[-6.580931,53.394685],[-6.58,53.394369],[-6.578823,53.393964],[-6.577176,53.393389],[-6.575613,53.392868],[-6.575542,53.392845],[-6.575588,53.392782],[-6.575631,53.392686],[-6.575735,53.392355],[-6.575842,53.392043],[-6.575934,53.39177],[-6.576041,53.391471],[-6.576258,53.390831],[-6.57631,53.390667],[-6.576491,53.390095],[-6.576745,53.389099],[-6.576806,53.388824],[-6.576902,53.388457],[-6.576947,53.388357],[-6.576943,53.388217],[-6.576903,53.388187],[-6.57688,53.388151],[-6.576736,53.387926],[-6.576561,53.387732],[-6.576095,53.387152],[-6.576085,53.38714],[-6.575453,53.386349],[-6.575328,53.386194],[-6.575399,53.386173],[-6.577023,53.385682],[-6.577468,53.385554],[-6.578466,53.385268],[-6.580431,53.384687],[-6.58099,53.384518],[-6.581785,53.384292],[-6.582691,53.38403],[-6.583201,53.383883],[-6.583674,53.383739],[-6.584245,53.383565],[-6.58488,53.383379],[-6.585439,53.38321],[-6.586123,53.383002],[-6.586771,53.382816],[-6.587493,53.3826],[-6.58834,53.382363],[-6.588496,53.382319],[-6.588515,53.382313],[-6.588547,53.382351],[-6.588589,53.382382],[-6.588625,53.382397],[-6.588657,53.382406],[-6.588681,53.382413],[-6.588724,53.382425],[-6.588731,53.382437],[-6.588842,53.382405],[-6.588891,53.382394],[-6.588853,53.382347],[-6.588836,53.38232],[-6.588843,53.382307],[-6.588887,53.382249],[-6.589443,53.382087],[-6.589874,53.381953],[-6.590148,53.381873]],"type":"LineString"},"properties":{"hex_id":"89182c1a15bffff","service":"GP","dest_id":"1","dest_name":"Maynooth Medical","walk_min":34.26,"distance_m":2855}},{"type":"Feature","geometry":{"coordinates":[[-6.60167,53.396446],[-6.601472,53.396091],[-6.60145,53.39605],[-6.60127,53.395722],[-6.60092,53.395059],[-6.600571,53.394453],[-6.600025,53.393506],[-6.599935,53.393346],[-6.599818,53.393149],[-6.599788,53.39309],[-6.59965,53.393131],[-6.599601,53.393147],[-6.599549,53.393083],[-6.599587,53.393068],[-6.599601,53.393059],[-6.599607,53.393048],[-6.599612,53.393036],[-6.599617,53.393023],[-6.599594,53.392941],[-6.5994,53.392506],[-6.599344,53.392425],[-6.599167,53.3921],[-6.598825,53.391447],[-6.598797,53.391404],[-6.598582,53.391073],[-6.598364,53.390666],[-6.598215,53.390388],[-6.59792,53.389841],[-6.597633,53.389262],[-6.597544,53.389108],[-6.597416,53.388885],[-6.597346,53.388763],[-6.597235,53.388595],[-6.597134,53.388398],[-6.597079,53.388288],[-6.596926,53.387989],[-6.596915,53.387966],[-6.596513,53.387286],[-6.596235,53.386752],[-6.595918,53.386174],[-6.595774,53.385889],[-6.59573,53.385851],[-6.595682,53.38577],[-6.595587,53.385607],[-6.595518,53.38549],[-6.595462,53.38539],[-6.595181,53.384892],[-6.595028,53.384616],[-6.594915,53.384439],[-6.594666,53.383991],[-6.594609,53.383893],[-6.594445,53.383613],[-6.594386,53.383469],[-6.594162,53.383085],[-6.594131,53.383031],[-6.594189,53.383022],[-6.594345,53.382995],[-6.594251,53.382845],[-6.594201,53.382794],[-6.594197,53.38272],[-6.594227,53.382688],[-6.593985,53.382634],[-6.593915,53.382574],[-6.593805,53.382443],[-6.593721,53.382343],[-6.593625,53.382225]],"type":"LineString"},"properties":{"hex_id":"89182c1a39bffff","service":"GP","dest_id":"2","dest_name":"Manor Mills Medical","walk_min":20.63,"distance_m":1716}},{"type":"Feature","geometry":{"coordinates":[[-6.58256,53.37103],[-6.58369,53.371912],[-6.583998,53.372152],[-6.584367,53.372455],[-6.584468,53.37253],[-6.584789,53.37277],[-6.585108,53.373033],[-6.585232,53.373135],[-6.586314,53.373963],[-6.58638,53.374014],[-6.586485,53.374095],[-6.586529,53.374128],[-6.58755,53.374913],[-6.587695,53.374993],[-6.58779,53.375029],[-6.587895,53.375055],[-6.587825,53.37517],[-6.587792,53.375237],[-6.58775,53.375318],[-6.587701,53.375495],[-6.587634,53.375618],[-6.58745,53.376106],[-6.587381,53.376391],[-6.587358,53.376609],[-6.587348,53.376878],[-6.587345,53.377193],[-6.587361,53.377298],[-6.587417,53.377646],[-6.587449,53.377806],[-6.587414,53.377807],[-6.587073,53.377813],[-6.58679,53.377818]],"type":"LineString"},"properties":{"hex_id":"89182c1ae03ffff","service":"GP","dest_id":"4","dest_name":"Park Lodge Medical","walk_min":11.17,"distance_m":928}},{"type":"Feature","geometry":{"coordinates":[[-6.567646,53.380274],[-6.567728,53.380278],[-6.568149,53.380327],[-6.568609,53.380398],[-6.568809,53.380438],[-6.569019,53.38049],[-6.569505,53.380555],[-6.569729,53.380618],[-6.569803,53.380639],[-6.569887,53.380671],[-6.569969,53.380692],[-6.570049,53.38071],[-6.570409,53.380813],[-6.570543,53.380872],[-6.570718,53.380943],[-6.570899,53.381019],[-6.57096,53.381077],[-6.57105,53.381153],[-6.571167,53.381289],[-6.571266,53.381396],[-6.571309,53.381445],[-6.571443,53.381606],[-6.571644,53.381856],[-6.571715,53.381953],[-6.571864,53.382138],[-6.57194,53.382219],[-6.572005,53.382287],[-6.572061,53.382367],[-6.572104,53.382425],[-6.572138,53.382486],[-6.57229,53.382774],[-6.572318,53.382806],[-6.572374,53.382877],[-6.572432,53.382971],[-6.572562,53.383141],[-6.572624,53.383221],[-6.572659,53.383265],[-6.572743,53.383369],[-6.572847,53.383502],[-6.572931,53.383616],[-6.572989,53.383676],[-6.573082,53.38377],[-6.573149,53.38384],[-6.573276,53.383977],[-6.573367,53.384079],[-6.573421,53.38414],[-6.573505,53.384233],[-6.573585,53.384294],[-6.573654,53.384359],[-6.573816,53.38455],[-6.573971,53.384742],[-6.574086,53.384882],[-6.57417,53.384984],[-6.574263,53.385098],[-6.574356,53.385221],[-6.574431,53.385338],[-6.574496,53.385465],[-6.574509,53.385575],[-6.574509,53.385623],[-6.574477,53.385656],[-6.574444,53.385723],[-6.574362,53.385866],[-6.574461,53.385936],[-6.574606,53.386107],[-6.574769,53.386335],[-6.575206,53.386232],[-6.575328,53.386194],[-6.575399,53.386173],[-6.577023,53.385682],[-6.577468,53.385554],[-6.578466,53.385268],[-6.580431,53.384687],[-6.58099,53.384518],[-6.581785,53.384292],[-6.582691,53.38403],[-6.583201,53.383883],[-6.583674,53.383739],[-6.584245,53.383565],[-6.58488,53.383379],[-6.585439,53.38321],[-6.586123,53.383002],[-6.586771,53.382816],[-6.587493,53.3826],[-6.58834,53.382363],[-6.588496,53.382319],[-6.588515,53.382313],[-6.588547,53.382351],[-6.588589,53.382382],[-6.588625,53.382397],[-6.588657,53.382406],[-6.588681,53.382413],[-6.588724,53.382425],[-6.588731,53.382437],[-6.588842,53.382405],[-6.588891,53.382394],[-6.588853,53.382347],[-6.588836,53.38232],[-6.588843,53.382307],[-6.588887,53.382249],[-6.589443,53.382087],[-6.589874,53.381953],[-6.590148,53.381873]],"type":"LineString"},"properties":{"hex_id":"89182c1a12fffff","service":"GP","dest_id":"1","dest_name":"Maynooth Medical","walk_min":24.65,"distance_m":2054}}]}